tree
version=v4
num_class=1
num_tree_per_iteration=1
label_index=0
max_feature_idx=26
objective=regression
feature_names=latitude longitude pm25_lag_1h pm25_lag_3h pm25_lag_6h pm25_lag_12h pm25_lag_24h pm25_roll_mean_3h pm25_roll_median_3h pm25_roll_mean_6h pm25_roll_median_6h pm25_roll_mean_24h pm25_roll_median_24h temperature_2m relative_humidity_2m wind_speed_10m wind_direction_10m wind_u wind_v surface_pressure boundary_layer_height hour_sin hour_cos day_of_week_sin day_of_week_cos month_sin month_cos
feature_infos=none none [43:442] [51:442] [51:442] [51:442] [66:431] [57.75:407] [54:408] [64:373.57000732421875] [66:370] [79.5:357] [80.5:357] [7.8000001907348633:22.799999237060547] [40:100] [0.05000000074505806:3.9100000858306885] [2:360] [-3.5499999523162842:2.9500000476837158] [-2.1099998950958252:1.8400000333786011] [986.79998779296875:997.70001220703125] [10:1295] [-1:1] [-1:1] [-0.97492998838424683:0.97492998838424683] [-0.9009699821472168:1] none none
tree_sizes=1096 1050 1114 1039 1121 1204 1121 962 1199 958 1124 1207 1044 1135 1046 1204 1044 1044 1126 1046 965 1205 1213 884 1047 1050 1124 1207 1043 1049 1135 1134 975 1049 1139 965 1045 964 1051 961 970 963 970 1055 891 976 1042 814 961 1058 894 894 813 1054 970 974 1129 887 814 891 1137 883 976 970 885 808 813 892 968 816 818 889 889 1059 891 977 979 729 732 886 812 731 898 1147 1140 815 1133 977 1138 1221 1052 980 903 905 983 815 894 653 729 900 818 821 904 729 730 899 976 732 733 571 734 573 892 729 656 737 981 891 730 734 569 1059 651 979 573 736 817 654 742 822 575 572 1058 893 983 572 818 573 572 818 987 655 659 821 825 820 729 819 817 814

Tree=0
num_leaves=12
num_cat=0
split_feature=7 7 15 14 17 22 15 13 7 15 12
split_gain=1.11826e+06 241486 179972 80002.2 55367.4 46354 39742.8 32916.3 21954.6 13459.3 10755.9
threshold=212.37500000000003 165.37500000000003 1.1549999713897707 62.500000000000007 -0.28000000119209284 1.0000000180025095e-35 1.6549999713897707 9.9499998092651385 131.00000000000003 0.74500000476837169 188.25000000000003
decision_type=10 8 8 10 10 2 10 8 10 10 10
left_child=1 3 4 -1 -2 -4 7 -3 -5 -6 -8
right_child=2 6 5 8 9 -7 10 -9 -10 -11 -12
leaf_value=184.99187884481231 193.01361785962149 187.83111798157685 190.27741110422193 186.46778465857497 191.716117947632 188.56611797773979 187.11411798339478 189.16639575414749 187.1466368307498 190.66236793240301 188.05611797161168
leaf_weight=23 21 24 29 72 20 28 20 54 106 24 24
leaf_count=23 21 24 29 72 20 28 20 54 106 24 24
internal_value=188.22 187.296 190.667 186.657 191.746 189.437 188.349 188.756 186.872 191.141 187.628
internal_weight=445 323 122 201 65 57 122 78 178 44 44
internal_count=445 323 122 201 65 57 122 78 178 44 44
is_linear=0
shrinkage=1


Tree=1
num_leaves=11
num_cat=0
split_feature=7 15 7 14 22 6 22 21 15 12
split_gain=1.05295e+06 197947 185036 68639.1 42578.5 39835.6 38669.5 19735.7 19149.8 17621
threshold=204.62500000000003 1.1549999713897707 158.12500000000003 62.500000000000007 1.0000000180025095e-35 177.50000000000003 -1.0000000180025095e-35 -1.0000000180025095e-35 1.5950000286102297 159.50000000000003
decision_type=10 8 8 10 2 10 2 2 8 8
left_child=2 5 3 -1 -3 -2 8 -5 -4 -8
right_child=1 4 6 7 -6 -7 9 -9 -10 -11
leaf_value=-3.1314955902099606 2.6526045198241865 1.7497125966732319 0.99762700542326899 -0.94307635060053752 0.29724617518922863 4.1197128886561236 -1.2150457298755646 -1.6362346522013347 -0.15968207944523202 -0.21594092149921554
leaf_weight=23 36 39 31 59 34 31 24 99 22 47
leaf_count=23 36 39 31 59 34 31 24 99 22 47
internal_value=5.69342e-10 2.15393 -0.988689 -1.60029 1.07322 3.33142 -0.0959427 -1.3774 0.517235 -0.553666
internal_weight=445 140 305 181 73 67 124 158 53 71
internal_count=445 140 305 181 73 67 124 158 53 71
is_linear=0
shrinkage=0.03


Tree=2
num_leaves=12
num_cat=0
split_feature=7 7 15 14 22 15 6 3 2 2 12
split_gain=992656 213312 158994 70779.8 41354.8 35608.2 30330.1 29486.4 24482.6 22448.4 9872.64
threshold=212.37500000000003 165.37500000000003 1.1549999713897707 62.500000000000007 1.0000000180025095e-35 1.6549999713897707 192.50000000000003 190.50000000000003 125.50000000000001 297.50000000000006 188.25000000000003
decision_type=10 8 8 10 2 10 10 10 10 10 10
left_child=1 3 6 -1 -4 7 9 -3 -5 -2 -7
right_child=2 5 4 8 -6 10 -8 -9 -10 -11 -12
leaf_value=-3.0375505928371265 2.096642572402954 1.0869983260448162 1.9429794073104858 -1.756339511949508 0.32659908094576423 -1.055900940656662 4.1393721153259273 -0.079582740893730755 -1.0150259962181249 3.5180350677967067 -0.15340854762122033
leaf_weight=23 20 39 29 61 28 20 25 39 117 20 24
leaf_count=23 20 39 29 61 28 20 25 39 117 20 24
internal_value=2.71636e-09 -0.870802 2.30548 -1.47143 1.14897 0.118765 3.31966 0.503708 -1.26907 2.80734 -0.563632
internal_weight=445 323 122 201 57 122 65 78 178 40 44
internal_count=445 323 122 201 57 122 65 78 178 40 44
is_linear=0
shrinkage=0.03


Tree=3
num_leaves=11
num_cat=0
split_feature=2 2 2 15 14 15 8 11 17 20
split_gain=901805 205531 107613 78677.8 55138.5 42894.6 32559.3 19868.6 18051.7 13743.9
threshold=211.50000000000003 150.50000000000003 253.00000000000003 1.0649999976158144 62.500000000000007 1.7050000429153445 157.25000000000003 179.15999603271487 0.77000001072883617 77.500000000000014
decision_type=10 8 10 8 10 10 8 10 8 10
left_child=1 4 -2 -4 -1 6 -3 -7 -5 -6
right_child=2 5 3 8 9 7 -8 -9 -10 -11
leaf_value=-2.946424051367718 0.9431975396779867 -0.78853077006340022 3.8794068702491553 2.5656579122854315 -0.63188382267951959 -1.2902485654183795 0.55988404822098203 -0.22472018457949161 1.3333039355278014 -1.4834173404232696
leaf_weight=23 39 20 37 23 20 28 83 36 20 116
leaf_count=23 39 20 37 23 20 28 83 36 20 116
internal_value=4.35985e-09 -0.815948 2.23529 2.86518 -1.58794 -0.0809409 0.298056 -0.690889 1.99247 -1.35819
internal_weight=445 326 119 80 159 167 103 64 43 136
internal_count=445 326 119 80 159 167 103 64 43 136
is_linear=0
shrinkage=0.03


Tree=4
num_leaves=12
num_cat=0
split_feature=7 7 15 13 17 22 15 13 2 15 12
split_gain=881435 188522 144244 59384.5 48944.3 37953.7 31549.1 28706 27352.9 12762 8748.29
threshold=212.37500000000003 165.37500000000003 1.1549999713897707 19.149999618530277 -0.28000000119209284 1.0000000180025095e-35 1.6549999713897707 9.9499998092651385 125.50000000000001 0.74500000476837169 188.25000000000003
decision_type=10 8 8 10 10 2 10 8 10 10 10
left_child=1 3 4 8 -2 -4 7 -3 -1 -6 -8
right_child=2 6 5 -5 9 -7 10 -9 -10 -11 -12
leaf_value=-1.7130689003354027 4.3300809151785709 -0.39121797397732733 1.8315864234135069 -2.8949084254673547 3.1294423871040342 0.28309852666088514 -0.99599336886405931 0.85574061347378627 -0.93772240009182728 2.1033498120307925 -0.14644436866044996
leaf_weight=63 21 24 29 21 20 28 20 54 117 24 24
leaf_count=63 21 24 29 21 20 28 20 54 117 24 24
internal_value=-3.29129e-09 -0.820569 2.17249 -1.38522 3.13848 1.07093 0.109723 0.472061 -1.20909 2.56976 -0.532603
internal_weight=445 323 122 201 65 57 122 78 180 44 44
internal_count=445 323 122 201 65 57 122 78 180 44 44
is_linear=0
shrinkage=0.03


Tree=5
num_leaves=13
num_cat=0
split_feature=7 15 7 14 17 22 22 22 11 19 15 12
split_gain=829987 158239 145090 54809.3 48570.3 47801.6 33392.9 26287.3 18581.3 18055 15199.2 14365.7
threshold=204.62500000000003 1.1749999523162844 158.12500000000003 68.500000000000014 -0.28000000119209284 1.0000000180025095e-35 -1.0000000180025095e-35 -0.37940999865531916 135.34000396728518 993.14999389648449 1.5950000286102297 159.50000000000003
decision_type=10 8 8 10 10 2 2 2 10 10 8 8
left_child=2 4 3 8 -2 -3 10 -5 -1 -6 -4 -8
right_child=1 5 6 7 9 -7 11 -9 -10 -11 -12 -13
leaf_value=-3.0011643848419189 4.004657413959503 1.6235610075899072 0.91052788242217031 -0.48076693217928818 1.8398444106843734 0.04015893783420324 -1.1097819697856901 -1.3911095477989379 -1.7848764170133151 3.0290909557342527 -0.12051791659810325 -0.20767287908716403
leaf_weight=20 24 37 31 41 27 32 24 94 26 20 22 47
leaf_count=20 24 37 31 41 27 32 24 94 26 20 22 47
internal_value=1.74394e-09 1.91233 -0.877791 -1.41937 2.90661 0.88923 -0.0872615 -1.11464 -2.3137 2.34591 0.482547 -0.512611
internal_weight=445 140 305 181 71 69 124 135 46 47 53 71
internal_count=445 140 305 181 71 69 124 135 46 47 53 71
is_linear=0
shrinkage=0.03


Tree=6
num_leaves=12
num_cat=0
split_feature=7 7 15 14 22 2 4 23 10 5 21
split_gain=782524 166683 128219 52305.1 39098.4 34072 28169.9 34522.6 18130.8 17697.5 17050.4
threshold=212.37500000000003 158.12500000000003 1.1549999713897707 62.500000000000007 -1.0000000180025095e-35 259.00000000000006 195.50000000000003 1.0000000180025095e-35 173.50000000000003 188.50000000000003 -1.0000000180025095e-35
decision_type=10 8 8 10 2 8 10 2 10 8 2
left_child=1 3 6 -1 8 -4 -2 -8 -3 -6 -5
right_child=2 4 5 10 9 -7 7 -9 -10 -11 -12
leaf_value=-2.7134404887323793 3.8945192556381221 1.3051566975116731 0.17857156670093535 -0.77851848442675697 -1.0337019270041894 1.6567011481896041 1.7640906205773352 3.4296645654950821 0.20770428410598207 -0.1055089658498764 -1.4227971930485783
leaf_weight=23 20 20 25 59 29 32 24 21 42 51 99
leaf_count=23 20 20 25 59 29 32 24 21 42 51 99
internal_value=-3.14833e-09 -0.773159 2.04697 -1.37679 -0.00374366 1.0084 2.95772 2.54136 0.561721 -0.441979 -1.18221
internal_weight=445 323 122 181 142 57 65 45 62 80 158
internal_count=445 323 122 181 142 57 65 45 62 80 158
is_linear=0
shrinkage=0.03


Tree=7
num_leaves=10
num_cat=0
split_feature=2 2 17 14 17 5 2 13 11
split_gain=710635 232842 57966.6 57324.5 39942.1 31994.2 21429.6 17440.3 13180.7
threshold=253.00000000000003 166.50000000000003 0.85500001907348644 62.500000000000007 1.2699999809265139 218.00000000000003 125.50000000000001 9.9499998092651385 187.09999847412112
decision_type=10 8 8 10 10 10 10 8 10
left_child=1 3 5 -1 7 -2 -5 -3 -6
right_child=2 4 -4 6 8 -7 -8 -9 -10
leaf_value=-2.632037300441576 3.6327769963881544 -0.082416248528853708 1.1620393676161767 -1.5099921286553144 -0.90539116245249041 2.2347787445783616 -0.82025526200294485 0.85239122682591761 0.056287252491918099
leaf_weight=23 34 23 20 60 23 26 125 82 29
leaf_count=23 34 23 20 60 23 26 125 82 29
internal_value=-7.23292e-10 -0.561259 2.56074 -1.21956 0.310884 3.02698 -1.04395 0.647624 -0.369071
internal_weight=445 365 80 208 157 60 185 105 52
internal_count=445 365 80 208 157 60 185 105 52
is_linear=0
shrinkage=0.03


Tree=8
num_leaves=13
num_cat=0
split_feature=7 7 7 14 3 5 7 22 22 11 5 3
split_gain=696442 120686 76409.1 46935.7 43687.7 41873.3 30216.1 28186.8 24464.1 16784.8 13438.2 9846.97
threshold=204.62500000000003 158.12500000000003 270.62500000000006 68.500000000000014 249.00000000000003 218.00000000000003 230.12500000000003 -1.0000000180025095e-35 -0.37940999865531916 135.34000396728518 260.50000000000006 188.50000000000003
decision_type=10 8 10 10 8 8 10 2 2 10 8 8
left_child=1 3 4 9 6 -4 -2 11 -5 -1 -9 -3
right_child=2 7 5 8 -6 -7 -8 10 -10 -11 -12 -13
leaf_value=-2.7790062532424926 0.99283341700511585 0.7849017352730997 3.2727607204578817 -0.40452407493823911 0.0044091683367024296 1.7607763545302781 2.4884832076616585 -0.75957537889480586 -1.2827315987044192 -1.6230086605365459 0.12235979303069737 -0.044984205934134394
leaf_weight=20 31 31 32 41 23 34 20 48 94 26 23 22
leaf_count=20 31 31 32 41 23 34 20 48 94 26 23 22
internal_value=1.76855e-09 -0.804078 1.75174 -1.29801 1.08985 2.49386 1.57936 -0.083089 -1.01602 -2.12562 -0.473878 0.440421
internal_weight=445 305 140 181 74 66 51 124 135 46 71 53
internal_count=445 305 140 181 74 66 51 124 135 46 71 53
is_linear=0
shrinkage=0.03


Tree=9
num_leaves=10
num_cat=0
split_feature=8 8 15 14 15 20 6 22 5
split_gain=616494 155877 73067.7 56016.8 32532.9 26218.4 22961.3 21418.5 19785
threshold=219.00000000000003 173.75000000000003 1.1549999713897707 62.500000000000007 0.82499998807907116 77.500000000000014 177.50000000000003 1.0000000180025095e-35 131.50000000000003
decision_type=10 8 8 10 10 10 10 2 10
left_child=1 3 6 -1 -3 -5 -2 -4 -6
right_child=2 4 7 5 8 -7 -8 -9 -10
leaf_value=-2.4847841113546623 2.1033206690847872 1.2460537695407867 1.6842610645294189 -0.22347320868418766 -0.81019205832481378 -1.088371949315071 3.2688164663314816 0.40079750191081653 0.268820721415373
leaf_weight=23 32 25 25 39 20 165 29 22 65
leaf_count=23 32 25 25 39 20 165 29 22 65
internal_value=-1.76001e-09 -0.632125 1.97246 -1.08126 0.294735 -0.923024 2.65741 1.08349 0.0149354
internal_weight=445 337 108 227 110 204 61 47 85
internal_count=445 337 108 227 110 204 61 47 85
is_linear=0
shrinkage=0.03


Tree=10
num_leaves=12
num_cat=0
split_feature=7 7 15 14 17 22 15 3 7 15 11
split_gain=619758 132072 107161 45058.3 40158.3 29151 24558.5 24333.6 15265.5 10896.3 4698.65
threshold=212.37500000000003 165.37500000000003 1.1549999713897707 62.500000000000007 -0.28000000119209284 1.0000000180025095e-35 1.6549999713897707 190.50000000000003 131.00000000000003 0.74500000476837169 187.68000030517581
decision_type=10 8 8 10 10 2 10 10 10 10 10
left_child=1 3 4 -1 -2 -4 7 -3 -5 -6 -8
right_child=2 6 5 8 9 -7 10 -9 -10 -11 -12
leaf_value=-2.4102407007632047 3.7336626924787248 0.94014784464469314 1.5388591562057363 -1.3363176379228632 2.6563041429519649 0.18177302330732345 -0.80056969846997939 -0.11961222687592872 -0.77025132597617374 1.7081775768846272 -0.1799001011641129
leaf_weight=23 21 39 29 72 20 28 21 39 106 24 23
leaf_count=23 21 39 29 72 20 28 21 39 106 24 23
internal_value=-4.66122e-09 -0.688068 1.82169 -1.16068 2.6543 0.87222 0.0905838 0.410268 -0.999222 2.13914 -0.476129
internal_weight=445 323 122 201 65 57 122 78 178 44 44
internal_count=445 323 122 201 65 57 122 78 178 44 44
is_linear=0
shrinkage=0.03


Tree=11
num_leaves=13
num_cat=0
split_feature=7 15 2 22 14 2 22 5 11 15 12 11
split_gain=583990 116308 103814 37726.9 36348.1 33470.9 30473.8 15660.5 14383.7 13949.3 10838.7 10249.1
threshold=204.62500000000003 1.1749999523162844 150.50000000000003 1.0000000180025095e-35 68.500000000000014 253.00000000000003 -1.0000000180025095e-35 202.50000000000003 135.34000396728518 0.72500002384185802 187.75000000000003 166.84499359130862
decision_type=10 8 10 2 8 10 2 8 10 10 10 10
left_child=2 5 4 -3 8 -2 11 -6 -1 -7 -8 -4
right_child=1 3 6 -5 7 9 10 -9 -10 -11 -12 -13
leaf_value=-2.5696808567047116 1.4163736026585103 1.3793302409068957 0.83912602230906486 -0.027349944803863761 -1.131458215061383 3.4118529833918032 -0.86316680192947393 -0.2278734254837036 -1.499558513347919 2.4147505170106887 -0.1537826253970464 0.051178280848723189
leaf_weight=20 20 37 24 32 97 23 42 21 26 28 36 39
leaf_count=20 20 37 24 32 97 23 42 21 26 28 36 39
internal_value=-9.34102e-09 1.60409 -0.736305 0.726957 -1.24951 2.45652 -0.139392 -0.970651 -1.96483 2.86442 -0.535759 0.351349
internal_weight=445 140 305 69 164 71 141 118 46 51 78 63
internal_count=445 140 305 69 164 71 141 118 46 51 78 63
is_linear=0
shrinkage=0.03


Tree=12
num_leaves=11
num_cat=0
split_feature=7 7 17 2 13 22 5 11 2 5
split_gain=549844 117804 73100.7 52375.8 38734.9 29573.9 26758.4 21593.2 17396.7 15009.1
threshold=212.37500000000003 158.12500000000003 0.92499998211860668 253.00000000000003 19.149999618530277 -1.0000000180025095e-35 218.00000000000003 175.504997253418 113.50000000000001 188.50000000000003
decision_type=10 8 8 10 10 2 10 10 10 8
left_child=1 4 3 -2 8 7 -5 -3 -1 -7
right_child=2 5 -4 6 -6 9 -8 -9 -10 -11
leaf_value=-1.6346924981763284 1.0541662974082506 1.3018528676312415 0.55807709281785145 3.2037483705793108 -2.3669484083993093 -0.92732736554639095 1.9331882572174071 0.10418670564889908 -0.84321535670133529 -0.072536298667683324
leaf_weight=31 26 20 35 35 21 29 26 42 129 51
leaf_count=31 26 20 35 35 21 29 26 42 129 51
internal_value=-2.78242e-09 -0.648096 1.71586 2.18164 -1.15556 -0.00126018 2.6622 0.490531 -0.996564 -0.382398
internal_weight=445 323 122 87 181 142 61 62 160 80
internal_count=445 323 122 87 181 142 61 62 160 80
is_linear=0
shrinkage=0.03


Tree=13
num_leaves=12
num_cat=0
split_feature=7 7 17 17 6 13 22 22 21 21 6
split_gain=517882 90409.4 69239.1 37546.1 52173.7 36445.7 22047.3 18173.9 14572.4 12404.6 9268.11
threshold=204.62500000000003 158.12500000000003 0.62500000000000011 -1.1750000119209287 188.50000000000003 19.149999618530277 -1.0000000180025095e-35 1.0000000180025095e-35 -1.0000000180025095e-35 0.60355499386787426 207.50000000000003
decision_type=10 8 8 10 10 10 2 2 2 2 8
left_child=1 5 3 -2 -5 8 10 -4 -1 -8 -3
right_child=2 6 7 4 -6 -7 9 -9 -10 -11 -12
leaf_value=-0.5920725699602547 1.060090716934204 0.7829508056077692 1.2613847020626068 1.8048172189593314 3.6514155197143556 -2.2959399972643171 -0.68066905289280166 0.15762914244470924 -1.1854897020712938 0.17682706215164878 -0.010621084983532245
leaf_weight=59 25 27 25 40 21 21 49 29 101 22 26
leaf_count=59 25 27 25 40 21 21 49 29 101 22 26
internal_value=-1.98604e-09 -0.693379 1.51058 2.03924 2.44053 -1.12089 -0.0693473 0.668627 -0.966667 -0.414966 0.393651
internal_weight=445 305 140 86 61 181 124 54 160 71 53
internal_count=445 305 140 86 61 181 124 54 160 71 53
is_linear=0
shrinkage=0.03


Tree=14
num_leaves=11
num_cat=0
split_feature=2 2 17 2 17 5 4 22 12 6
split_gain=481672 151778 42902.5 40128.6 27943.1 24252.1 14637.5 13014.1 9878.59 6779.87
threshold=253.00000000000003 166.50000000000003 0.85500001907348644 113.50000000000001 1.2699999809265139 218.00000000000003 244.00000000000003 -0.37940999865531916 187.75000000000003 122.50000000000001
decision_type=10 8 8 10 10 10 10 2 10 10
left_child=1 3 5 9 6 -2 -3 -5 -6 -1
right_child=2 4 -4 7 8 -7 -8 -9 -10 -11
leaf_value=-2.1983264579772945 3.0367692038592167 0.72692257093666479 0.9049190812110901 -0.36575501386000181 -0.84968992900452578 1.8196146979698766 -0.093711470892796148 -0.95037200635201058 0.00023458248004317283 -1.457266941833496
leaf_weight=20 34 79 20 49 20 26 26 114 32 25
leaf_count=20 34 79 20 49 20 26 26 114 32 25
internal_value=5.64956e-09 -0.462078 2.10823 -0.99357 0.242064 2.50934 0.523718 -0.774628 -0.326659 -1.78663
internal_weight=445 365 80 208 157 60 105 163 52 45
internal_count=445 365 80 208 157 60 105 163 52 45
is_linear=0
shrinkage=0.03


Tree=15
num_leaves=13
num_cat=0
split_feature=7 2 15 17 14 2 20 15 11 13 15 11
split_gain=462097 99454.9 85971.3 39031 30672.1 20478.9 16469.5 16374.8 12701.5 12108.4 11622.6 10741.2
threshold=212.37500000000003 150.50000000000003 1.1749999523162844 -0.28000000119209284 68.500000000000014 268.50000000000006 77.500000000000014 1.7050000429153445 135.34000396728518 10.650000095367433 0.74500000476837169 171.80000305175784
decision_type=10 10 8 10 8 8 10 8 10 10 10 10
left_child=1 4 3 -2 8 -4 -6 9 -1 -3 -5 -9
right_child=2 7 5 10 6 -7 -8 11 -10 -11 -12 -13
leaf_value=-2.3355334682464601 3.2800226460332453 -0.33138939261170369 0.040246851396560666 2.3101418495178221 -0.11388889196244152 1.2215569925308227 -1.0230435540012479 -0.93056607544422143 -1.3299301396883449 0.41147601769486469 1.3481979043667134 -0.12392415101711565
leaf_weight=20 23 28 25 20 22 28 97 24 26 67 26 39
leaf_count=20 23 28 25 20 22 28 97 24 26 67 26 39
internal_value=-9.60874e-10 -0.594137 1.573 2.27096 -1.10927 0.664335 -0.854965 -0.0561813 -1.76715 0.192526 1.76643 -0.431216
internal_weight=445 323 122 69 165 53 119 158 46 95 46 63
internal_count=445 323 122 69 165 53 119 158 46 95 46 63
is_linear=0
shrinkage=0.03


Tree=16
num_leaves=11
num_cat=0
split_feature=7 7 17 2 13 5 22 2 11 11
split_gain=434787 93993.6 59369.9 43114.1 34380.1 23274.6 16940.8 16432 12496.9 10247.2
threshold=212.37500000000003 165.37500000000003 0.92499998211860668 253.00000000000003 19.149999618530277 218.00000000000003 -1.0000000180025095e-35 125.50000000000001 177.31499481201175 187.09999847412112
decision_type=10 8 8 10 10 10 2 10 10 8
left_child=1 4 3 -2 7 -5 8 -1 -3 -8
right_child=2 6 -4 5 -6 -7 9 -9 -10 -11
leaf_value=-1.2316222245352608 0.92263116387220523 1.0589135377407075 0.48241388184683665 2.8866448549543109 -2.1237092808314735 1.701677531829247 -0.71489047408103945 -0.63066992209507866 0.13244902060220115 0.058031877467506807
leaf_weight=63 26 20 35 35 21 26 26 117 38 38
leaf_count=63 26 20 35 35 21 26 26 117 38 38
internal_value=-3.36331e-09 -0.576313 1.52581 1.94557 -0.975017 2.38158 0.0805688 -0.841003 0.45192 -0.255968
internal_weight=445 323 122 87 201 61 122 180 58 64
internal_count=445 323 122 87 201 61 122 180 58 64
is_linear=0
shrinkage=0.03


Tree=17
num_leaves=11
num_cat=0
split_feature=2 2 15 2 15 13 22 15 11 6
split_gain=403433 127611 39879.9 34099.4 33973.9 18363.9 12587.6 10638.4 8061.65 5706.2
threshold=253.00000000000003 166.50000000000003 1.1749999523162844 113.50000000000001 1.6549999713897707 9.9499998092651385 -0.37940999865531916 0.72500002384185802 187.09999847412112 122.50000000000001
decision_type=10 8 8 10 10 8 2 10 10 10
left_child=1 3 7 9 5 -3 -5 -2 -6 -1
right_child=2 4 -4 6 8 -7 -8 -9 -10 -11
leaf_value=-2.0189854774475098 2.9125824159124623 -0.12719131791591645 1.0411676938780423 -0.30629003804253074 -0.89608967355319424 0.7416933227302851 -0.88124735146760935 2.0418161395617895 -0.098769935882091514 -1.3391310962677001
leaf_weight=20 23 30 29 49 21 81 114 28 25 25
leaf_count=20 23 30 29 49 21 81 114 28 25 25
internal_value=3.98012e-09 -0.422888 1.92943 -0.910233 0.222766 0.50686 -0.708407 2.43451 -0.462764 -1.64129
internal_weight=445 365 80 208 157 111 163 51 46 45
internal_count=445 365 80 208 157 111 163 51 46 45
is_linear=0
shrinkage=0.03


Tree=18
num_leaves=12
num_cat=0
split_feature=7 2 2 9 14 13 5 18 14 11 14
split_gain=386471 70932.4 66589.5 26204.8 24867.7 20566.5 16557.7 16425.9 14443.7 10434.8 8530.51
threshold=204.62500000000003 146.50000000000003 253.00000000000003 236.00000000000003 68.500000000000014 10.449999809265138 260.50000000000006 -0.054999999701976769 93.500000000000014 135.34000396728518 90.500000000000014
decision_type=10 10 10 10 8 10 10 10 10 10 10
left_child=1 4 3 -2 9 -4 10 -7 -6 -1 -3
right_child=2 6 5 -5 8 7 -8 -9 -10 -11 -12
leaf_value=-2.1696790795326231 1.0613399221499762 -0.11816268686895016 1.1143090510368348 -0.21842600997537373 -0.57453278236712013 1.6009203366279601 0.48400314950942985 2.6272303126752377 -1.3247865974201876 -1.2418491458892822 -0.63707617201757705
leaf_weight=20 36 81 23 24 72 25 30 32 34 24 44
leaf_count=20 36 81 23 24 72 25 30 32 34 24 44
internal_value=-2.02572e-09 -0.598982 1.30492 0.549434 -1.06405 1.87154 -0.148919 2.17709 -0.81518 -1.66359 -0.30082
internal_weight=445 305 140 60 150 80 155 57 106 44 125
internal_count=445 305 140 60 150 80 155 57 106 44 125
is_linear=0
shrinkage=0.03


Tree=19
num_leaves=11
num_cat=0
split_feature=7 7 15 13 6 2 15 9 2 12
split_gain=364595 79714.2 74022.6 29953.4 25664.8 18315.9 17546.8 18143.5 14007.6 6249.1
threshold=212.37500000000003 165.37500000000003 1.1549999713897707 19.149999618530277 177.50000000000003 259.00000000000006 1.6549999713897707 175.71500396728518 125.50000000000001 188.25000000000003
decision_type=10 8 8 10 10 8 10 10 10 10
left_child=1 3 4 8 -2 -4 7 -3 -1 -8
right_child=2 6 5 -5 -6 -7 9 -9 -10 -11
leaf_value=-1.1304824163800193 1.5200140949207193 1.1012157000814164 -0.00030785200595855711 -1.9671113422938755 2.7135259271437122 1.0834386316314339 -0.79348985981941211 0.069686023545892622 -0.57563173077045338 -0.075471472814679141
leaf_weight=63 34 21 25 21 31 32 20 57 117 24
leaf_count=63 34 21 25 21 31 32 20 57 117 24
internal_value=1.03471e-09 -0.527747 1.39723 -0.894919 2.08923 0.608111 0.0771846 0.347406 -0.769829 -0.401843
internal_weight=445 323 122 201 65 57 122 78 180 44
internal_count=445 323 122 201 65 57 122 78 180 44
is_linear=0
shrinkage=0.03


Tree=20
num_leaves=10
num_cat=0
split_feature=2 2 15 15 14 22 15 22 5
split_gain=337642 107648 35945.8 30654 22979 22295.4 18300.7 16780.7 9292.53
threshold=253.00000000000003 150.50000000000003 1.0049999952316286 0.82499998807907116 62.500000000000007 -0.37940999865531916 0.61000001430511486 -1.0000000180025095e-35 203.50000000000003
decision_type=10 8 8 10 10 2 8 2 8
left_child=1 4 -2 6 -1 -5 -3 -4 -6
right_child=2 3 7 5 8 -7 -8 -9 -10
leaf_value=-1.8502868445023244 2.4861690418379645 0.19204900950193404 1.7461871027946472 0.39075701012330893 -0.93095373422166572 -0.3681015716899525 1.4047300827503204 0.58495957987649094 -0.2446772619656154
leaf_weight=23 35 24 24 51 115 110 21 21 21
leaf_count=23 35 24 24 51 115 110 21 21 21
internal_value=3.02175e-09 -0.386873 1.76511 0.065757 -0.973299 -0.127718 0.757967 1.20428 -0.824985
internal_weight=445 365 80 206 159 161 45 45 136
internal_count=445 365 80 206 159 161 45 45 136
is_linear=0
shrinkage=0.03


Tree=21
num_leaves=13
num_cat=0
split_feature=7 2 2 17 3 14 22 5 5 11 5 11
split_gain=325244 59187.3 55020.4 32934.5 30508 22686.7 22007.5 19725.2 14177.5 9807.29 8732.05 8235.04
threshold=204.62500000000003 149.50000000000003 253.00000000000003 0.85500001907348644 218.00000000000003 68.500000000000014 -1.0000000180025095e-35 218.00000000000003 202.50000000000003 135.34000396728518 260.50000000000006 166.84499359130862
decision_type=10 10 10 8 8 8 2 10 8 10 8 10
left_child=1 5 4 7 -2 9 11 -4 -7 -1 -8 -3
right_child=2 6 3 -5 -6 8 10 -9 -10 -11 -12 -13
leaf_value=-2.0154806556701659 1.3107868888378142 0.71136090682103081 2.5392535804299747 0.65785833142697814 -0.061357998477561126 -0.88378649890422822 -0.63946453787129498 1.4415581708688001 -0.020764908790588378 -1.1241946517944335 0.051322156657343326 0.022086981288515602
leaf_weight=20 25 26 34 20 35 93 58 26 21 25 23 39
leaf_count=20 25 26 34 20 35 93 58 26 21 25 23 39
internal_value=-3.49842e-09 -0.54949 1.1971 1.71215 0.510369 -0.949954 -0.113368 2.06359 -0.724809 -1.52032 -0.443315 0.297797
internal_weight=445 305 140 80 60 159 146 60 114 45 81 65
internal_count=445 305 140 80 60 159 146 60 114 45 81 65
is_linear=0
shrinkage=0.03


Tree=22
num_leaves=13
num_cat=0
split_feature=7 7 15 17 22 2 22 3 15 3 12 16
split_gain=306848 67429.6 64486.7 32381.9 27615.5 25598.6 15943.4 15541.6 15414.8 18954.3 5833.72 3461.15
threshold=212.37500000000003 165.37500000000003 1.1749999523162844 -0.28000000119209284 1.0000000180025095e-35 111.50000000000001 -0.60355499386787403 261.50000000000006 1.6549999713897707 190.50000000000003 188.25000000000003 295.50000000000006
decision_type=10 8 8 10 2 10 2 10 10 10 10 10
left_child=1 5 3 -2 -4 11 -7 -5 9 -3 -10 -1
right_child=2 8 4 7 -6 6 -8 -9 10 -11 -12 -13
leaf_value=-1.1821878561973571 2.8054029365207835 0.79314846673837069 1.1668260436587863 1.9103898741534122 -0.20300418244531521 -0.14440386444330217 -0.82656349679262464 0.79802592837810515 -0.75517373549938205 -0.14216686003483259 -0.061428771354258054 -1.7218065013056214
leaf_weight=20 23 39 27 26 26 42 116 20 20 39 24 23
leaf_count=20 23 39 27 26 26 42 116 20 20 39 24 23
internal_value=2.72239e-10 -0.484152 1.28181 1.8863 0.494834 -0.821849 -0.64523 1.42675 0.0722174 0.325491 -0.376767 -1.47082
internal_weight=445 323 122 69 53 201 158 46 122 78 44 43
internal_count=445 323 122 69 53 201 158 46 122 78 44 43
is_linear=0
shrinkage=0.03


Tree=23
num_leaves=9
num_cat=0
split_feature=2 2 15 15 14 22 20 15
split_gain=283301 90699.4 31491.3 26963.8 25474.4 13369.7 11137.5 9530
threshold=253.00000000000003 166.50000000000003 1.1749999523162844 0.82499998807907116 62.500000000000007 -0.37940999865531916 77.500000000000014 0.72500002384185802
decision_type=10 8 8 10 10 2 10 10
left_child=1 4 7 -3 -1 -5 -6 -2
right_child=2 3 -4 5 6 -7 -8 -9
leaf_value=-1.7068301781364108 2.5181518507003782 0.8856839937442228 0.82751257927253319 0.38294078462841835 -0.16629119947978427 -0.2757766824483871 -0.76061377310752865 1.6939950004539319
leaf_weight=23 23 38 29 44 35 75 150 28
leaf_count=23 23 38 29 44 35 75 150 28
internal_value=9.77449e-10 -0.354376 1.61684 0.18995 -0.765237 -0.0322173 -0.648174 2.06567
internal_weight=445 365 80 157 208 119 185 51
internal_count=445 365 80 157 208 119 185 51
is_linear=0
shrinkage=0.03


Tree=24
num_leaves=11
num_cat=0
split_feature=7 15 7 17 10 8 22 3 14 22
split_gain=273543 63983.8 50450.5 26531.7 21448.2 22302.7 19596.9 14273.2 11607.9 5099.78
threshold=204.62500000000003 1.2599999904632571 131.00000000000003 -0.28000000119209284 130.25000000000003 173.75000000000003 -1.0000000180025095e-35 266.00000000000006 62.500000000000007 -0.60355499386787403
decision_type=10 8 8 10 10 10 2 10 10 2
left_child=2 3 8 -2 -4 -6 -3 -5 -1 -10
right_child=1 6 4 7 5 -7 -8 -9 9 -11
leaf_value=-1.7070765767778668 2.4406172209519603 0.99878989841938015 0.61662199227706238 1.6482464894477058 -0.61505940957691352 0.052616535531407271 -0.10094053847449166 0.63823831111192697 -0.6151020084537806 -1.1250085019483798
leaf_weight=21 26 25 23 34 115 74 35 20 31 41
leaf_count=21 26 25 23 34 115 74 35 20 31 41
internal_value=3.6363e-09 1.09784 -0.503928 1.65326 -0.248377 -0.353641 0.35728 1.27417 -1.08647 -0.905465
internal_weight=445 140 305 80 212 189 60 54 93 72
internal_count=445 140 305 80 212 189 60 54 93 72
is_linear=0
shrinkage=0.03


Tree=25
num_leaves=11
num_cat=0
split_feature=7 7 15 17 13 22 3 13 5 2
split_gain=257692 56962.1 54768.9 26312.7 21596.1 20912.7 18278.4 13764.8 10032.9 9646.32
threshold=212.37500000000003 158.12500000000003 1.2599999904632571 -0.34499999880790705 19.149999618530277 1.0000000180025095e-35 147.50000000000003 11.34999990463257 260.50000000000006 113.50000000000001
decision_type=10 8 8 10 10 2 10 10 10 10
left_child=1 4 3 -2 9 -4 -3 -5 -8 -1
right_child=2 6 5 7 -6 -7 8 -9 -10 -11
leaf_value=-1.1530120032064377 2.5662015397208076 0.82312169551849357 1.0345695393426075 0.75759834809147786 -1.7010770365170071 -0.26176453135907651 -0.27509305176430643 1.7136439050327648 0.39962519450783729 -0.56364430720029868
leaf_weight=31 21 21 21 23 21 24 96 33 25 129
leaf_count=31 21 21 21 23 21 24 96 33 25 129
internal_value=4.00902e-09 -0.443681 1.17466 1.66059 -0.796553 0.343191 0.00610741 1.32098 -0.135688 -0.677834
internal_weight=445 323 122 77 181 45 142 56 121 160
internal_count=445 323 122 77 181 45 142 56 121 160
is_linear=0
shrinkage=0.03


Tree=26
num_leaves=12
num_cat=0
split_feature=7 7 2 2 3 4 7 22 12 23 11
split_gain=242822 59204.1 32668.4 20815.5 18701.3 14738 13885.1 13686.2 12388.8 11999 3554.34
threshold=221.25000000000003 165.37500000000003 253.00000000000003 111.50000000000001 249.00000000000003 109.00000000000001 325.37500000000006 -1.0000000180025095e-35 201.75000000000003 1.0000000180025095e-35 140.50000000000003
decision_type=10 8 10 10 8 10 10 2 8 2 10
left_child=1 3 -2 10 -4 -5 -6 9 -9 -3 -1
right_child=2 7 4 5 6 -7 -8 8 -10 -11 -12
leaf_value=-1.5966395814078196 0.42366395286777436 -0.072297542782930227 2.3029266779763358 0.16705675857407706 0.8096584210395813 -0.68643363178864014 1.7385598557708517 -0.53450733430501884 0.27569525735131623 0.77852369841507496 -1.050989614833485
leaf_weight=21 34 26 21 21 30 137 28 41 29 35 22
leaf_count=21 34 26 21 21 30 137 28 41 29 35 22
internal_value=-9.94527e-11 -0.408842 1.2012 -0.732261 1.53583 -0.572995 1.25809 0.0873966 -0.198852 0.415879 -1.31747
internal_weight=445 332 113 201 79 158 58 131 70 61 43
internal_count=445 332 113 201 79 158 58 131 70 61 43
is_linear=0
shrinkage=0.03


Tree=27
num_leaves=13
num_cat=0
split_feature=7 2 2 17 3 22 5 14 13 11 5 6
split_gain=228515 43197.1 40059.6 26916.4 26590.2 17141.7 17138.5 17064.5 15403.1 10402.2 7979.13 7709.18
threshold=204.62500000000003 146.50000000000003 253.00000000000003 0.85500001907348644 218.00000000000003 -1.0000000180025095e-35 214.00000000000003 70.500000000000014 12.750000000000002 134.15999603271487 279.50000000000006 174.50000000000003
decision_type=10 10 10 8 8 2 10 8 8 10 8 10
left_child=1 7 4 6 -2 11 -4 9 -9 -1 -7 -3
right_child=2 5 3 -5 -6 10 -8 8 -10 -11 -12 -13
leaf_value=-1.8092525281906127 1.1647055941343307 0.57644644542173906 2.2192364623329857 0.48979272866249085 -0.11630663272312709 -0.54525797041494461 1.2000712405310736 -0.90689433589577673 -0.15246605894914486 -0.91991214752197259 0.13756214475631715 -0.062683115984712323
leaf_weight=20 25 33 33 20 35 67 27 60 41 29 20 35
leaf_count=20 25 33 33 20 35 67 27 60 41 29 20 35
internal_value=3.07399e-10 -0.460588 1.00342 1.44291 0.417448 -0.109369 1.76061 -0.823515 -0.600641 -1.28291 -0.388288 0.247483
internal_weight=445 305 140 80 60 155 60 150 101 49 87 68
internal_count=445 305 140 80 60 155 60 150 101 49 87 68
is_linear=0
shrinkage=0.03


Tree=28
num_leaves=11
num_cat=0
split_feature=7 7 15 13 13 4 15 13 2 5
split_gain=216023 52645.3 41501.5 28746.3 20491.9 17633.8 15891.7 14132.2 9328.38 2160.66
threshold=221.25000000000003 165.37500000000003 0.74500000476837169 10.34999990463257 19.149999618530277 291.50000000000006 1.6549999713897707 10.750000000000002 125.50000000000001 153.50000000000003
decision_type=10 8 8 10 10 8 10 8 10 10
left_child=1 4 -2 -4 8 -5 7 -3 -1 -8
right_child=2 6 3 5 -6 -7 9 -9 -10 -11
leaf_value=-0.88145035843054453 2.0281389951705933 -0.22081791183778215 -0.13152092581209929 0.73701358594604438 -1.5774316557816095 1.8426598834991454 -0.56719295005435533 0.60463493306189775 -0.42865970764404687 -0.16028746161609886
leaf_weight=63 33 28 23 37 21 20 23 56 117 24
leaf_count=63 33 28 23 37 21 20 23 56 117 24
internal_value=1.21352e-09 -0.385621 1.13298 0.763721 -0.6906 1.12496 0.082323 0.329484 -0.587136 -0.359411
internal_weight=445 332 113 80 201 57 131 84 180 47
internal_count=445 332 113 80 201 57 131 84 180 47
is_linear=0
shrinkage=0.03


Tree=29
num_leaves=11
num_cat=0
split_feature=7 2 17 2 22 20 3 2 21 20
split_gain=203256 49580.7 28417.4 23681 19515.6 19370.8 17339.6 14629.9 12591.5 10280.3
threshold=221.25000000000003 150.50000000000003 0.92499998211860668 244.00000000000003 -1.0000000180025095e-35 77.500000000000014 278.50000000000006 84.500000000000014 0.60355499386787426 87.500000000000014
decision_type=10 10 8 10 2 10 10 10 2 10
left_child=1 5 3 -2 9 -1 -5 -7 -6 -3
right_child=2 4 -4 6 8 7 -8 -9 -10 -11
leaf_value=0.085842059092088169 0.49387657427787779 0.86154707998037339 0.32523745386831221 2.4080920114517208 -0.55876355678960687 -1.6228862657546996 1.3348519906827381 -0.74801831855279644 0.17812639240175485 0.10859952044837615
leaf_weight=22 20 24 31 20 60 20 42 123 32 51
leaf_count=22 20 24 31 20 60 20 42 123 32 51
internal_value=-4.31464e-10 -0.374053 1.09899 1.3915 -0.0096411 -0.742882 1.68106 -0.870377 -0.302454 0.349543
internal_weight=445 332 113 82 167 165 62 143 92 75
internal_count=445 332 113 82 167 165 62 143 92 75
is_linear=0
shrinkage=0.03


Tree=30
num_leaves=12
num_cat=0
split_feature=7 15 7 17 13 22 15 10 13 21 12
split_gain=191317 46381.7 43082.7 23615.7 17203.7 16699 13534 21110.2 11419.7 9632.17 7960.84
threshold=212.37500000000003 1.2599999904632571 158.12500000000003 -0.34499999880790705 19.149999618530277 1.0000000180025095e-35 1.6549999713897707 173.50000000000003 11.34999990463257 -1.0000000180025095e-35 186.50000000000003
decision_type=10 8 8 10 10 2 10 10 10 2 10
left_child=2 3 4 -2 9 -3 7 -4 -5 -1 -8
right_child=1 5 6 8 -6 -7 10 -9 -10 -11 -12
leaf_value=-0.27866870750815181 2.3172568644796097 0.86478580968720564 1.0759826820237295 0.6244245316930439 -1.4964931162766046 -0.29361133456230165 -0.73350698493994193 -0.022332257429758709 1.4952323922243984 -0.76112357218371762 -0.026777799557894468
leaf_weight=59 21 21 21 23 21 24 26 63 33 101 32
leaf_count=59 21 21 21 23 21 24 26 63 33 101 32
internal_value=5.28405e-10 1.01214 -0.382293 1.45931 -0.689178 0.246974 0.0088777 0.252246 1.13758 -0.583218 -0.343587
internal_weight=445 122 323 77 181 45 142 84 56 160 58
internal_count=445 122 323 77 181 45 142 84 56 160 58
is_linear=0
shrinkage=0.03


Tree=31
num_leaves=12
num_cat=0
split_feature=7 7 15 2 22 2 15 22 3 12 22
split_gain=180262 44547.3 37237.3 23754.7 17588.7 16127.1 13762.7 13645.2 13471 4074.68 2639.44
threshold=221.25000000000003 165.37500000000003 0.74500000476837169 253.00000000000003 -1.0000000180025095e-35 111.50000000000001 1.6549999713897707 -0.60355499386787403 188.50000000000003 188.25000000000003 -0.78656998276710499
decision_type=10 8 8 8 2 10 10 2 10 10 2
left_child=1 5 -2 -4 -5 10 8 -7 -3 -8 -1
right_child=2 6 3 4 -6 7 9 -9 -10 -11 -12
leaf_value=-0.89585576748847962 1.8828867842934349 0.71629128387341134 -0.1286246567705403 1.4793655948340891 0.41734939227104184 -0.029290736573083061 -0.65744204056262967 -0.66037272475146014 -0.04547511104742686 -0.092479195064968531 -1.3670855992773303
leaf_weight=20 33 39 23 32 25 42 20 116 45 27 23
leaf_count=20 33 39 23 32 25 42 20 116 45 27 23
internal_value=1.06284e-09 -0.35226 1.03496 0.685188 1.01357 -0.632804 0.0781924 -0.492617 0.308202 -0.332889 -1.14791
internal_weight=445 332 113 80 57 201 131 158 84 47 43
internal_count=445 332 113 80 57 201 131 158 84 47 43
is_linear=0
shrinkage=0.03


Tree=32
num_leaves=10
num_cat=0
split_feature=2 2 13 18 20 13 14 22 18
split_gain=168929 53944.3 15288.2 13459.9 13046.7 19050.6 12890.2 8206.91 6871.78
threshold=253.00000000000003 150.50000000000003 10.449999809265138 -0.054999999701976769 107.50000000000001 12.250000000000002 62.500000000000007 -0.37940999865531916 -0.69499999284744252
decision_type=10 8 10 10 10 8 10 2 10
left_child=1 6 -2 -4 5 -3 -1 -8 -6
right_child=2 4 3 -5 8 -7 7 -9 -10
leaf_value=-1.3456137408380922 0.59564432431822234 -0.0313973171395414 0.99039047312736506 1.919431217238307 -0.50636563056707384 0.79369496673345563 -0.28149717965951332 -0.76105306421007435 0.0047567216486766413
leaf_weight=23 23 68 25 32 40 40 52 84 58
leaf_count=23 23 68 25 32 40 40 52 84 58
internal_value=-1.79618e-09 -0.273648 1.24852 1.51196 0.0467672 0.274192 -0.688776 -0.577693 -0.203865
internal_weight=445 365 80 57 206 108 159 136 98
internal_count=445 365 80 57 206 108 159 136 98
is_linear=0
shrinkage=0.03


Tree=33
num_leaves=11
num_cat=0
split_feature=7 15 7 17 4 8 22 16 14 22
split_gain=160589 43732.6 31782.7 20472.9 19165.3 14098.1 12956.9 12136 7349.38 4545.1
threshold=204.62500000000003 1.2599999904632571 131.00000000000003 -0.34499999880790705 113.50000000000001 173.75000000000003 -1.0000000180025095e-35 251.00000000000003 62.500000000000007 -0.60355499386787403
decision_type=10 8 8 10 10 10 2 10 10 2
left_child=2 3 8 -2 -4 -6 -3 -5 -1 -10
right_child=1 6 4 7 5 -7 -8 -9 9 -11
leaf_value=-1.3422976861681257 2.0795954831080001 0.75054955101013177 0.59684199428558349 0.42876990965434481 -0.4960161892363899 0.037942822934830027 -0.14367012308325086 1.3317183281682632 -0.4303388117205712 -0.91171725406879334
leaf_weight=21 22 25 25 21 114 73 35 37 31 41
leaf_count=21 22 25 25 21 114 73 35 37 31 41
internal_value=-6.52972e-10 0.841172 -0.386112 1.30036 -0.183278 -0.287572 0.228921 1.00479 -0.848486 -0.704457
internal_weight=445 140 305 80 212 187 60 58 93 72
internal_count=445 140 305 80 212 187 60 58 93 72
is_linear=0
shrinkage=0.03


Tree=34
num_leaves=12
num_cat=0
split_feature=7 7 15 2 22 2 15 3 22 12 11
split_gain=151488 37495.2 34251.7 20389.9 15338.8 14055.6 12214.7 12491.8 12180.2 3737.67 2868.67
threshold=221.25000000000003 165.37500000000003 0.74500000476837169 253.00000000000003 -1.0000000180025095e-35 111.50000000000001 1.6549999713897707 188.50000000000003 -0.60355499386787403 188.25000000000003 140.50000000000003
decision_type=10 8 8 8 2 10 10 10 2 10 10
left_child=1 5 -2 -4 -5 10 7 -3 -7 -8 -1
right_child=2 6 3 4 -6 8 9 -9 -10 -11 -12
leaf_value=-1.3119939633778164 1.7619946393099699 0.68165575247544508 -0.14066205817720165 1.3525335462391377 0.36076730182170869 -0.01168452330998012 -0.62612526404857638 -0.051902232964833574 -0.60792645510928389 -0.085029813581042821 -0.82179196292703793
leaf_weight=21 33 39 23 32 25 42 20 45 116 27 22
leaf_count=21 33 39 23 32 25 42 20 45 116 27 22
internal_value=4.78177e-10 -0.322924 0.948769 0.613313 0.917548 -0.580306 0.0719898 0.288678 -0.449432 -0.315283 -1.06119
internal_weight=445 332 113 80 57 201 131 84 158 47 43
internal_count=445 332 113 80 57 201 131 84 158 47 43
is_linear=0
shrinkage=0.03


Tree=35
num_leaves=10
num_cat=0
split_feature=7 7 13 3 9 3 21 13 21
split_gain=142535 35281.9 23479.5 22291.3 25019.2 14409.8 15587 14409.3 8130.34
threshold=221.25000000000003 158.12500000000003 10.250000000000002 249.00000000000003 297.14500427246099 146.50000000000003 0.60355499386787426 19.149999618530277 -1.0000000180025095e-35
decision_type=10 8 10 8 10 10 2 10 2
left_child=1 7 -2 -4 -5 -3 -7 8 -1
right_child=2 5 3 4 -6 6 -8 -9 -10
leaf_value=-0.21893496830584638 0.26113074008156273 0.7753943610191345 1.8480409305095673 0.026929169041769844 1.3967621827125549 -0.275199712054296 0.48643342151306568 -1.3345545189721242 -0.6621851811712921
leaf_weight=59 34 20 30 21 28 99 32 21 101
leaf_count=59 34 20 30 21 28 99 32 21 101
internal_value=1.42147e-09 -0.313237 0.920306 1.204 0.809691 0.0253575 -0.0891519 -0.59571 -0.498737
internal_weight=445 332 113 79 49 151 131 181 160
internal_count=445 332 113 79 49 151 131 181 160
is_linear=0
shrinkage=0.03


Tree=36
num_leaves=11
num_cat=0
split_feature=7 15 7 4 4 5 15 21 6 11
split_gain=134662 38279.4 27186.3 17557.9 17146 16582.7 12815.5 8067.11 7075.63 5211.05
threshold=204.62500000000003 1.2599999904632571 131.00000000000003 113.50000000000001 190.50000000000003 260.50000000000006 0.74500000476837169 -1.0000000180025095e-35 171.50000000000003 147.73000335693362
decision_type=10 8 8 10 10 10 10 2 10 10
left_child=2 4 7 -4 -2 -5 -6 -1 -3 -9
right_child=1 8 3 5 6 -7 -8 9 -10 -11
leaf_value=-0.27926075155084779 1.8513192918777464 -0.1750740234209941 0.58071252336502066 -0.38929393756541475 1.4242362952232361 0.38047200512886048 0.50084975705992785 -1.114647864997387 0.48236169019166159 -0.56545041918754579
leaf_weight=22 25 26 25 157 24 30 31 48 34 23
leaf_count=22 25 26 25 157 24 30 31 48 34 23
internal_value=1.20549e-10 0.770281 -0.353572 -0.165977 1.19989 -0.265802 0.903782 -0.781206 0.197473 -0.936739
internal_weight=445 140 305 212 80 187 55 93 60 71
internal_count=445 140 305 212 80 187 55 93 60 71
is_linear=0
shrinkage=0.03


Tree=37
num_leaves=10
num_cat=0
split_feature=2 2 13 20 13 14 12 3 22
split_gain=128647 40082.8 13139.7 10855.3 16480.4 10093 9037.39 8485.29 7075.22
threshold=253.00000000000003 150.50000000000003 10.449999809265138 107.50000000000001 12.250000000000002 62.500000000000007 169.25000000000003 249.00000000000003 -0.37940999865531916
decision_type=10 8 10 10 8 10 10 8 2
left_child=1 5 -2 4 -3 -1 -5 -4 -7
right_child=2 3 7 6 -6 8 -8 -9 -10
leaf_value=-1.177859341683595 0.48427761990091078 -0.039386721358579749 1.8316212812662125 -0.54556505537950073 0.72803135539591313 -0.22333171733296833 0.043003991397760677 1.0646549451673353 -0.66859743854829246
leaf_weight=23 23 68 20 39 40 52 59 37 84
leaf_count=23 23 68 20 39 40 52 59 37 84
internal_value=7.91603e-10 -0.238803 1.08954 0.037394 0.244842 -0.596643 -0.191222 1.33377 -0.498349
internal_weight=445 365 80 206 108 159 98 57 136
internal_count=445 365 80 206 108 159 98 57 136
is_linear=0
shrinkage=0.03


Tree=38
num_leaves=11
num_cat=0
split_feature=2 7 15 22 15 19 14 22 22 11
split_gain=121044 40850.1 19382 16366.7 15210.9 21055.4 11816.8 14430 8983.9 7782.63
threshold=253.00000000000003 165.37500000000003 0.7150000035762788 -1.0000000180025095e-35 0.82499998807907116 992.04998779296886 68.500000000000014 -0.37940999865531916 -0.37940999865531916 134.93999481201175
decision_type=10 8 8 2 10 8 10 2 2 10
left_child=1 6 -2 -4 5 -3 9 -8 -6 -1
right_child=2 4 3 -5 8 -7 7 -9 -10 -11
leaf_value=-1.383234124392271 1.7919556655054507 -0.0433217716217041 1.2095548957586288 0.18509662957191467 0.31549962375222179 1.3167760534286499 0.067918337800286027 -0.57490561982989308 -0.22838571549506811 -0.60243998964627576
leaf_weight=20 23 21 32 25 41 20 44 110 82 27
leaf_count=20 23 21 32 25 41 20 44 110 82 27
internal_value=-2.35597e-09 -0.231639 1.05685 0.760231 0.119717 0.620141 -0.518317 -0.391242 -0.0470906 -0.934693
internal_weight=445 365 80 57 164 41 201 154 123 47
internal_count=445 365 80 57 164 41 201 154 123 47
is_linear=0
shrinkage=0.03


Tree=39
num_leaves=10
num_cat=0
split_feature=2 7 15 15 19 13 7 20 14
split_gain=113890 38435.8 18269 14311.9 19811 13117.1 10416.4 10111.9 7896.72
threshold=253.00000000000003 165.37500000000003 1.0049999952316286 0.82499998807907116 992.04998779296886 19.149999618530277 289.50000000000006 67.500000000000014 93.500000000000014
decision_type=10 8 8 10 8 10 10 10 10
left_child=1 5 -2 4 -3 8 -4 -5 -1
right_child=2 3 6 7 -6 -7 -8 -9 -10
leaf_value=-0.31036877161296811 1.5391972180775233 -0.042022112097058972 0.11502486240863799 0.41302405882626769 1.277272803068161 -1.2122940758296421 1.033572347831726 -0.20697966230930862 -0.78017271629401608
leaf_weight=138 35 21 20 32 20 21 25 91 42
leaf_count=138 35 21 20 32 20 21 25 91 42
internal_value=1.65604e-09 -0.22469 1.02515 0.116126 0.601536 -0.502768 0.625329 -0.0456779 -0.41999
internal_weight=445 365 80 164 41 201 45 123 180
internal_count=445 365 80 164 41 201 45 123 180
is_linear=0
shrinkage=0.03


Tree=40
num_leaves=10
num_cat=0
split_feature=2 7 15 13 15 19 13 20 14
split_gain=107159 36164.3 17456.2 16173.8 13466.1 18640.2 12341.9 9514.28 7430.02
threshold=253.00000000000003 165.37500000000003 0.7150000035762788 11.949999809265138 0.82499998807907116 992.04998779296886 19.149999618530277 67.500000000000014 93.500000000000014
decision_type=10 8 8 10 10 8 10 10 10
left_child=1 6 -2 -4 5 -3 8 -6 -1
right_child=2 4 3 -5 7 -7 -8 -9 -10
leaf_value=-0.30105770435022267 1.6920210718071977 -0.040761465685708181 0.075492368618195707 1.1135440034866333 0.40063333544880148 1.238954603075981 -1.1759252650397163 -0.20077027176107679 -0.75676753421979293
leaf_weight=138 23 21 22 35 32 20 21 91 42
leaf_count=138 23 21 22 35 32 20 21 91 42
internal_value=-7.63475e-11 -0.217949 0.994392 0.712892 0.112642 0.58349 -0.487685 -0.0443075 -0.40739
internal_weight=445 365 80 57 164 41 201 123 180
internal_count=445 365 80 57 164 41 201 123 180
is_linear=0
shrinkage=0.03


Tree=41
num_leaves=10
num_cat=0
split_feature=7 15 5 17 20 14 8 16 6
split_gain=100832 31141 22441.2 17858 15401.2 23875.2 14356.2 11668.4 6216.59
threshold=204.62500000000003 1.2599999904632571 260.50000000000006 -0.34499999880790705 77.500000000000014 88.500000000000014 93.250000000000014 251.00000000000003 171.50000000000003
decision_type=10 8 10 10 10 10 10 10 10
left_child=2 3 4 -2 5 -1 -6 -5 -3
right_child=1 8 -4 7 6 -7 -8 -9 -10
leaf_value=0.76321658268570902 1.7817959368228913 -0.19930603740307001 0.43283915140412066 0.21315883091517857 -1.2524711145673479 -0.51595380170591942 -0.42753467461376476 1.0985415195774386 0.41692953107988134
leaf_weight=24 22 26 33 21 21 29 198 37 34
leaf_count=24 22 26 33 21 21 29 198 37 34
internal_value=2.69225e-10 0.666539 -0.305953 1.05402 -0.395585 0.0632932 -0.506638 0.777972 0.149894
internal_weight=445 140 305 80 272 53 219 58 60
internal_count=445 140 305 80 272 53 219 58 60
is_linear=0
shrinkage=0.03


Tree=42
num_leaves=10
num_cat=0
split_feature=2 2 17 3 15 3 14 5 11
split_gain=95732.3 30587.4 16134.9 14256.1 12609.6 8858.48 8029.43 7522.49 7127.91
threshold=253.00000000000003 150.50000000000003 0.85500001907348644 291.50000000000006 1.7050000429153445 144.50000000000003 62.500000000000007 203.50000000000003 179.15999603271487
decision_type=10 8 8 8 10 10 10 8 10
left_child=1 6 3 -2 5 -3 -1 -8 -6
right_child=2 4 -4 -5 8 -7 7 -9 -10
leaf_value=-1.0370017072428828 1.7723785549661388 0.72529422849416736 0.20193986749649048 0.82126545244777516 -0.65356077095044063 0.090670584425396092 -0.52626744464169373 0.091198424782071796 -0.03583177943900228
leaf_weight=23 23 24 20 37 29 113 115 21 40
leaf_count=23 23 24 20 37 29 113 115 21 40
internal_value=3.0642e-09 -0.206001 0.939879 1.18586 0.0352733 0.201846 -0.518595 -0.430923 -0.295457
internal_weight=445 365 80 60 206 137 159 136 69
internal_count=445 365 80 60 206 137 159 136 69
is_linear=0
shrinkage=0.03


Tree=43
num_leaves=11
num_cat=0
split_feature=2 7 15 22 15 15 2 4 10 8
split_gain=90074.5 30665.6 15766.8 14236.7 11862.9 14826.3 10091.2 11664.3 8691.49 2935.98
threshold=253.00000000000003 165.37500000000003 0.7150000035762788 -1.0000000180025095e-35 0.82499998807907116 0.57499998807907116 123.50000000000001 115.50000000000001 233.50000000000003 93.250000000000014
decision_type=10 8 8 2 10 8 10 10 8 10
left_child=1 6 -2 -4 5 -3 9 -8 -6 -1
right_child=2 4 3 -5 8 -7 7 -9 -10 -11
leaf_value=-1.0371776998043061 1.5746958964091278 -0.010204961917230061 1.0632186171412468 0.10774458489418029 0.068416104721791535 1.1311066088676454 0.37905868470668791 -0.4102466118126829 -0.61500329330563541 -0.61167533973852783
leaf_weight=20 23 21 32 25 103 20 20 107 20 54
leaf_count=20 23 21 32 25 103 20 20 107 20 54
internal_value=1.73892e-09 -0.199821 0.911683 0.644151 0.104601 0.546532 -0.448205 -0.285947 -0.042709 -0.726676
internal_weight=445 365 80 57 164 41 201 127 123 74
internal_count=445 365 80 57 164 41 201 127 123 74
is_linear=0
shrinkage=0.03


Tree=44
num_leaves=9
num_cat=0
split_feature=7 15 5 17 13 22 3 22
split_gain=85432.7 27440.5 19737.1 16443.2 14762.3 11700 10896.5 9316.15
threshold=204.62500000000003 1.2599999904632571 260.50000000000006 -0.34499999880790705 19.149999618530277 -0.37940999865531916 266.00000000000006 -1.0000000180025095e-35
decision_type=10 8 10 10 10 2 10 2
left_child=2 3 4 -2 5 -1 -5 -3
right_child=1 7 -4 6 -6 -7 -8 -9
leaf_value=-0.035730821520407151 1.6756178677082061 0.5708668832302094 0.41122908635572952 1.0457126011848448 -1.110709124695171 -0.45943028955792004 0.20512943526972896 -0.18738059561593193
leaf_weight=94 22 25 33 35 22 156 23 35
leaf_count=94 22 25 33 35 22 156 23 35
internal_value=-2.04732e-09 0.613535 -0.281623 0.977269 -0.365682 -0.300119 0.712378 0.128556
internal_weight=445 140 305 80 272 250 58 60
internal_count=445 140 305 80 272 250 58 60
is_linear=0
shrinkage=0.03


Tree=45
num_leaves=10
num_cat=0
split_feature=2 7 15 13 15 19 13 10 14
split_gain=80624 27519.1 14597.1 13952.3 10778.8 17030.2 9835.59 8114.54 6595.13
threshold=253.00000000000003 165.37500000000003 0.7150000035762788 11.949999809265138 0.82499998807907116 992.04998779296886 19.149999618530277 233.50000000000003 93.500000000000014
decision_type=10 8 8 10 10 8 10 8 10
left_child=1 6 -2 -4 5 -3 8 -6 -1
right_child=2 4 3 -5 7 -7 -8 -9 -10
leaf_value=-0.25248475463494013 1.5004748508204584 -0.076094230243137898 0.013105663548816333 0.97723536341530937 0.066289344311339177 1.1471073900014161 -1.0387432037081037 -0.59405772918462751 -0.68182851582765569
leaf_weight=138 23 21 22 35 103 20 21 20 42
leaf_count=138 23 21 22 35 103 20 21 20 42
internal_value=-7.87585e-10 -0.189048 0.862531 0.605115 0.0993342 0.520589 -0.424345 -0.0410842 -0.352665
internal_weight=445 365 80 57 164 41 201 123 180
internal_count=445 365 80 57 164 41 201 123 180
is_linear=0
shrinkage=0.03


Tree=46
num_leaves=11
num_cat=0
split_feature=7 5 6 6 2 20 14 8 8 18
split_gain=76440 18054.2 16443.7 32881.8 21388.2 13148.7 21105.2 11873.8 10934.5 5163.64
threshold=204.62500000000003 260.50000000000006 177.50000000000003 131.50000000000003 333.50000000000006 77.500000000000014 88.500000000000014 93.250000000000014 265.00000000000006 -0.22499999403953549
decision_type=10 10 10 8 8 10 10 10 10 8
left_child=1 5 3 -2 8 6 -1 -7 -4 -5
right_child=2 -3 4 9 -6 7 -8 -9 -10 -11
leaf_value=0.73528034746646886 1.2233391256765886 0.3962676198374141 0.94487869361351273 -0.54360662716627128 1.7368914914131164 -1.1276873452322822 -0.46739622017432902 -0.37745530971523483 0.033068574965000153 0.08298296552279899
leaf_weight=24 22 33 29 20 20 21 29 198 20 29
leaf_count=24 22 33 29 20 20 21 29 198 20 29
internal_value=3.36934e-09 -0.266389 0.580347 0.259829 0.910155 -0.346784 0.077212 -0.449395 0.572711 -0.172768
internal_weight=445 305 140 71 69 272 53 219 49 49
internal_count=445 305 140 71 69 272 53 219 49 49
is_linear=0
shrinkage=0.03


Tree=47
num_leaves=8
num_cat=0
split_feature=2 13 2 21 13 18 22
split_gain=72123.2 25356.4 20933.3 11224.2 10967.6 11746 7332.31
threshold=253.00000000000003 18.349999427795414 166.50000000000003 0.78656998276710521 10.449999809265138 -0.054999999701976769 -0.37940999865531916
decision_type=10 10 8 2 10 10 2
left_child=1 2 6 -4 -2 -6 -1
right_child=4 -3 3 -5 5 -7 -8
leaf_value=-0.026433967351913452 0.2628177529832591 -0.9347058640420437 0.042325987452864644 0.71682745026217565 0.55169431972503669 1.4195716177672146 -0.44578620351487547
leaf_weight=54 23 36 125 27 25 32 123
leaf_count=54 23 36 125 27 25 32 123
internal_value=-1.58622e-09 -0.178804 -0.0960913 0.162139 0.815793 1.03892 -0.317848
internal_weight=445 365 329 152 80 57 177
internal_count=445 365 329 152 80 57 177
is_linear=0
shrinkage=0.03


Tree=48
num_leaves=10
num_cat=0
split_feature=7 13 5 20 22 13 5 8 19
split_gain=68136.2 16535.7 16514.2 12162.8 17777.3 11686 11947.2 10893 3042.08
threshold=204.62500000000003 10.34999990463257 260.50000000000006 77.500000000000014 0.37940999865531927 17.44999980926514 151.50000000000003 93.250000000000014 993.04998779296886
decision_type=10 10 10 10 2 10 10 10 8
left_child=2 8 3 4 -1 6 -3 -5 -2
right_child=1 5 -4 7 -6 -7 -8 -9 -10
leaf_value=0.73160402005369007 -0.15653428867459296 0.3510454859052386 0.3822605205124075 -1.0767579153605868 -0.38346049339540544 0.16621602838689628 1.1988668226737242 -0.35817820602689276 0.33788727045059203
leaf_weight=22 24 21 33 21 31 22 52 198 21
leaf_count=22 24 21 33 21 31 22 52 198 21
internal_value=3.74329e-09 0.547919 -0.251504 -0.328394 0.0793965 0.772314 0.954973 -0.427083 0.0741958
internal_weight=445 140 305 272 53 95 73 219 45
internal_count=445 140 305 272 53 95 73 219 45
is_linear=0
shrinkage=0.03


Tree=49
num_leaves=11
num_cat=0
split_feature=7 15 4 7 10 15 22 8 21 11
split_gain=64109.3 22723.2 16388.6 14959.3 14806.8 8991.35 7684.06 7015.46 5316.36 3786.5
threshold=204.62500000000003 1.2599999904632571 190.50000000000003 131.00000000000003 130.25000000000003 0.74500000476837169 -1.0000000180025095e-35 173.75000000000003 -1.0000000180025095e-35 147.73000335693362
decision_type=10 8 10 8 10 10 2 10 2 10
left_child=3 2 -2 8 -5 -4 -3 -6 -1 -10
right_child=1 6 5 4 7 -7 -8 -9 9 -11
leaf_value=-0.15369445649060334 1.4993581501007078 0.49185584163665769 1.0089263039827348 0.61390329651210618 -0.33888194911635439 0.23548299527937366 -0.1967777317592076 0.035586811801469005 -0.83908840619027614 -0.37093857625256416
leaf_weight=22 25 25 24 23 115 31 35 74 48 23
leaf_count=22 25 25 24 23 115 31 35 74 48 23
internal_value=6.33885e-10 0.531481 0.862477 -0.243958 -0.104803 0.572986 0.0901529 -0.192265 -0.561173 -0.687434
internal_weight=445 140 80 305 212 55 60 189 93 71
internal_count=445 140 80 305 212 55 60 189 93 71
is_linear=0
shrinkage=0.03


Tree=50
num_leaves=9
num_cat=0
split_feature=7 3 7 7 10 8 21 11
split_gain=60717 23333.7 17793.3 15715.8 13460.9 10228.4 5002.17 3562.72
threshold=230.12500000000003 249.00000000000003 131.00000000000003 305.00000000000006 130.25000000000003 173.75000000000003 -1.0000000180025095e-35 147.73000335693362
decision_type=10 10 8 10 10 10 2 10
left_child=2 -2 6 -3 -4 -6 -1 -8
right_child=1 3 4 -5 5 -7 7 -9
leaf_value=-0.14908362410285256 1.331923799745498 -0.10624075371878487 0.61711381614208227 0.79278069264548157 -0.32871549029907454 0.074075442492695792 -0.81391575418412676 -0.35981042512085126
leaf_weight=22 31 35 24 35 115 112 48 23
leaf_count=22 31 35 24 35 115 112 48 23
internal_value=-6.56488e-10 0.646718 -0.189879 0.34327 -0.0585462 -0.129982 -0.544338 -0.666811
internal_weight=445 101 344 70 251 227 93 71
internal_count=445 101 344 70 251 227 93 71
is_linear=0
shrinkage=0.03


Tree=51
num_leaves=9
num_cat=0
split_feature=2 13 2 17 13 9 22 22
split_gain=57847.3 21467.3 16534 12727.3 9243.21 8028.66 6510.89 2049.78
threshold=253.00000000000003 18.349999427795414 166.50000000000003 0.85500001907348644 10.750000000000002 288.93000793457037 -0.37940999865531916 -1.0000000180025095e-35
decision_type=10 10 8 8 8 10 2 2
left_child=1 2 6 5 -4 -2 -1 -7
right_child=3 -3 4 -5 -6 7 -8 -9
leaf_value=-0.0065038367112477619 1.4398485274314878 -0.85565343032280594 -0.20419884843395111 0.075210111379623398 0.30198801817212789 0.91844201767444611 -0.40166904411483101 0.48893070459365845
leaf_weight=54 20 36 47 20 105 20 123 20
leaf_count=54 20 36 47 20 105 20 123 20
internal_value=3.44066e-10 -0.160133 -0.0840277 0.730608 0.14547 0.949074 -0.28111 0.703686
internal_weight=445 365 329 80 152 60 177 40
internal_count=445 365 329 80 152 60 177 40
is_linear=0
shrinkage=0.03


Tree=52
num_leaves=8
num_cat=0
split_feature=2 13 2 15 13 21 22
split_gain=54428.5 20198.5 15556.9 12295 11710.3 10427.7 6126.1
threshold=253.00000000000003 18.349999427795414 166.50000000000003 0.7150000035762788 11.949999809265138 0.78656998276710521 -0.37940999865531916
decision_type=10 10 8 8 10 2 2
left_child=1 2 6 -2 -5 -4 -1
right_child=3 -3 5 4 -6 -7 -8
leaf_value=-0.0063087199793921576 1.294173211844071 -0.82998382026950523 0.025621824842691421 -0.069921390360051933 0.81335585280827116 0.67575279977586522 -0.38961897405182444
leaf_weight=54 23 36 125 22 35 27 123
leaf_count=54 23 36 125 22 35 27 123
internal_value=-8.64937e-10 -0.155329 -0.0815068 0.70869 0.472442 0.141106 -0.272677
internal_weight=445 365 329 80 57 152 177
internal_count=445 365 329 80 57 152 177
is_linear=0
shrinkage=0.03


Tree=53
num_leaves=11
num_cat=0
split_feature=2 20 14 21 2 15 3 22 12 22
split_gain=51211.8 17895.3 17583.6 17774.5 14399.7 11568.4 11512.4 10263.7 4252.68 3551.87
threshold=253.00000000000003 107.50000000000001 88.500000000000014 0.37940999865531927 124.50000000000001 0.7150000035762788 147.50000000000003 -1.0000000180025095e-35 151.50000000000003 -0.78656998276710499
decision_type=10 10 10 2 10 8 10 2 10 2
left_child=1 2 6 -4 9 -2 -1 -7 -6 -3
right_child=5 4 3 -5 8 7 -8 -9 -10 -11
leaf_value=1.0644636983221227 1.2553480168010878 -0.41733917472454213 -0.35604870837770008 0.6122634015570988 -0.3499155490532998 0.81408967455849046 0.16713906039153376 0.002817564010620117 -0.02317277937864556 -0.86557680583581698
leaf_weight=22 23 26 76 22 62 32 31 25 85 41
leaf_count=22 23 26 76 22 62 32 31 25 85 41
internal_value=9.76947e-10 -0.150669 0.0994014 -0.138673 -0.327121 0.687429 0.539613 0.458269 -0.160983 -0.691634
internal_weight=445 365 151 98 214 80 53 57 147 67
internal_count=445 365 151 98 214 80 53 57 147 67
is_linear=0
shrinkage=0.03


Tree=54
num_leaves=10
num_cat=0
split_feature=8 21 8 16 5 14 22 22 11
split_gain=46120.5 26600.9 14182.8 11514.6 10335.9 9005.94 11535.8 7180.73 4385.8
threshold=173.75000000000003 0.78656998276710521 219.00000000000003 320.50000000000006 197.00000000000003 72.500000000000014 -0.37940999865531916 -0.37940999865531916 134.93999481201175
decision_type=10 2 10 8 8 10 2 2 10
left_child=3 2 7 5 -4 8 -7 -2 -1
right_child=1 -3 4 -5 -6 6 -8 -9 -10
leaf_value=-1.0245669495541117 0.1719127378006314 1.0599778648217519 0.7592826986854726 0.32659780707210301 0.11948847595681535 0.23218907748951631 -0.39212550758043441 -0.37022089639306072 -0.45585409723795378
leaf_weight=23 43 36 44 24 47 34 123 45 26
leaf_count=23 43 36 44 24 47 34 123 45 26
internal_value=-3.65162e-10 0.315888 0.166239 -0.295287 0.42884 -0.367739 -0.256924 -0.105315 -0.722801
internal_weight=445 215 179 230 91 206 157 88 49
internal_count=445 215 179 230 91 206 157 88 49
is_linear=0
shrinkage=0.03


Tree=55
num_leaves=10
num_cat=0
split_feature=7 15 4 5 20 14 2 14 22
split_gain=46116.7 18152.5 15142.6 13326 9705.64 16123.2 8445.77 7811.03 6230.66
threshold=204.62500000000003 1.2599999904632571 190.50000000000003 260.50000000000006 77.500000000000014 88.500000000000014 84.500000000000014 88.500000000000014 1.0000000180025095e-35
decision_type=10 8 10 10 10 10 10 10 2
left_child=3 2 -2 4 5 -1 -6 -4 -3
right_child=1 8 7 -5 6 -7 -8 -9 -10
leaf_value=0.6634742178022861 1.3588029793739318 0.36203058552742001 -0.0046056784987449648 0.36239744050936262 -0.95180642652511593 -0.38771330292882589 -0.30507871049161456 0.73859762835502629 -0.24939382672309873
leaf_weight=24 25 30 20 33 20 29 199 35 30
leaf_count=24 25 30 20 33 20 29 199 35 30
internal_value=-6.02869e-10 0.450771 0.746611 -0.206911 -0.275982 0.0882961 -0.364141 0.468342 0.0563184
internal_weight=445 140 80 305 272 53 219 55 60
internal_count=445 140 80 305 272 53 219 55 60
is_linear=0
shrinkage=0.03


Tree=56
num_leaves=12
num_cat=0
split_feature=7 3 12 18 16 20 22 6 7 12 4
split_gain=43476.1 22858.5 13787.2 13487 9842.23 8752.93 13810.1 7832.48 7215.62 5193.24 4957.4
threshold=231.50000000000003 249.00000000000003 187.75000000000003 -0.14500000327825543 281.50000000000006 87.500000000000014 -1.0000000180025095e-35 259.00000000000006 305.00000000000006 151.50000000000003 200.50000000000003
decision_type=10 10 8 10 8 10 2 8 10 10 10
left_child=2 -2 5 -3 7 6 -1 -4 -5 -7 -6
right_child=1 3 4 8 10 9 -8 -9 -10 -11 -12
leaf_value=0.54719434096262998 1.2647159809593496 -0.39555781853199007 0.13243608979353061 0.12560404495759445 0.69327451257833406 -0.48744286955757565 -0.37128564045709722 -0.5762953470064246 0.8575229925579495 -0.1142496951619784 0.098858451635941216
leaf_weight=26 29 20 36 22 28 132 34 23 27 45 23
leaf_count=26 29 20 36 22 28 132 34 23 27 45 23
internal_value=-2.6483e-10 0.55798 -0.157585 0.260946 0.119985 -0.286415 0.0267224 -0.143849 0.528906 -0.392563 0.425205
internal_weight=445 98 347 69 110 237 60 59 49 177 51
internal_count=445 98 347 69 110 237 60 59 49 177 51
is_linear=0
shrinkage=0.03


Tree=57
num_leaves=9
num_cat=0
split_feature=7 15 3 15 5 20 22 8
split_gain=40939.5 16587.5 13662.3 13005.6 12180.7 8760.77 13008.2 7776.2
threshold=204.62500000000003 0.7150000035762788 340.00000000000006 1.1549999713897707 260.50000000000006 77.500000000000014 0.37940999865531927 93.250000000000014
decision_type=10 8 8 10 10 10 2 10
left_child=4 -2 3 -3 5 6 -1 -7
right_child=1 2 -4 -5 -6 7 -8 -9
leaf_value=0.64301231015812266 1.0127232882651416 0.95269170178307427 -0.46365843629837034 0.15984758186340331 0.34934406208721069 -0.89366083281380793 -0.31082913662577349 -0.28652663426643066
leaf_weight=22 33 27 20 60 33 21 31 198
leaf_count=22 33 27 20 60 33 21 31 198
internal_value=2.71875e-09 0.424716 0.243368 0.405903 -0.194952 -0.260987 0.085105 -0.344745
internal_weight=445 140 107 87 305 272 53 219
internal_count=445 140 107 87 305 272 53 219
is_linear=0
shrinkage=0.03


Tree=58
num_leaves=8
num_cat=0
split_feature=2 13 15 6 20 15 12
split_gain=39236.9 16172.8 12294.5 10715.5 10239.1 7794.53 6882.27
threshold=253.00000000000003 18.349999427795414 1.7050000429153445 232.50000000000003 597.50000000000011 0.74500000476837169 153.50000000000003
decision_type=10 10 10 10 10 10 10
left_child=1 2 4 5 -1 -2 -4
right_child=3 -3 6 -5 -6 -7 -8
leaf_value=0.15692354695683114 0.84048802988869797 -0.73557327792048455 -0.50496395485169854 1.1482966565049213 -0.52911125015128746 0.1132228132088979 -0.066384082052015486
leaf_weight=178 21 36 67 23 22 36 62
leaf_count=178 21 36 67 23 22 36 62
internal_value=1.77608e-09 -0.131882 -0.0658251 0.601714 0.0814597 0.381163 -0.294174
internal_weight=445 365 329 80 200 57 129
internal_count=445 365 329 80 200 57 129
is_linear=0
shrinkage=0.03


Tree=59
num_leaves=9
num_cat=0
split_feature=2 2 6 10 6 6 3 21
split_gain=36918 13013.7 10082.2 8699.85 7528.77 6655.17 4883.93 6788.74
threshold=253.00000000000003 136.50000000000003 232.50000000000003 129.50000000000003 131.50000000000003 263.50000000000006 146.50000000000003 -1.0000000180025095e-35
decision_type=10 8 10 10 10 8 10 2
left_child=1 6 4 -3 -2 -5 7 -1
right_child=2 3 -4 5 -6 -7 -8 -9
leaf_value=0.10915093192687401 0.82115451029368802 0.59304622006416319 1.1138477639530016 0.040512163175972636 0.10639546597997347 -0.31928583500906826 -0.81942817354202269 -0.46080150331425318
leaf_weight=26 21 20 23 167 36 64 20 68
leaf_count=26 21 20 23 167 36 64 20 68
internal_value=1.81426e-09 -0.127926 0.583662 -0.00720254 0.369728 -0.0591721 -0.393729 -0.303155
internal_weight=445 365 80 251 57 231 114 94
internal_count=445 365 80 251 57 231 114 94
is_linear=0
shrinkage=0.03


Tree=60
num_leaves=12
num_cat=0
split_feature=7 3 2 12 16 22 21 6 4 22 2
split_gain=34819.9 20931.4 14786.9 11880.1 9167.84 8082.02 14235.2 6953.1 4688.88 3880.57 2962.98
threshold=231.50000000000003 249.00000000000003 297.50000000000006 187.75000000000003 281.50000000000006 -1.0000000180025095e-35 -0.37940999865531916 259.00000000000006 200.50000000000003 -1.0000000180025095e-35 160.50000000000003
decision_type=10 10 8 8 8 2 2 8 10 2 10
left_child=3 -2 -3 5 7 6 -1 -5 -6 -4 -7
right_child=1 2 9 4 8 10 -8 -9 -10 -11 -12
leaf_value=0.34916722713514814 1.1756416250097341 -0.31631749659776687 0.8771128313541412 0.12231056218345959 0.67191735796630381 -0.35401548112573272 -0.33068492158101154 -0.54545087969821426 0.093824222282223063 0.29321544536522454 -0.70833415436957559
leaf_weight=43 29 28 20 36 28 88 78 23 23 21 28
leaf_count=43 29 28 20 36 28 88 78 23 23 21 28
internal_value=-9.80965e-10 0.499352 0.215114 -0.141027 0.116631 -0.260616 -0.0890846 -0.138003 0.411209 0.578043 -0.439541
internal_weight=445 98 69 347 110 237 121 59 51 41 116
internal_count=445 98 69 347 110 237 121 59 51 41 116
is_linear=0
shrinkage=0.03


Tree=61
num_leaves=9
num_cat=0
split_feature=7 15 3 7 5 20 14 8
split_gain=32950.9 14561 13101.8 11781.8 10694 7519.54 13503.8 6767.62
threshold=204.62500000000003 0.7150000035762788 340.00000000000006 289.50000000000006 260.50000000000006 77.500000000000014 88.500000000000014 93.250000000000014
decision_type=10 8 8 10 10 10 10 10
left_child=4 -2 3 -3 5 6 -1 -7
right_child=1 2 -4 -5 -6 7 -8 -9
leaf_value=0.61025219738483427 0.93195048163221639 0.16718142730456131 -0.48124960327148436 0.97037262374704525 0.33509810718623073 -0.82645451000758574 -0.3517660439631034 -0.26006007487123661
leaf_weight=24 33 65 20 22 33 21 29 198
leaf_count=24 33 65 20 22 33 21 29 198
internal_value=-4.70893e-10 0.381031 0.211121 0.370287 -0.1749 -0.236774 0.0838649 -0.314372
internal_weight=445 140 107 87 305 272 53 219
internal_count=445 140 107 87 305 272 53 219
is_linear=0
shrinkage=0.03


Tree=62
num_leaves=10
num_cat=0
split_feature=2 20 5 2 17 3 22 3 22
split_gain=30931.5 12158.5 13591 9820.09 9499.49 11009.5 8544.14 4073.95 3272.96
threshold=253.00000000000003 107.50000000000001 279.50000000000006 124.50000000000001 0.85500001907348644 291.50000000000006 -1.0000000180025095e-35 204.50000000000003 -0.78656998276710499
decision_type=10 10 8 10 8 8 2 8 2
left_child=1 2 6 8 5 -2 -1 -5 -3
right_child=4 3 -4 7 -6 -7 -8 -9 -10
leaf_value=0.3455660552283128 1.2384146838084511 -0.30025334413235005 0.69897229803933025 -0.062667406598531358 -0.031973685979843139 0.40258977761139741 -0.20305663615465164 -0.52331744331121444 -0.73053256545851863
leaf_weight=36 23 26 27 127 20 37 88 20 41
leaf_count=36 23 26 27 127 20 37 88 20 41
internal_value=4.44523e-10 -0.117096 0.0890308 -0.26254 0.534249 0.722989 -0.0437791 -0.125341 -0.563559
internal_weight=445 365 151 214 80 60 124 147 67
internal_count=445 365 151 214 80 60 124 147 67
is_linear=0
shrinkage=0.03


Tree=63
num_leaves=10
num_cat=0
split_feature=8 6 6 21 20 14 23 8 3
split_gain=28165.8 24314.5 21671.8 21169.2 10048 7114.8 6472.18 5674 3463.95
threshold=173.75000000000003 124.50000000000001 177.50000000000003 0.60355499386787426 77.500000000000014 90.500000000000014 1.0000000180025095e-35 93.250000000000014 149.50000000000003
decision_type=10 8 10 2 10 8 2 10 10
left_child=4 -2 6 -4 5 -1 -3 -6 -9
right_child=1 2 3 -5 7 -7 -8 8 -10
leaf_value=0.60150506561994543 1.2430352368354796 -0.56844882414258757 0.19895160853172894 1.1976040884017944 -0.78681432962417597 -0.19870224487781524 -0.022606973201036454 -0.16318039117193003 -0.44701243311166761
leaf_weight=20 20 29 81 25 21 20 60 109 60
leaf_count=20 20 29 81 25 21 20 60 109 60
internal_value=-4.18153e-10 0.246858 0.144686 0.434483 -0.230758 0.201401 -0.200466 -0.32174 -0.263949
internal_weight=445 215 195 106 230 40 89 190 169
internal_count=445 215 195 106 230 40 89 190 169
is_linear=0
shrinkage=0.03


Tree=64
num_leaves=9
num_cat=0
split_feature=7 15 4 5 14 13 16 3
split_gain=28166.5 13251.4 13267 9333.23 6856.74 6660.43 5454.74 4101.07
threshold=204.62500000000003 1.2599999904632571 190.50000000000003 260.50000000000006 88.500000000000014 19.149999618530277 315.50000000000006 218.00000000000003
decision_type=10 8 10 10 10 10 8 10
left_child=3 2 -2 5 -4 6 -1 -3
right_child=1 7 4 -5 -6 -7 -8 -9
leaf_value=-0.23753690175016956 1.1780753299713136 0.35326369013105119 -0.098531965792179113 0.31474283982406959 0.59779354727268219 -0.71994228349490597 0.14091710776635785 -0.16673662068752143
leaf_weight=209 25 21 20 33 35 22 41 39
leaf_count=209 25 21 20 33 35 22 41 39
internal_value=-4.40756e-10 0.352284 0.60505 -0.161704 0.344584 -0.219509 -0.17547 0.0152635
internal_weight=445 140 80 305 55 272 250 60
internal_count=445 140 80 305 55 272 250 60
is_linear=0
shrinkage=0.03


Tree=65
num_leaves=8
num_cat=0
split_feature=2 13 6 22 6 6 19
split_gain=26671.5 12480.6 9406.43 8607.35 8863.26 6249.13 3490.43
threshold=253.00000000000003 18.349999427795414 232.50000000000003 0.78656998276710521 268.50000000000006 131.50000000000003 993.04998779296886
decision_type=10 10 10 2 10 10 10
left_child=1 3 5 4 -1 -2 -5
right_child=2 -3 -4 6 -6 -7 -8
leaf_value=0.10376711744029041 0.70073449339185445 -0.6390549061695735 1.0082057533575139 -0.19554396919514003 -0.43836919847996003 0.049544810354709624 -0.63337273882782974
leaf_weight=218 21 36 23 57 31 36 23
leaf_count=218 21 36 23 57 31 36 23
internal_value=1.01361e-09 -0.108734 0.496097 -0.0507045 0.0362722 0.289457 -0.32142
internal_weight=445 365 80 329 249 57 80
internal_count=445 365 80 329 249 57 80
is_linear=0
shrinkage=0.03


Tree=66
num_leaves=8
num_cat=0
split_feature=2 13 6 2 18 19 3
split_gain=25095.2 11768.2 8850.51 7980.05 9513.4 6161.12 4567.62
threshold=253.00000000000003 18.550000190734867 232.50000000000003 166.50000000000003 -0.34499999880790705 993.25000000000011 149.50000000000003
decision_type=10 10 10 8 10 8 8
left_child=1 3 5 6 -5 -2 -1
right_child=2 -3 -4 4 -6 -7 -8
leaf_value=-0.074226775790038321 -0.015120096802711487 -0.66461307559282545 0.97795958239099257 0.32604192357964629 -0.14830788230392294 0.60954331345028345 -0.38732773877680304
leaf_weight=115 30 31 23 82 71 27 66
leaf_count=115 30 31 23 82 71 27 66
internal_value=-6.16808e-10 -0.105472 0.481214 -0.0535752 0.105919 0.280773 -0.188396
internal_weight=445 365 80 334 153 57 181
internal_count=445 365 80 334 153 57 181
is_linear=0
shrinkage=0.03


Tree=67
num_leaves=9
num_cat=0
split_feature=8 21 5 5 20 4 8 3
split_gain=22655.7 22603.9 10023.9 11379.2 9094.54 7891.25 4922.59 3104.66
threshold=173.75000000000003 0.78656998276710521 138.50000000000003 197.00000000000003 77.500000000000014 138.50000000000003 93.250000000000014 149.50000000000003
decision_type=10 2 8 8 10 10 10 10
left_child=4 2 -2 -4 5 -1 -6 -8
right_child=1 -3 3 -5 6 -7 7 -9
leaf_value=0.62555573455989355 -0.39771812103688714 0.90731188178062439 0.49297377884387966 -0.040391914680866253 -0.72670260156903943 -0.2171855292767286 -0.14428853101960015 -0.41299790108203888
leaf_weight=20 32 36 63 84 21 20 109 60
leaf_count=20 32 36 63 84 21 20 109 60
internal_value=1.41921e-09 0.221398 0.0834494 0.188193 -0.206959 0.204185 -0.293516 -0.239688
internal_weight=445 215 179 147 230 40 190 169
internal_count=445 215 179 147 230 40 190 169
is_linear=0
shrinkage=0.03


Tree=68
num_leaves=10
num_cat=0
split_feature=8 6 6 15 16 13 3 8 22
split_gain=21316.7 21750.4 19685.2 14009.5 8679.97 6351.21 5431.3 6152.36 4538.16
threshold=173.75000000000003 124.50000000000001 177.50000000000003 1.1549999713897707 320.50000000000006 14.750000000000002 149.50000000000003 122.25000000000001 0.37940999865531927
decision_type=10 8 10 8 8 10 8 10 2
left_child=4 -2 5 -4 6 -3 7 -1 -8
right_child=1 2 3 -5 -6 -7 8 -9 -10
leaf_value=-0.39071424308750363 1.1569454222917557 -0.07438872381396916 0.81177707425383627 0.10938379978849773 0.33918813604861497 -0.68155126391351217 -0.74442904005127564 0.028089116556373864 -0.27271274342139562
leaf_weight=54 20 69 43 63 24 20 31 76 45
leaf_count=54 20 69 43 63 24 20 31 76 45
internal_value=2.36326e-10 0.214757 0.118122 0.394317 -0.200751 -0.21083 -0.263656 -0.145875 -0.465123
internal_weight=445 215 195 106 230 89 206 130 76
internal_count=445 215 195 106 230 89 206 130 76
is_linear=0
shrinkage=0.03


Tree=69
num_leaves=8
num_cat=0
split_feature=2 13 15 20 6 12 15
split_gain=21658.9 10348.3 8571.73 9217.89 8189.55 5989.45 5768.14
threshold=253.00000000000003 18.550000190734867 1.7050000429153445 597.50000000000011 232.50000000000003 153.50000000000003 0.72500002384185802
decision_type=10 10 10 10 10 10 10
left_child=1 2 3 -1 6 -4 -2
right_child=4 -3 5 -5 -6 -7 -8
leaf_value=0.14733519632756459 0.66471928596496577 -0.62231198003215171 -0.4271426694222859 -0.4908712066256482 0.92489170400992682 -0.023942003704252694 0.032364402332821403
leaf_weight=178 20 31 70 23 23 63 37
leaf_count=178 20 31 70 23 23 63 37
internal_value=1.16367e-09 -0.0979846 -0.0493195 0.0743066 0.447055 -0.236153 0.254243
internal_weight=445 365 334 201 80 133 57
internal_count=445 365 334 201 80 133 57
is_linear=0
shrinkage=0.03


Tree=70
num_leaves=8
num_cat=0
split_feature=2 13 13 18 22 20 19
split_gain=20378.8 9736.75 8054.55 9729.38 7488.68 9657.81 3140.02
threshold=253.00000000000003 18.550000190734867 10.449999809265138 -0.054999999701976769 0.78656998276710521 582.50000000000011 992.75000000000011
decision_type=10 10 8 10 2 10 8
left_child=1 4 -2 -4 5 -1 -6
right_child=2 -3 3 -5 6 -7 -8
leaf_value=0.099580919548336949 -0.087740695953369141 -0.60364262684699022 0.19903902896812983 0.96478649776428937 -0.16303984821129303 -0.47360148810595271 -0.55709051753793437
leaf_weight=224 20 31 28 32 52 30 28
leaf_count=224 20 31 28 32 52 30 28
internal_value=2.82787e-10 -0.0950451 0.433643 0.607438 -0.0478399 0.0318822 -0.300958
internal_weight=445 365 80 60 334 254 80
internal_count=445 365 80 60 334 254 80
is_linear=0
shrinkage=0.03


Tree=71
num_leaves=9
num_cat=0
split_feature=7 3 15 11 5 4 13 20
split_gain=19791.8 11466.1 16584.6 15391.4 7528.72 5616.63 4258.87 3900.11
threshold=204.62500000000003 350.00000000000006 1.1549999713897707 203.73500061035159 260.50000000000006 105.50000000000001 13.250000000000002 555.00000000000011
decision_type=10 10 10 10 10 8 10 10
left_child=4 2 3 -2 5 -1 -4 -7
right_child=1 -3 6 -5 -6 7 -8 -9
leaf_value=0.25075706601142883 0.18743068643238234 -0.36972517669200894 0.24726178253805914 1.1983909355510365 0.29236721374771807 -0.17926692424927437 -0.27395034619740072 -0.5095483335538914
leaf_weight=24 23 20 43 33 33 210 21 38
leaf_count=24 23 20 43 33 33 210 21 38
internal_value=-1.40037e-09 0.295304 0.406143 0.783175 -0.13555 -0.187466 0.0762391 -0.229875
internal_weight=445 140 120 56 305 272 64 248
internal_count=445 140 120 56 305 272 64 248
is_linear=0
shrinkage=0.03


Tree=72
num_leaves=9
num_cat=0
split_feature=7 15 13 4 16 2 10 5
split_gain=18683.7 11485.7 9811.69 11035.9 7882.15 7914.97 4642.46 4293.4
threshold=231.50000000000003 0.7150000035762788 10.650000095367433 268.50000000000006 333.50000000000006 138.50000000000003 146.25000000000003 260.50000000000006
decision_type=10 8 10 8 8 10 8 10
left_child=4 -2 -3 -4 5 6 -1 -7
right_child=1 2 3 -5 -6 7 -8 -9
leaf_value=-0.25056102553457021 0.92076631193161007 -0.35382635983553801 0.019781803262644799 0.91082721545276313 0.44624756886200467 -0.096925614015913444 -0.75125344061851496 0.24323217911379677
leaf_weight=100 25 22 29 22 22 163 20 42
leaf_count=100 25 22 29 22 22 163 20 42
internal_value=1.13215e-09 0.365784 0.175722 0.404154 -0.103305 -0.140506 -0.33401 -0.0272347
internal_weight=445 98 73 51 347 325 120 205
internal_count=445 98 73 51 347 325 120 205
is_linear=0
shrinkage=0.03


Tree=73
num_leaves=11
num_cat=0
split_feature=7 6 15 6 20 22 18 6 14 22
split_gain=17604.5 11144.1 17475.3 17200.9 6147.51 9209.79 6898.74 6282.01 5574.14 3462.02
threshold=204.62500000000003 177.50000000000003 1.0249999761581423 131.50000000000003 555.00000000000011 -1.0000000180025095e-35 0.25499999523162847 210.50000000000003 90.500000000000014 -0.37940999865531916
decision_type=10 10 10 8 10 2 8 10 8 2
left_child=4 3 -3 -2 5 7 -7 -1 -5 -4
right_child=1 2 9 8 -6 6 -8 -9 -10 -11
leaf_value=0.25250639163477473 0.71152127087116235 1.2718240063531059 0.48900838494300841 -0.6248043781518936 -0.47958632955184344 -0.30643260008989098 0.23642054316401481 -0.32626050131661555 0.015272939193248748 -0.020552081316709516
leaf_weight=86 22 21 24 24 39 134 25 21 25 24
leaf_count=86 22 21 24 24 39 134 25 21 25 24
internal_value=-1.68253e-09 0.278509 0.550018 0.0146477 -0.12784 -0.0762683 -0.221078 0.138917 -0.298234 0.234228
internal_weight=445 140 69 71 305 266 159 107 49 48
internal_count=445 140 69 71 305 266 159 107 49 48
is_linear=0
shrinkage=0.03


Tree=74
num_leaves=9
num_cat=0
split_feature=7 3 9 3 20 16 5 21
split_gain=16625 17562.5 12198.5 7762.96 7333.54 8834.41 7277.74 2677.68
threshold=231.50000000000003 249.00000000000003 293.21499633789068 346.00000000000006 555.00000000000011 331.50000000000006 260.50000000000006 0.60355499386787426
decision_type=10 10 10 10 10 8 10 2
left_child=4 -2 -3 -4 5 6 -1 -6
right_child=1 2 3 -5 7 -7 -8 -9
leaf_value=-0.14954750321045215 0.96452388500345165 -0.44450185489654542 0.74911766201257701 -0.051159906148910521 -0.21027967044711113 0.54810800935540871 0.29666110791658101 -0.68491003306015674
leaf_weight=245 29 25 24 20 20 21 38 23
leaf_count=245 29 25 24 20 20 21 38 23
internal_value=-2.26029e-10 0.345044 0.0846823 0.385355 -0.0974475 -0.0455781 -0.0896326 -0.464152
internal_weight=445 98 69 44 347 304 283 43
internal_count=445 98 69 44 347 304 283 43
is_linear=0
shrinkage=0.03


Tree=75
num_leaves=10
num_cat=0
split_feature=7 3 5 17 5 3 22 7 14
split_gain=15715.9 10894.7 10770.7 10109.8 6260.18 5945.88 4694.19 4545.92 3817.55
threshold=204.62500000000003 350.00000000000006 138.50000000000003 -1.1750000119209287 260.50000000000006 183.50000000000003 -0.37940999865531916 111.29000091552736 77.500000000000014
decision_type=10 10 10 10 8 10 2 10 10
left_child=4 2 -2 -4 6 -6 7 -1 -8
right_child=1 -3 3 -5 5 -7 8 -9 -10
leaf_value=-0.40004984876383903 -0.19724925518035888 -0.38510088801383968 -0.051330218586054709 0.68115848837672044 0.3971416060129801 -0.22886770516633986 -0.6696943567480359 0.079884263059267629 -0.23254973776012658
leaf_weight=23 24 20 22 74 36 22 21 78 125
leaf_count=23 24 20 22 74 36 22 21 78 125
internal_value=-2.16963e-09 0.263146 0.371187 0.513296 -0.120788 0.15969 -0.18665 -0.0294077 -0.295427
internal_weight=445 140 120 96 305 58 247 101 146
internal_count=445 140 120 96 305 58 247 101 146
is_linear=0
shrinkage=0.03


Tree=76
num_leaves=10
num_cat=0
split_feature=7 3 9 3 20 22 12 7 22
split_gain=15060.5 16123.8 11550.1 6995.66 6883.82 9143.72 10756.3 4729.76 2450.69
threshold=231.50000000000003 249.00000000000003 293.21499633789068 346.00000000000006 555.00000000000011 -1.0000000180025095e-35 186.50000000000003 131.00000000000003 -0.78656998276710499
decision_type=10 10 10 10 10 2 8 10 2
left_child=4 -2 -3 -4 5 7 -7 -1 -6
right_child=1 2 3 -5 8 6 -8 -9 -10
leaf_value=-0.13416738602093287 0.92197013953636431 -0.43598947019577028 0.71682829871773712 -0.04287024807929992 -0.20515782174468042 -0.35730616403034826 0.11594317294018609 0.27949902659238773 -0.6592260286082392
leaf_weight=35 29 25 24 20 20 113 70 86 23
leaf_count=35 29 25 24 20 20 113 70 86 23
internal_value=-5.55026e-10 0.328407 0.0789382 0.371511 -0.0927489 -0.0424951 -0.176282 0.159843 -0.448032
internal_weight=445 98 69 44 347 304 183 121 43
internal_count=445 98 69 44 347 304 183 121 43
is_linear=0
shrinkage=0.03


Tree=77
num_leaves=7
num_cat=0
split_feature=2 16 19 13 15 17
split_gain=14357.8 10154 9953.15 7977.9 6536.73 4237.22
threshold=297.50000000000006 320.50000000000006 993.35000610351574 18.550000190734867 0.81499999761581432 -0.46999999880790705
decision_type=10 8 8 10 8 10
left_child=1 3 -3 4 -1 -2
right_child=5 2 -4 -5 -6 -7
leaf_value=0.28898805591922544 0.79348785021088342 -0.0014620018774463284 0.85694002559781068 -0.59456217354741592 -0.12584469094495909 0.2326124854882558
leaf_weight=39 22 31 20 29 277 27
leaf_count=39 22 31 20 29 277 27
internal_value=5.12332e-11 -0.0599426 0.335166 -0.11835 -0.074647 0.484434
internal_weight=445 396 51 345 316 49
internal_count=445 396 51 345 316 49
is_linear=0
shrinkage=0.03


Tree=78
num_leaves=7
num_cat=0
split_feature=2 16 19 13 15 14
split_gain=13509.2 9553.9 9364.92 7506.4 6150.41 4177.78
threshold=297.50000000000006 320.50000000000006 993.35000610351574 18.550000190734867 0.81499999761581432 83.500000000000014
decision_type=10 8 8 10 8 10
left_child=1 3 -3 4 -1 -2
right_child=5 2 -4 -5 -6 -7
leaf_value=0.28031841406455404 0.76442360960918931 -0.0014181460584363629 0.83123181188106532 -0.57672530774412489 -0.12206934994731319 0.20936187936709474
leaf_weight=39 23 31 20 29 277 26
leaf_count=39 23 31 20 29 277 26
internal_value=-2.63151e-10 -0.0581443 0.325111 -0.114799 -0.0724076 0.469901
internal_weight=445 396 51 345 316 49
internal_count=445 396 51 345 316 49
is_linear=0
shrinkage=0.03


Tree=79
num_leaves=9
num_cat=0
split_feature=7 3 5 4 16 5 3 22
split_gain=12797 15110.7 10677 9386.96 6347.38 6222.25 13157.9 5139.17
threshold=231.50000000000003 249.00000000000003 192.50000000000003 284.50000000000006 333.50000000000006 260.50000000000006 185.50000000000003 -0.37940999865531916
decision_type=10 10 8 10 8 10 10 2
left_child=4 -2 -3 -4 5 7 -7 -1
right_child=1 2 3 -5 -6 6 -8 -9
leaf_value=-0.003448575586080551 0.87733859614565446 0.52666022274229263 -0.66561763741753321 0.23239408278465271 0.40766030755910004 0.75577569382531296 -0.28286863399588541 -0.26916454590478184
leaf_weight=104 29 27 22 20 22 21 23 177
leaf_count=104 29 27 22 20 22 21 23 177
internal_value=4.57081e-10 0.302724 0.0612191 -0.237993 -0.0854955 -0.118878 0.212848 -0.170821
internal_weight=445 98 69 42 347 325 44 281
internal_count=445 98 69 42 347 325 44 281
is_linear=0
shrinkage=0.03


Tree=80
num_leaves=8
num_cat=0
split_feature=2 16 19 7 3 6 11
split_gain=12253.8 8635.63 8857.53 5787.38 5495.23 4162.89 3138.15
threshold=297.50000000000006 320.50000000000006 993.35000610351574 131.00000000000003 137.50000000000003 177.50000000000003 154.48999786376956
decision_type=10 8 8 10 10 8 10
left_child=1 3 -3 6 -5 -2 -1
right_child=5 2 -4 4 -6 -7 -8
leaf_value=-0.41970984026178049 0.11456366774439811 -0.0085651650736408829 0.80121449643373488 0.30136262945226716 -0.09392329347256112 0.67716791522913955 -0.0067531673474745318
leaf_weight=67 20 31 20 37 219 29 22
leaf_count=67 20 31 20 37 219 29 22
internal_value=-5.66328e-10 -0.0553766 0.308995 -0.10924 -0.0367921 0.447534 -0.317631
internal_weight=445 396 51 345 256 49 89
internal_count=445 396 51 345 256 49 89
is_linear=0
shrinkage=0.03


Tree=81
num_leaves=7
num_cat=0
split_feature=2 13 13 20 5 6
split_gain=11529.6 8709.42 7558.53 10069.9 5201.09 3916.87
threshold=297.50000000000006 18.550000190734867 10.750000000000002 582.50000000000011 171.50000000000003 177.50000000000003
decision_type=10 10 8 10 8 8
left_child=1 2 4 -4 -1 -2
right_child=5 -3 3 -5 -6 -7
leaf_value=-0.46361597905988278 0.1111267620921135 -0.52822375528514387 0.1475106206449813 -0.42938609465476008 -0.044018790551594321 0.65685289399377222
leaf_weight=46 20 32 224 31 63 29
leaf_count=46 20 32 224 31 63 29
internal_value=5.55529e-10 -0.0537153 -0.0120003 0.0773781 -0.221097 0.434108
internal_weight=445 396 364 255 109 49
internal_count=445 396 364 255 109 49
is_linear=0
shrinkage=0.03


Tree=82
num_leaves=9
num_cat=0
split_feature=7 21 4 7 13 6 17 17
split_gain=11032.3 10808.7 5394.75 4786.14 4858.57 4365.44 11302.8 4139.19
threshold=196.75000000000003 0.78656998276710521 105.50000000000001 303.50000000000006 14.750000000000002 214.00000000000003 -0.075000001117587076 1.4550000429153445
decision_type=10 2 8 10 8 8 8 8
left_child=2 3 -1 4 -2 6 -4 -7
right_child=1 -3 5 -5 -6 7 -8 -9
leaf_value=0.29754319647183786 0.11048834621529036 0.78375291705131522 0.48026282461626185 0.39850420004980902 -0.36230346487118648 -0.50682545385360722 -0.17738743726392181 -0.061088738203048699
leaf_weight=26 79 24 28 35 26 50 147 30
leaf_count=26 79 24 28 35 26 50 147 30
internal_value=8.00644e-10 0.195527 -0.114115 0.0946881 -0.00658391 -0.156088 -0.0721634 -0.339674
internal_weight=445 164 281 140 105 255 175 80
internal_count=445 164 281 140 105 255 175 80
is_linear=0
shrinkage=0.03


Tree=83
num_leaves=12
num_cat=0
split_feature=12 21 15 9 21 22 17 15 11 3 9
split_gain=10442.5 12724.5 17322.3 9106.6 6754.53 8855.5 5527.73 4431.99 4408.02 2184.95 3186.91
threshold=175.00000000000003 0.78656998276710521 1.1749999523162844 321.35499572753912 -1.0000000180025095e-35 -1.0000000180025095e-35 -0.34499999880790705 1.7500000000000002 156.40000152587893 156.50000000000003 142.56999969482425
decision_type=8 2 8 8 2 2 10 10 10 10 10
left_child=4 3 -3 6 5 7 -2 -1 -7 10 -6
right_child=1 2 -4 -5 9 8 -8 -9 -10 -11 -12
leaf_value=0.54530330392622173 -0.32189178926870227 1.1776307288460111 0.013302659107291181 0.58304061848184341 -0.32697297474990283 -0.45850838575512171 0.075996158125472585 -0.01145432092926719 0.056915371503148758 -0.53352054959019779 0.060522033595121823
leaf_weight=31 48 23 23 23 72 32 91 22 28 26 26
leaf_count=31 48 23 23 23 72 32 91 22 28 26 26
internal_value=1.06485e-09 0.155126 0.595467 0.0300912 -0.136144 0.0316263 -0.061404 0.314196 -0.217977 -0.289032 -0.224168
internal_weight=445 208 46 162 237 113 139 53 60 124 98
internal_count=445 208 46 162 237 113 139 53 60 124 98
is_linear=0
shrinkage=0.03


Tree=84
num_leaves=12
num_cat=0
split_feature=15 5 6 16 22 14 11 21 7 6 21
split_gain=9835.03 13487 8286.39 8489.05 4794.82 9026.66 5540.5 4209.72 4008.85 3470.94 1580
threshold=1.2849999666213991 322.00000000000006 122.50000000000001 80.500000000000014 -1.0000000180025095e-35 72.500000000000014 154.28499603271487 0.60355499386787426 200.00000000000003 150.50000000000003 0.60355499386787426
decision_type=10 8 8 10 2 10 10 2 10 8 2
left_child=1 2 -1 -4 5 10 9 -8 -7 -6 -2
right_child=4 -3 3 -5 6 8 7 -9 -10 -11 -12
leaf_value=0.48038093060255044 -0.11116180714219809 0.90346395564079274 -0.55681890303673942 0.079532713517546649 -0.26577849834196027 0.096388858665119509 -0.21249635697059008 0.24188161869049071 0.60018172298158923 -0.75218193380729004 -0.45540038883686068
leaf_weight=36 24 20 23 105 31 44 69 25 21 23 24
leaf_count=36 24 20 23 105 31 44 69 25 21 23 24
internal_value=-1.4717e-10 0.167973 0.0782794 -0.0348117 -0.118418 0.0287383 -0.230774 -0.0916512 0.259153 -0.47295 -0.283281
internal_weight=445 184 164 128 261 113 148 94 65 54 48
internal_count=445 184 164 128 261 113 148 94 65 54 48
is_linear=0
shrinkage=0.03


Tree=85
num_leaves=8
num_cat=0
split_feature=7 3 3 7 5 4 13
split_gain=9353.64 12265.9 6746.57 11700.8 5685.77 5186.84 3538.66
threshold=196.75000000000003 187.50000000000003 350.00000000000006 270.62500000000006 260.50000000000006 81.500000000000014 19.149999618530277
decision_type=10 10 10 10 10 10 10
left_child=4 -2 3 -3 5 -1 -7
right_child=1 2 -4 -5 -6 6 -8
leaf_value=0.29215542034669356 0.83918429665267469 -0.043556852082653738 -0.43280460652196778 0.58229589387215674 0.31754091492066017 -0.15391572172787127 -0.57127854198217387
leaf_weight=22 22 82 20 40 26 213 20
leaf_count=22 22 82 20 40 26 213 20
internal_value=-5.66489e-10 0.180037 0.0779161 0.161641 -0.105075 -0.148165 -0.189741
internal_weight=445 164 142 122 281 255 233
internal_count=445 164 142 122 281 255 233
is_linear=0
shrinkage=0.03


Tree=86
num_leaves=12
num_cat=0
split_feature=15 5 9 13 18 22 20 12 6 12 22
split_gain=9072.93 12409 8887.07 12963.5 7357.54 4526.91 9466.47 3752.29 4179.61 3794.89 3194.42
threshold=1.2849999666213991 322.00000000000006 201.00000000000003 10.250000000000002 -0.4549999982118606 -0.37940999865531916 172.50000000000003 151.50000000000003 207.50000000000003 145.50000000000003 -0.91597998142242421
decision_type=10 8 10 10 8 2 10 10 8 8 2
left_child=1 2 4 -4 -1 6 -2 9 -9 -7 -8
right_child=5 -3 3 -5 -6 7 10 8 -10 -11 -12
leaf_value=0.1422910197476546 0.45321026738952186 0.86681771457195278 -0.27717728866183239 0.57817998575476504 -0.40327836074612355 -0.22400217700389125 0.12618002282828092 0.18122443985193967 -0.24452029517718726 -0.67520347843999451 -0.3444055221290202
leaf_weight=45 34 20 23 52 44 62 20 36 49 23 37
leaf_count=45 34 20 23 52 44 62 20 36 49 23 37
internal_value=-1.01361e-09 0.161334 0.0752996 0.31587 -0.127429 -0.113737 0.0570302 -0.205148 -0.0642049 -0.346092 -0.179288
internal_weight=445 184 164 75 89 261 91 170 85 85 57
internal_count=445 184 164 75 89 261 91 170 85 85 57
is_linear=0
shrinkage=0.03


Tree=87
num_leaves=10
num_cat=0
split_feature=7 21 3 10 3 3 21 9 9
split_gain=8469.96 10668.2 10490.1 8223.01 7972.73 4639.5 5235.05 2319.83 1778.84
threshold=158.12500000000003 0.78656998276710521 147.50000000000003 192.50000000000003 185.50000000000003 149.50000000000003 -1.0000000180025095e-35 110.57500076293947 132.14499664306643
decision_type=8 2 10 8 8 10 2 10 10
left_child=5 2 -2 -4 -3 6 8 -8 -1
right_child=1 4 3 -5 -6 -7 7 -9 -10
leaf_value=0.36663095697760578 0.67686418390274039 0.93737300374291155 -0.32078643523156641 0.090414517244963508 0.13854053580242653 -0.45270973892588362 -0.45750027313828467 -0.11863241761885583 -0.016454168558120728
leaf_weight=24 20 22 65 134 23 38 24 75 20
leaf_count=24 20 22 65 134 23 38 24 75 20
internal_value=1.67418e-09 0.108373 0.0219256 -0.0438974 0.529081 -0.158068 -0.0797719 -0.200782 0.192501
internal_weight=445 264 219 199 45 181 143 99 44
internal_count=445 264 219 199 45 181 143 99 44
is_linear=0
shrinkage=0.03


Tree=88
num_leaves=12
num_cat=0
split_feature=15 5 9 3 18 22 20 11 3 17 17
split_gain=8393.05 11366 8152.61 7476.44 6948.72 4180.34 8628.05 3701.8 3682.43 3003.59 2815.37
threshold=1.2849999666213991 322.00000000000006 201.00000000000003 266.00000000000006 -0.4549999982118606 -0.37940999865531916 172.50000000000003 154.28499603271487 149.50000000000003 1.5699999928474428 1.4200000166893008
decision_type=10 8 10 10 8 2 10 10 8 10 10
left_child=1 2 4 -4 -1 6 -2 8 -7 -8 -9
right_child=5 -3 3 -5 -6 7 9 10 -10 -11 -12
leaf_value=0.14078043707211813 0.43293672091820656 0.83035847783088679 0.57601053296065918 -0.025672639454988874 -0.38941513099453662 -0.18741040288596539 -0.44558263724839142 -0.20871822854476188 -0.65328742091472336 0.0017533629834651948 0.10934489073604345
leaf_weight=45 34 20 41 34 44 37 22 67 26 35 40
leaf_count=45 34 20 41 34 44 37 22 67 26 35 40
internal_value=5.24889e-10 0.155172 0.0728318 0.303247 -0.121339 -0.109393 0.0547077 -0.197235 -0.379677 -0.170903 -0.0898161
internal_weight=445 184 164 75 89 261 91 170 63 57 107
internal_count=445 184 164 75 89 261 91 170 63 57 107
is_linear=0
shrinkage=0.03


Tree=89
num_leaves=13
num_cat=0
split_feature=15 11 4 20 6 11 22 20 11 20 17 6
split_gain=7897.02 8840.65 14423.4 9543.29 9490.73 8527.25 3961.09 8003.09 4591.06 3493 3410.46 3220.32
threshold=1.2849999666213991 213.88499450683597 200.50000000000003 42.500000000000007 202.50000000000003 164.88999938964847 -1.0000000180025095e-35 112.50000000000001 154.28499603271487 555.00000000000011 1.4200000166893008 150.50000000000003
decision_type=10 8 10 10 8 10 2 10 10 10 10 8
left_child=1 4 -3 -4 5 -1 7 -2 11 -9 -10 -8
right_child=6 2 3 -5 -6 -7 8 9 10 -11 -12 -13
leaf_value=-0.049375261830165974 0.50131761860847468 0.95664349397023518 0.52328217091767681 -0.3318825989961624 -0.50861805796623227 0.63002429580503228 -0.22913227465844924 0.018819902679715002 -0.22395428511346208 -0.39102052006456589 0.14777448686460654 -0.69764654445259455
leaf_weight=60 25 27 23 24 27 23 31 61 58 27 36 23
leaf_count=60 25 27 23 24 27 23 31 61 58 27 36 23
internal_value=-3.1086e-10 0.150517 0.40405 0.0866023 -0.0200422 0.138892 -0.106111 0.0276407 -0.208233 -0.106927 -0.0815901 -0.428685
internal_weight=445 184 74 47 110 83 261 113 148 88 94 54
internal_count=445 184 74 47 110 83 261 113 148 88 94 54
is_linear=0
shrinkage=0.03


Tree=90
num_leaves=11
num_cat=0
split_feature=15 5 6 4 22 13 11 11 3 6
split_gain=7430.3 10315.8 7427.87 8373.76 3782.82 5860.06 3673.76 3265.33 3435 2576.51
threshold=1.2849999666213991 322.00000000000006 124.50000000000001 268.50000000000006 -0.37940999865531916 14.050000190734865 140.50000000000003 154.28499603271487 149.50000000000003 207.50000000000003
decision_type=10 8 8 8 2 10 10 10 8 8
left_child=1 2 -1 -4 5 -2 -7 8 -6 -9
right_child=4 -3 3 -5 7 6 -8 9 -10 -11
leaf_value=0.43519929669405283 0.4671199517664702 0.78923880726099016 -0.17404481208122963 0.41422244961772642 -0.17214324986612475 -0.41671933407230038 0.060560037747342532 0.060241930555138323 -0.6220965341421274 -0.23419651062561656
leaf_weight=38 23 20 98 28 37 21 47 54 26 53
leaf_count=38 23 20 98 28 37 21 47 54 26 53
internal_value=2.88187e-10 0.146001 0.0675574 -0.0433188 -0.102928 0.0531755 -0.0868351 -0.186489 -0.357838 -0.0856014
internal_weight=445 184 164 126 261 91 68 170 63 107
internal_count=445 184 164 126 261 91 68 170 63 107
is_linear=0
shrinkage=0.03


Tree=91
num_leaves=10
num_cat=0
split_feature=20 22 15 9 22 21 23 20 6
split_gain=7475.76 10065.4 10186.2 15012.1 6741.48 1805.64 1442.31 1324.85 1232.98
threshold=582.50000000000011 0.78656998276710521 0.82499998807907116 197.21499633789065 -0.37940999865531916 0.60355499386787426 1.0000000180025095e-35 62.500000000000007 146.50000000000003
decision_type=10 2 10 8 2 2 2 8 10
left_child=1 2 3 -1 -4 -2 8 -8 -3
right_child=5 6 4 -5 -6 -7 7 -9 -10
leaf_value=-0.01150377987159623 -0.15706219979694913 -0.19267705451358449 0.22702923449448176 0.97992641610758635 -0.086824987501706044 -0.53440550175905221 0.057629196984427318 -0.27194794648367426 -0.5036064989701845
leaf_weight=27 21 22 105 28 149 25 21 23 24
leaf_count=27 21 22 105 28 149 25 21 23 24
internal_value=-1.05191e-09 0.0417505 0.12307 0.493224 0.0429179 -0.36214 -0.237445 -0.11465 -0.354901
internal_weight=445 399 309 55 254 46 90 44 46
internal_count=445 399 309 55 254 46 90 44 46
is_linear=0
shrinkage=0.03


Tree=92
num_leaves=9
num_cat=0
split_feature=20 22 15 9 22 19 21 18
split_gain=7033.95 9470.53 9584.18 14124.9 6343.06 2757.39 1698.93 1226.94
threshold=582.50000000000011 0.78656998276710521 0.82499998807907116 197.21499633789065 -0.37940999865531916 993.04998779296886 0.60355499386787426 -0.095000002533197389
decision_type=10 2 10 8 2 8 2 8
left_child=1 2 3 -1 -4 7 -2 -3
right_child=6 5 4 -5 -6 -7 -8 -9
leaf_value=-0.011158657090531455 -0.15235034342323028 -0.0016417888370720115 0.22021836027928759 0.95052862235477997 -0.084220238554497701 -0.44855912517417562 -0.51837333247661588 -0.29328711891174319
leaf_weight=27 21 37 105 28 149 33 25 20
leaf_count=27 21 37 105 28 149 33 25 20
internal_value=-5.63063e-10 0.040498 0.119377 0.478428 0.0416304 -0.230322 -0.351276 -0.103973
internal_weight=445 399 309 55 254 90 46 57
internal_count=445 399 309 55 254 90 46 57
is_linear=0
shrinkage=0.03


Tree=93
num_leaves=9
num_cat=0
split_feature=20 22 11 15 22 19 21 18
split_gain=6618.24 8910.82 9139.03 15832.2 7611.54 2594.43 1598.52 1154.43
threshold=582.50000000000011 0.78656998276710521 164.88999938964847 0.82499998807907116 -1.0000000180025095e-35 993.04998779296886 0.60355499386787426 -0.054999999701976769
decision_type=10 2 8 10 2 8 2 10
left_child=1 2 4 -4 -1 7 -2 -3
right_child=6 5 3 -5 -6 -7 -8 -9
leaf_value=0.15000221583006135 -0.14777982975755419 -0.001592533668956241 0.84993038134141397 0.12093789974263368 -0.30401495235470627 -0.43510234908624124 -0.50282213401794429 -0.28448850649595259
leaf_weight=68 21 37 33 143 65 33 25 20
leaf_count=68 21 37 33 143 65 33 25 20
internal_value=-3.37128e-10 0.039283 0.115796 0.257624 -0.0718859 -0.223412 -0.340738 -0.100854
internal_weight=445 399 309 176 133 90 46 57
internal_count=445 399 309 176 133 90 46 57
is_linear=0
shrinkage=0.03


Tree=94
num_leaves=10
num_cat=0
split_feature=20 22 11 15 22 21 23 20 6
split_gain=6227.1 8384.19 8598.91 14896.5 7161.7 1504.05 1339.43 1230.37 1154.67
threshold=582.50000000000011 0.78656998276710521 164.88999938964847 0.82499998807907116 -1.0000000180025095e-35 0.60355499386787426 1.0000000180025095e-35 62.500000000000007 146.50000000000003
decision_type=10 2 8 10 2 2 2 8 10
left_child=1 2 4 -4 -1 -2 8 -8 -3
right_child=5 6 3 -5 -6 -7 7 -9 -10
leaf_value=0.14550214844810613 -0.14334643387530896 -0.17291138169440354 0.82443247361616656 0.1173097630741296 -0.29489449735329698 -0.48773747134208684 0.067647740159715919 -0.24996044366256051 -0.47380504652857774
leaf_weight=68 21 22 33 143 65 25 21 23 24
leaf_count=68 21 22 33 143 65 25 21 23 24
internal_value=1.00148e-09 0.0381045 0.112322 0.249895 -0.0697293 -0.330515 -0.21671 -0.0983747 -0.329899
internal_weight=445 399 309 176 133 46 90 44 46
internal_count=445 399 309 176 133 46 90 44 46
is_linear=0
shrinkage=0.03


Tree=95
num_leaves=8
num_cat=0
split_feature=22 9 15 6 8 5 19
split_gain=5958.34 7965.19 14808.1 8031.86 3742.94 4554.27 3352.56
threshold=0.91597998142242443 199.93000030517581 0.72500002384185802 150.50000000000003 93.250000000000014 322.00000000000006 992.04998779296886
decision_type=2 8 10 10 10 8 8
left_child=1 4 -3 -4 -1 -6 -2
right_child=6 2 3 -5 5 -7 -8
leaf_value=-0.44291417726448601 -0.064404005408287057 0.82631450587305522 -0.34495551942817626 0.22588448555996785 -0.065382361500196051 0.4081001332104206 -0.54169012014682483
leaf_weight=21 27 29 31 78 213 20 26
leaf_count=21 27 29 31 78 213 20 26
internal_value=2.56166e-10 0.0403644 0.22383 0.0635355 -0.0593135 -0.0247401 -0.298544
internal_weight=445 392 138 109 254 233 53
internal_count=445 392 138 109 254 233 53
is_linear=0
shrinkage=0.03


Tree=96
num_leaves=9
num_cat=0
split_feature=20 15 21 11 21 21 19 21
split_gain=5720.61 6422.84 8958.78 17890 6627.42 3570.2 3939.31 1413.2
threshold=582.50000000000011 1.2849999666213991 0.60355499386787426 164.88999938964847 -0.37940999865531916 0.91597998142242443 994.85000610351574 0.60355499386787426
decision_type=10 10 2 10 2 2 10 2
left_child=1 2 4 -4 -1 6 -3 -2
right_child=7 5 3 -5 -6 -7 -8 -9
leaf_value=0.24418041368335253 -0.13536090278199742 -0.071939984951369662 -0.14929536867141721 1.0345045856965913 -0.21178403411920255 -0.4024962206840515 0.32242674130659837 -0.46918825964927674
leaf_weight=64 21 185 20 27 52 25 26 25
leaf_count=64 21 185 20 27 52 25 26 25
internal_value=5.23885e-10 0.036522 0.181353 0.53076 0.0397826 -0.0635094 -0.023345 -0.316789
internal_weight=445 399 163 47 116 236 211 46
internal_count=445 399 163 47 116 236 211 46
is_linear=0
shrinkage=0.03


Tree=97
num_leaves=6
num_cat=0
split_feature=22 2 13 6 19
split_gain=5484.87 7741.5 9712.56 9566.26 3178.69
threshold=0.91597998142242443 333.50000000000006 18.550000190734867 117.50000000000001 992.04998779296886
decision_type=2 10 10 8 8
left_child=1 2 3 -1 -2
right_child=4 -3 -4 -5 -6
leaf_value=0.59249914990531072 -0.058449099229441748 0.52890731030040317 -0.48838792107321993 0.0033442596682026738 -0.52319411131051874
leaf_weight=27 27 27 33 305 26
leaf_count=27 27 27 33 305 26
internal_value=-7.73772e-10 0.0387275 0.0024676 0.0512575 -0.286437
internal_weight=445 392 365 332 53
internal_count=445 392 365 332 53
is_linear=0
shrinkage=0.03


Tree=98
num_leaves=7
num_cat=0
split_feature=3 7 3 16 14 8
split_gain=5361.96 12985.4 5235.65 5219.2 4701.07 4249.65
threshold=350.00000000000006 270.62500000000006 291.50000000000006 320.50000000000006 81.500000000000014 93.250000000000014
decision_type=10 10 8 8 8 10
left_child=1 3 -3 5 -5 -1
right_child=-2 2 -4 4 -6 -7
leaf_value=-0.4905806349005018 -0.48004556592553854 0.86349956937879313 0.21786963151051447 -0.027604509758949278 0.56669658504102538 -0.049598086846812113
leaf_weight=21 20 20 26 25 23 310
leaf_count=21 20 20 26 25 23 310
internal_value=-2.37104e-09 0.0225904 0.498578 -0.0351812 0.257165 -0.0775758
internal_weight=445 425 46 379 48 331
internal_count=445 425 46 379 48 331
is_linear=0
shrinkage=0.03


Tree=99
num_leaves=9
num_cat=0
split_feature=11 3 15 21 19 19 21 14
split_gain=5106.25 7478.14 10512.6 13137.9 5078.36 3182.5 3064.78 4179.38
threshold=164.88999938964847 350.00000000000006 1.3550000190734866 0.78656998276710521 994.85000610351574 991.75000000000011 0.78656998276710521 95.500000000000014
decision_type=8 10 10 2 8 10 2 10
left_child=4 2 3 -2 6 -4 7 -1
right_child=1 -3 5 -5 -6 -7 -8 -9
leaf_value=-0.048984941796910375 0.16712559364736079 -0.4656441920399666 0.15417924799521765 0.94581873893737789 0.29492640811949972 -0.16190037663224374 -0.45809797934123447 -0.50664255640336442
leaf_weight=124 78 20 45 26 24 79 28 21
leaf_count=124 78 20 45 26 24 79 28 21
internal_value=-2.71235e-11 0.0905731 0.139364 0.361799 -0.114021 -0.0471941 -0.170754 -0.115266
internal_weight=445 248 228 104 197 124 173 145
internal_count=445 248 228 104 197 124 173 145
is_linear=0
shrinkage=0.03


Tree=100
num_leaves=8
num_cat=0
split_feature=22 9 15 6 6 11 19
split_gain=4985.85 6303.75 13303 7386.66 3696.51 4856.34 2837.87
threshold=0.91597998142242443 199.93000030517581 0.72500002384185802 150.50000000000003 238.00000000000003 164.41999816894534 992.04998779296886
decision_type=2 8 10 10 10 10 8
left_child=1 4 -3 -4 5 -1 -2
right_child=6 2 3 -5 -6 -7 -8
leaf_value=-0.10014889189336873 -0.057677103173401613 0.77118247352797409 -0.34353341001656745 0.20389900808007672 -0.36447704291343691 0.20625848433510821 -0.49680079235480379
leaf_weight=158 27 29 31 78 30 66 26
leaf_count=158 27 29 31 78 30 66 26
internal_value=5.55026e-11 0.0369237 0.200137 0.0482072 -0.0517511 -0.00986815 -0.273096
internal_weight=445 392 138 109 254 224 53
internal_count=445 392 138 109 254 224 53
is_linear=0
shrinkage=0.03


Tree=101
num_leaves=8
num_cat=0
split_feature=20 22 4 15 19 21 18
split_gain=5264.99 6623.7 6963.82 5327.88 2241.81 1371.67 955.535
threshold=582.50000000000011 0.78656998276710521 322.00000000000006 0.82499998807907116 993.04998779296886 0.60355499386787426 -0.054999999701976769
decision_type=10 2 8 10 8 2 10
left_child=1 2 3 -1 6 -2 -3
right_child=5 4 -4 -5 -6 -7 -8
leaf_value=0.35071966336532073 -0.12516917258101914 0.012782464993966592 0.48714856498950238 -0.0098498959834442314 -0.38822885448282413 -0.45405542914867403 -0.24459233926422894
leaf_weight=44 21 37 37 228 33 25 20
leaf_count=44 21 37 37 228 33 25 20
internal_value=-7.25615e-10 0.0350374 0.101004 0.0484775 -0.191449 -0.303912 -0.0775245
internal_weight=445 399 309 272 90 46 57
internal_count=445 399 309 272 90 46 57
is_linear=0
shrinkage=0.03


Tree=102
num_leaves=9
num_cat=0
split_feature=20 22 11 15 22 19 21 16
split_gain=4953.83 6232.24 6424.84 11628.9 6798.78 2109.32 1290.61 904.747
threshold=582.50000000000011 0.78656998276710521 164.88999938964847 0.82499998807907116 -1.0000000180025095e-35 993.04998779296886 0.60355499386787426 281.50000000000006
decision_type=10 2 8 10 2 8 2 10
left_child=1 2 4 -4 -1 7 -2 -3
right_child=6 5 3 -5 -6 -7 -8 -9
leaf_value=0.15031808653298548 -0.12141409663217409 -0.19264182333802354 0.72451907027851448 0.099746054401295581 -0.27877494090680893 -0.3765819881179116 -0.44043376532793044 0.046438725420406883
leaf_weight=68 21 29 33 143 65 33 25 28
leaf_count=68 21 29 33 143 65 33 25 28
internal_value=-1.14948e-09 0.0339863 0.0979743 0.216891 -0.059389 -0.185706 -0.294794 -0.0751987
internal_weight=445 399 309 176 133 90 46 57
internal_count=445 399 309 176 133 90 46 57
is_linear=0
shrinkage=0.03


Tree=103
num_leaves=7
num_cat=0
split_feature=3 7 3 19 20 2
split_gain=4942.06 10902.3 4786.64 4146.48 6542.93 3939.9
threshold=350.00000000000006 270.62500000000006 291.50000000000006 994.75000000000011 255.00000000000003 81.500000000000014
decision_type=10 10 8 8 10 10
left_child=1 3 -3 5 -5 -1
right_child=-2 2 -4 4 -6 -7
leaf_value=-0.48382936513423913 -0.46086600498855113 0.80675211757421494 0.18942691367406111 0.40958500904696327 -0.21988556363660355 -0.048678356757273479
leaf_weight=20 20 20 26 42 23 294
leaf_count=20 20 20 26 42 23 294
internal_value=5.26396e-10 0.0216878 0.457829 -0.0312476 0.186849 -0.076395
internal_weight=445 425 46 379 65 314
internal_count=445 425 46 379 65 314
is_linear=0
shrinkage=0.03


Tree=104
num_leaves=7
num_cat=0
split_feature=3 7 3 5 12 6
split_gain=4649.98 10258 4503.75 3831.81 6767.56 3593.62
threshold=350.00000000000006 270.62500000000006 291.50000000000006 207.50000000000003 263.00000000000006 207.50000000000003
decision_type=10 10 8 8 10 10
left_child=1 3 -3 5 -5 -1
right_child=-2 2 -4 4 -6 -7
leaf_value=-0.040564973597248935 -0.44704004913568496 0.78254956233501438 0.1837441084935115 0.23552094072103499 -0.34176009520240447 -0.32718104330822823
leaf_weight=219 20 20 26 89 23 48
leaf_count=219 20 20 26 89 23 48
internal_value=-1.52193e-09 0.0210372 0.444094 -0.0303101 0.116972 -0.0920915
internal_weight=445 425 46 379 112 267
internal_count=445 425 46 379 112 267
is_linear=0
shrinkage=0.03


Tree=105
num_leaves=9
num_cat=0
split_feature=20 22 4 10 21 23 20 6
split_gain=4583.83 5681.61 6219.11 4859.78 1216.03 1192.55 1097.41 997.036
threshold=582.50000000000011 0.78656998276710521 322.00000000000006 263.00000000000006 0.60355499386787426 1.0000000180025095e-35 62.500000000000007 146.50000000000003
decision_type=10 2 8 10 2 2 8 10
left_child=1 2 3 -1 -2 7 -7 -3
right_child=4 5 -4 -5 -6 6 -8 -9
leaf_value=0.084492355295068586 -0.11527516756738936 -0.13799502103166145 0.45870177152994512 -0.35443803319931028 -0.42494082670211791 0.091383335643580976 -0.20857327036235643 -0.41759589605033398
leaf_weight=247 21 22 37 25 25 21 23 24
leaf_count=247 21 22 37 25 25 21 23 24
internal_value=3.37788e-10 0.0326925 0.0937884 0.0441495 -0.283572 -0.17707 -0.0654122 -0.283874
internal_weight=445 399 309 272 46 90 44 46
internal_count=445 399 309 272 46 90 44 46
is_linear=0
shrinkage=0.03


Tree=106
num_leaves=10
num_cat=0
split_feature=20 4 9 12 10 5 6 12 23
split_gain=4345.83 7914.54 8653.4 6611.48 7194.99 9731.44 6494.2 4202.46 3028.1
threshold=77.500000000000014 120.50000000000001 242.56999969482425 151.50000000000003 269.00000000000006 207.50000000000003 210.50000000000003 147.50000000000003 0.87838000059127819
decision_type=10 10 10 10 10 10 8 8 2
left_child=1 -1 6 7 5 -5 -3 8 -2
right_child=3 2 -4 4 -6 -7 -8 -9 -10
leaf_value=0.67494486672537657 -0.062495769448578355 0.072995236344062353 0.4178643935443343 -0.023141739533608218 -0.33347485369071361 0.52471822508176169 -0.48128408169746401 -0.55658141732502442 -0.45270763464949343
leaf_weight=21 96 52 38 83 32 45 30 26 22
leaf_count=21 96 52 38 83 32 45 30 26 22
internal_value=1.67274e-09 0.137659 0.043634 -0.0638484 0.0688773 0.169465 -0.12979 -0.211321 -0.135247
internal_weight=445 141 120 304 160 128 82 144 118
internal_count=445 141 120 304 160 128 82 144 118
is_linear=0
shrinkage=0.03


Tree=107
num_leaves=7
num_cat=0
split_feature=3 7 16 16 14 8
split_gain=4369.69 9500.88 4792.21 4456.05 4107.03 3492.9
threshold=350.00000000000006 270.62500000000006 119.50000000000001 320.50000000000006 81.500000000000014 93.250000000000014
decision_type=10 10 10 8 8 10
left_child=1 3 -3 5 -5 -1
right_child=-2 2 -4 4 -6 -7
leaf_value=-0.44262604140809603 -0.43335725976526734 0.12133484695268712 0.73374222916105514 -0.025064114391803741 0.53042013194250026 -0.042830775190264944
leaf_weight=21 20 23 23 25 23 310
leaf_count=21 20 23 23 25 23 310
internal_value=1.23964e-09 0.0203933 0.427539 -0.0290228 0.241105 -0.0681954
internal_weight=445 425 46 379 48 331
internal_count=445 425 46 379 48 331
is_linear=0
shrinkage=0.03


Tree=108
num_leaves=7
num_cat=0
split_feature=3 7 16 16 19 8
split_gain=4111.44 8939.38 4508.99 4192.69 4007.61 3286.47
threshold=350.00000000000006 270.62500000000006 119.50000000000001 320.50000000000006 992.45001220703136 93.250000000000014
decision_type=10 10 10 8 8 10
left_child=1 3 -3 5 -5 -1
right_child=-2 2 -4 4 -6 -7
leaf_value=-0.42934725574084692 -0.42035654257284477 0.11769480710444243 0.71172996220381368 -0.076952664809567584 0.47562497311996088 -0.041545852581820177
leaf_weight=21 20 23 23 21 27 310
leaf_count=21 20 23 23 21 27 310
internal_value=1.08977e-09 0.0197815 0.414712 -0.0281521 0.233872 -0.0661496
internal_weight=445 425 46 379 48 331
internal_count=445 425 46 379 48 331
is_linear=0
shrinkage=0.03


Tree=109
num_leaves=5
num_cat=0
split_feature=7 13 6 16
split_gain=4135.58 6304.87 9160.91 5107.16
threshold=346.25000000000006 18.550000190734867 117.50000000000001 80.500000000000014
decision_type=8 8 8 10
left_child=1 2 -1 -4
right_child=-2 -3 3 -5
leaf_value=0.52825356615000751 0.42158848406374455 -0.39966881915926933 -0.37589643317110399 0.010482925532694242
leaf_weight=29 20 36 34 326
leaf_count=29 20 36 34 326
internal_value=1.3612e-09 -0.0198395 0.0153118 -0.0260085
internal_weight=445 425 389 360
internal_count=445 425 389 360
is_linear=0
shrinkage=0.03


Tree=110
num_leaves=7
num_cat=0
split_feature=3 7 3 16 14 18
split_gain=3959.98 8328.37 4236.41 3884.84 3776.74 3232.59
threshold=350.00000000000006 270.62500000000006 291.50000000000006 320.50000000000006 81.500000000000014 -1.0049999952316282
decision_type=10 10 8 8 8 10
left_child=1 3 -3 5 -5 -1
right_child=-2 2 -4 4 -6 -7
leaf_value=-0.29107193306088447 -0.41254122579563407 0.72886511743068694 0.14810431549182307 -0.029874245309829711 0.50280607161314594 -0.024817741457965264
leaf_weight=48 20 20 26 25 23 283
leaf_count=48 20 20 26 25 23 283
internal_value=-1.56588e-10 0.0194137 0.400609 -0.0268527 0.225368 -0.0634286
internal_weight=445 425 46 379 48 331
internal_count=445 425 46 379 48 331
is_linear=0
shrinkage=0.03


Tree=111
num_leaves=5
num_cat=0
split_feature=7 13 6 16
split_gain=3924.91 5833.61 8641.45 4784.24
threshold=346.25000000000006 18.550000190734867 117.50000000000001 80.500000000000014
decision_type=8 8 8 10
left_child=1 2 -1 -4
right_child=-2 -3 3 -5
leaf_value=0.51267105250523015 0.41071023429930209 -0.38468590124199786 -0.36429297282415279 0.0096717433037202052
leaf_weight=29 20 36 34 326
leaf_count=29 20 36 34 326
internal_value=1.10503e-11 -0.0193275 0.0144845 -0.0256471
internal_weight=445 425 389 360
internal_count=445 425 389 360
is_linear=0
shrinkage=0.03


Tree=112
num_leaves=9
num_cat=0
split_feature=22 20 7 6 11 10 3 6
split_gain=3900.9 5700.56 8257.01 7574.48 6158.65 5983.71 1891.55 992.08
threshold=0.91597998142242443 77.500000000000014 270.62500000000006 210.50000000000003 140.50000000000003 269.00000000000006 149.50000000000003 157.50000000000003
decision_type=2 10 8 10 10 10 8 8
left_child=1 2 3 -1 6 -6 -3 -2
right_child=7 4 -4 -5 5 -7 -8 -9
leaf_value=0.23277832083842331 -0.11419373346699609 -0.17064898538042086 0.69253294572830204 -0.40762453323060815 0.11364765971032685 -0.33312050789594649 -0.49572763621807098 -0.37382913067578694
leaf_weight=68 27 49 25 22 172 32 24 26
leaf_count=68 27 49 25 22 172 32 24 26
internal_value=-1.81438e-09 0.0326602 0.210213 0.0762354 -0.0410531 0.0435664 -0.277524 -0.241562
internal_weight=445 392 115 90 277 204 73 53
internal_count=445 392 115 90 277 204 73 53
is_linear=0
shrinkage=0.03


Tree=113
num_leaves=7
num_cat=0
split_feature=3 7 3 16 14 12
split_gain=3808.24 7569.47 4026.79 3581.44 3551.83 3134.95
threshold=350.00000000000006 270.62500000000006 291.50000000000006 320.50000000000006 81.500000000000014 255.00000000000003
decision_type=10 10 8 8 8 8
left_child=1 3 -3 5 -5 -1
right_child=-2 2 -4 4 -6 -7
leaf_value=-0.034958955273274091 -0.40455990980565543 0.70248273825645446 0.13627240158044374 -0.030424151802062985 0.4861519273467686 -0.39804657930913173
leaf_weight=308 20 20 26 25 23 23
leaf_count=308 20 20 26 25 23 23
internal_value=-9.54344e-12 0.0190381 0.382451 -0.02507 0.217102 -0.0601886
internal_weight=445 425 46 379 48 331
internal_count=445 425 46 379 48 331
is_linear=0
shrinkage=0.03


Tree=114
num_leaves=6
num_cat=0
split_feature=7 13 13 9 23
split_gain=3656.48 5458.88 5826.82 7346.21 3278.81
threshold=346.25000000000006 18.550000190734867 10.34999990463257 199.93000030517581 1.0000000180025095e-35
decision_type=8 8 10 10 2
left_child=1 2 4 -4 -1
right_child=-2 -3 3 -5 -6
leaf_value=-0.32951108211587216 0.39641716647148129 -0.37208380741377672 -0.013656454176723377 0.32063798574798075 0.018537947578089575
leaf_weight=58 20 36 206 83 42
leaf_count=58 20 36 206 83 42
internal_value=1.24667e-09 -0.0186549 0.0140531 0.082352 -0.18333
internal_weight=445 425 389 289 100
internal_count=445 425 389 289 100
is_linear=0
shrinkage=0.03


Tree=115
num_leaves=7
num_cat=0
split_feature=20 3 9 15 20 21
split_gain=3672.98 4233.28 6232.89 6130.05 3747.24 1207.61
threshold=582.50000000000011 350.00000000000006 239.00000000000003 1.1549999713897707 482.50000000000006 0.60355499386787426
decision_type=10 10 8 10 10 2
left_child=1 2 4 -4 -1 -2
right_child=5 -3 3 -5 -6 -7
leaf_value=-0.032594891120535652 -0.086126048479761394 -0.39611605777591463 0.58053079545497899 0.0050131194822249873 0.38235754523958476 -0.39471768840551374
leaf_weight=291 21 20 36 31 21 25
leaf_count=291 21 20 36 31 21 25
internal_value=2.03489e-10 0.0292646 0.0517122 0.314246 -0.0046654 -0.253839
internal_weight=445 399 379 67 312 46
internal_count=445 399 379 67 312 46
is_linear=0
shrinkage=0.03


Tree=116
num_leaves=10
num_cat=0
split_feature=20 13 9 4 3 23 23 3 21
split_gain=3455.91 4618.82 5503.07 8326.61 4664.57 2860.03 2153.71 1957.87 1136.24
threshold=582.50000000000011 10.750000000000002 199.93000030517581 209.50000000000003 183.50000000000003 1.0000000180025095e-35 0.87838000059127819 149.50000000000003 0.60355499386787426
decision_type=10 8 8 10 8 2 2 10 2
left_child=1 5 4 -4 -3 7 -7 -1 -2
right_child=8 2 3 -5 -6 6 -8 -9 -10
leaf_value=-0.047413834159572912 -0.083542264955384388 0.075934992395825199 0.63469721539600465 0.043529499523779921 -0.30774020469188684 0.2297729402118259 -0.16080954074859619 -0.37192858595993705 -0.38287616164684296
leaf_weight=27 21 154 37 51 35 27 24 44 25
leaf_count=27 21 154 37 51 35 27 24 44 25
internal_value=1.36647e-09 0.0283867 0.0961259 0.292089 0.00488403 -0.125415 0.0459694 -0.248522 -0.246224
internal_weight=445 399 277 88 189 122 51 71 46
internal_count=445 399 277 88 189 122 51 71 46
is_linear=0
shrinkage=0.03


Tree=117
num_leaves=9
num_cat=0
split_feature=22 20 9 4 11 10 13 6
split_gain=3438.92 5089.29 7420.85 10026.3 5609.49 5858.04 2713.71 946.465
threshold=0.91597998142242443 77.500000000000014 242.56999969482425 127.50000000000001 140.50000000000003 269.00000000000006 14.250000000000002 157.50000000000003
decision_type=2 10 8 10 10 10 10 8
left_child=1 2 3 -1 6 -6 -3 -2
right_child=7 4 -4 -5 5 -7 -8 -9
leaf_value=0.61623058354854576 -0.10240175627999835 -0.01121579246520996 0.555423400948445 -0.1610260316679033 0.11111632910318844 -0.33093552410602567 -0.39667082395404579 -0.35599799848519836
leaf_weight=20 27 25 36 59 172 32 48 26
leaf_count=20 27 25 36 59 172 32 48 26
internal_value=7.4037e-10 0.0306653 0.198429 0.0357478 -0.0389838 0.0417749 -0.264666 -0.226807
internal_weight=445 392 115 79 277 204 73 53
internal_count=445 392 115 79 277 204 73 53
is_linear=0
shrinkage=0.03


Tree=118
num_leaves=7
num_cat=0
split_feature=3 7 3 16 6 2
split_gain=3462.95 6249.55 3863.39 3257.66 3389.71 3103.39
threshold=350.00000000000006 270.62500000000006 291.50000000000006 320.50000000000006 166.50000000000003 247.50000000000003
decision_type=10 10 8 8 10 8
left_child=1 3 -3 5 -5 -1
right_child=-2 2 -4 4 -6 -7
leaf_value=-0.032122567667479111 -0.38578359577059745 0.66183747625350953 0.10723364999661078 -0.0040259156322904992 0.50733722028136252 -0.4176526165008545
leaf_weight=311 20 20 26 28 20 20
leaf_count=311 20 20 26 28 20 20
internal_value=9.05371e-10 0.0181545 0.348366 -0.0219239 0.209042 -0.0554174
internal_weight=445 425 46 379 48 331
internal_count=445 425 46 379 48 331
is_linear=0
shrinkage=0.03


Tree=119
num_leaves=7
num_cat=0
split_feature=3 7 16 5 12 6
split_gain=3258.29 5880.2 3747.91 3245.79 6209.11 3275.97
threshold=350.00000000000006 270.62500000000006 119.50000000000001 207.50000000000003 263.00000000000006 207.50000000000003
decision_type=10 10 10 8 10 8
left_child=1 3 -3 5 -5 -1
right_child=-2 2 -4 4 -6 -7
leaf_value=-0.012449864766094833 -0.37421009695529933 0.067121937177751376 0.60870760039142935 0.22783886656165123 -0.32511145296304123 -0.24626132874488826
leaf_weight=192 20 23 23 89 23 75
leaf_count=192 20 23 23 89 23 75
internal_value=-1.25873e-09 0.0176099 0.337915 -0.0212662 0.114287 -0.0781272
internal_weight=445 425 46 379 112 267
internal_count=445 425 46 379 112 267
is_linear=0
shrinkage=0.03


Tree=120
num_leaves=5
num_cat=0
split_feature=7 13 6 16
split_gain=3263.22 5020 7898.51 4297.19
threshold=346.25000000000006 18.550000190734867 117.50000000000001 80.500000000000014
decision_type=8 8 8 10
left_child=1 2 -1 -4
right_child=-2 -3 3 -5
leaf_value=0.49003246369033021 0.37449301135540009 -0.35654711465040839 -0.34557091239620658 0.0088475644254794143
leaf_weight=29 20 36 34 326
leaf_count=29 20 36 34 326
internal_value=1.1864e-09 -0.0176232 0.0137425 -0.0246253
internal_weight=445 425 389 360
internal_count=445 425 389 360
is_linear=0
shrinkage=0.03


Tree=121
num_leaves=11
num_cat=0
split_feature=20 14 12 3 15 8 4 12 19 23
split_gain=3194.27 6996.31 5502.17 6951.49 9324.94 5267.46 4669.47 3703.35 3421.8 2140.25
threshold=77.500000000000014 85.500000000000014 151.50000000000003 225.50000000000003 1.044999957084656 208.25000000000003 192.50000000000003 147.50000000000003 991.54998779296886 0.87838000059127819
decision_type=10 10 10 10 8 10 10 8 10 2
left_child=1 5 7 4 -4 -1 -3 9 -8 -2
right_child=2 6 3 -5 -6 -7 8 -9 -10 -11
leaf_value=0.78956252914667124 -0.056695994734764096 -0.31575270468538458 0.75189634693520413 -0.28797328817216972 0.057105724298127804 0.13636723294258116 -0.17706272286447611 -0.51338245373505809 0.28672108275497832 -0.38475155077197337
leaf_weight=20 96 33 21 38 101 25 22 26 41 22
leaf_count=20 96 33 21 38 101 25 22 26 41 22
internal_value=-6.2384e-10 0.11802 -0.0547394 0.0663407 0.176701 0.426676 -0.0266631 -0.189273 0.124765 -0.117859
internal_weight=445 141 304 160 122 45 96 144 63 118
internal_count=445 141 304 160 122 45 96 144 63 118
is_linear=0
shrinkage=0.03


Tree=122
num_leaves=6
num_cat=0
split_feature=3 8 16 12 3
split_gain=3125.55 4661.87 3300.51 4077.89 2714.76
threshold=350.00000000000006 276.75000000000006 49.500000000000007 187.75000000000003 291.50000000000006
decision_type=10 10 10 10 10
left_child=1 2 -1 -4 -3
right_child=-2 4 3 -5 -6
leaf_value=0.358617146730423 -0.3665083948373794 0.55623687267303457 -0.11068212661576472 0.10124266628623008 0.084456490757672684
leaf_weight=20 20 21 236 125 23
leaf_count=20 20 21 236 125 23
internal_value=1.25572e-10 0.0172475 -0.0165179 -0.037301 0.309624
internal_weight=445 425 381 361 44
internal_count=445 425 381 361 44
is_linear=0
shrinkage=0.03


Tree=123
num_leaves=10
num_cat=0
split_feature=20 13 18 12 3 23 6 3 2
split_gain=3106.84 4222.13 4528.76 8542.86 6866.95 2513.6 1917.38 1808.01 1028.01
threshold=582.50000000000011 10.750000000000002 -0.054999999701976769 272.50000000000006 261.50000000000006 1.0000000180025095e-35 153.50000000000003 149.50000000000003 146.50000000000003
decision_type=10 8 8 10 8 2 10 10 8
left_child=1 5 4 -4 -3 7 -7 -1 -2
right_child=8 2 3 -5 -6 6 -8 -9 -10
leaf_value=-0.042286418941285875 -0.10907272930328661 0.078821421965172417 0.53531939373392134 -0.19493088347571236 -0.50559319496154786 -0.10721295395205097 0.26954735881090164 -0.35413407016884196 -0.39515858370065687
leaf_weight=27 26 190 46 21 20 31 20 44 20
leaf_count=27 26 190 46 21 20 31 20 44 20
internal_value=9.03111e-10 0.0269149 0.09168 0.306435 0.0231629 -0.120133 0.0405362 -0.235544 -0.233458
internal_weight=445 399 277 67 210 122 51 71 46
internal_count=445 399 277 67 210 122 51 71 46
is_linear=0
shrinkage=0.03


Tree=124
num_leaves=5
num_cat=0
split_feature=7 13 6 16
split_gain=3000.63 4539.48 7388.97 4202.41
threshold=346.25000000000006 18.550000190734867 117.50000000000001 80.500000000000014
decision_type=8 8 8 10
left_child=1 2 -1 -4
right_child=-2 -3 3 -5
leaf_value=0.47359823855860478 0.35910945188999177 -0.33919405177235601 -0.34156859815120694 0.008919571207527734
leaf_weight=29 20 36 34 326
leaf_count=29 20 36 34 326
internal_value=-7.03201e-11 -0.0168993 0.0129275 -0.0241821
internal_weight=445 425 389 360
internal_count=445 425 389 360
is_linear=0
shrinkage=0.03


Tree=125
num_leaves=7
num_cat=0
split_feature=3 7 16 5 12 6
split_gain=3016.68 5099.15 3425.01 2923.86 5622.29 3158.69
threshold=350.00000000000006 270.62500000000006 119.50000000000001 207.50000000000003 263.00000000000006 207.50000000000003
decision_type=10 10 10 8 10 10
left_child=1 3 -3 5 -5 -1
right_child=-2 2 -4 4 -6 -7
leaf_value=-0.024917587484807185 -0.36006870746612546 0.056354060458100361 0.57408401836519651 0.21745050097784299 -0.30872177450553234 -0.29363008439540861
leaf_weight=219 20 23 23 89 23 48
leaf_count=219 20 23 23 89 23 48
internal_value=-6.13794e-10 0.0169444 0.315219 -0.0192578 0.109397 -0.0732255
internal_weight=445 425 46 379 112 267
internal_count=445 425 46 379 112 267
is_linear=0
shrinkage=0.03


Tree=126
num_leaves=8
num_cat=0
split_feature=22 4 2 15 9 16 19
split_gain=2941.35 4104.3 4835.11 3221.08 7572.3 4730.51 2145.38
threshold=0.91597998142242443 322.00000000000006 253.00000000000003 0.82499998807907116 197.21499633789065 85.500000000000014 992.04998779296886
decision_type=2 8 10 8 10 10 8
left_child=1 3 -3 4 -1 -5 -2
right_child=6 2 -4 5 -6 -7 -8
leaf_value=-0.087083332236324029 -0.022457622935374576 0.0059204496860504148 0.61572702819650815 -0.49406050863862039 0.60478202529251568 -0.015648266710060879 -0.40426360075290385
leaf_weight=35 27 25 22 20 24 266 26
leaf_count=35 27 25 22 20 24 266 26
internal_value=-1.60732e-09 0.0283602 0.291362 -0.00746898 0.194353 -0.0491037 -0.209759
internal_weight=445 392 47 345 59 286 53
internal_count=445 392 47 345 59 286 53
is_linear=0
shrinkage=0.03


Tree=127
num_leaves=6
num_cat=0
split_feature=3 7 3 16 12
split_gain=2925.25 4513.15 3361.5 2873.39 3422.41
threshold=350.00000000000006 270.62500000000006 291.50000000000006 54.500000000000007 187.75000000000003
decision_type=10 10 8 10 10
left_child=1 3 -3 -1 -5
right_child=-2 2 -4 4 -6
leaf_value=0.31537994059649382 -0.35456992149353028 0.58970054841041564 0.07237359152390406 -0.10564063075018543 0.089448240941330304
leaf_weight=22 20 20 26 233 124
leaf_count=22 20 20 26 233 124
internal_value=-1.07188e-09 0.0166856 0.297298 -0.0173729 -0.0378787
internal_weight=445 425 46 379 357
internal_count=445 425 46 379 357
is_linear=0
shrinkage=0.03


Tree=128
num_leaves=7
num_cat=0
split_feature=19 11 6 16 21 13
split_gain=2814.59 4151.71 12264.9 12027.3 4491.94 2358.56
threshold=995.85000610351574 164.88999938964847 122.50000000000001 80.500000000000014 0.91597998142242443 12.250000000000002
decision_type=8 10 8 10 2 10
left_child=1 4 -3 -4 5 -1
right_child=-2 2 3 -5 -6 -7
leaf_value=-0.20759252861251723 0.26658801338889382 0.73828593673353837 -0.70595280857384202 0.068888941902484069 -0.52848338533531525 0.022841353878839725
leaf_weight=68 33 22 20 183 22 97
leaf_count=68 33 22 20 183 22 97
internal_value=3.36783e-10 -0.0213529 0.0654663 -0.00745015 -0.125815 -0.0721253
internal_weight=445 412 225 203 187 165
internal_count=445 412 225 203 187 165
is_linear=0
shrinkage=0.03


Tree=129
num_leaves=8
num_cat=0
split_feature=20 22 14 19 7 4 22
split_gain=2812.82 4689.65 7479.38 4183.96 3628.53 4125.32 1064.5
threshold=582.50000000000011 -1.0000000180025095e-35 81.500000000000014 994.75000000000011 303.50000000000006 173.50000000000003 -0.78656998276710499
decision_type=10 2 8 8 10 10 2
left_child=1 4 -3 -4 5 -1 -2
right_child=6 2 3 -5 -6 -7 -8
leaf_value=0.22295227476141669 -0.064674927634852275 -0.59959463677236013 -0.079680754788309702 0.23099403585581216 0.5288127014636993 -0.11207504527748756 -0.35440425124168395
leaf_weight=88 21 21 166 51 20 53 25
leaf_count=88 21 21 166 51 20 53 25
internal_value=4.69135e-10 0.0256097 -0.0589823 -0.00666502 0.150659 0.09702 -0.222137
internal_weight=445 399 238 217 161 141 46
internal_count=445 399 238 217 161 141 46
is_linear=0
shrinkage=0.03


Tree=130
num_leaves=5
num_cat=0
split_feature=3 9 10 9
split_gain=2927.62 4164.99 4402.47 7647.03
threshold=350.00000000000006 300.35499572753912 263.00000000000006 242.56999969482425
decision_type=10 8 10 10
left_child=1 2 3 -1
right_child=-2 -3 -4 -5
leaf_value=-0.014766820890813315 -0.35471379733085628 0.40932164715683977 -0.40877808964770773 0.56152404021133073
leaf_weight=357 20 23 23 22
leaf_count=357 20 23 23 22
internal_value=-6.68041e-10 0.0166924 -0.00577145 0.0186854
internal_weight=445 425 402 379
internal_count=445 425 402 379
is_linear=0
shrinkage=0.03


Tree=131
num_leaves=5
num_cat=0
split_feature=3 9 10 9
split_gain=2754.6 3918.83 4142.29 7195.09
threshold=350.00000000000006 300.35499572753912 263.00000000000006 242.56999969482425
decision_type=10 8 10 10
left_child=1 2 3 -1
right_child=-2 -3 -4 -5
leaf_value=-0.014323816866684359 -0.34407237017154696 0.39704201615375018 -0.39651474175245865 0.54467832326889032
leaf_weight=357 20 23 23 22
leaf_count=357 20 23 23 22
internal_value=8.95074e-10 0.0161916 -0.0055983 0.0181249
internal_weight=445 425 402 379
internal_count=445 425 402 379
is_linear=0
shrinkage=0.03


Tree=132
num_leaves=11
num_cat=0
split_feature=20 14 8 12 10 7 9 6 12 23
split_gain=2641.8 6287.45 4989.18 4700.47 6430.92 8054.58 3227.58 3230.79 3227.3 1883.74
threshold=77.500000000000014 85.500000000000014 208.25000000000003 151.50000000000003 269.00000000000006 208.75000000000003 242.56999969482425 210.50000000000003 147.50000000000003 0.87838000059127819
decision_type=10 10 10 10 10 10 10 8 8 2
left_child=1 2 -1 8 5 -5 7 -3 9 -2
right_child=3 6 -4 4 -6 -7 -8 -9 -10 -11
leaf_value=0.75310264733433718 -0.050080672120675442 0.027538621792426474 0.1173955096721649 0.054818394543189139 -0.3182580631971359 0.71024028611183154 0.22818134880065918 -0.39936822576655279 -0.47668937957917268 -0.35785049293528903
leaf_weight=20 96 39 25 108 32 20 30 27 26 22
leaf_count=20 96 39 25 108 32 20 30 27 26 22
internal_value=8.54138e-10 0.107329 0.399932 -0.0497811 0.0621308 0.157228 -0.0298281 -0.147105 -0.174128 -0.107461
internal_weight=445 141 45 304 160 128 96 66 144 118
internal_count=445 141 45 304 160 128 96 66 144 118
is_linear=0
shrinkage=0.03


Tree=133
num_leaves=9
num_cat=0
split_feature=22 20 4 9 11 10 19 19
split_gain=2597.17 3654.53 5779 8413.24 4566.07 5142.33 3418.49 2051.06
threshold=0.91597998142242443 77.500000000000014 120.50000000000001 242.56999969482425 140.50000000000003 269.00000000000006 992.35000610351574 992.04998779296886
decision_type=2 10 10 10 10 10 10 8
left_child=1 2 -1 -4 6 -6 -3 -2
right_child=7 4 3 -5 5 -7 -8 -9
leaf_value=0.63230735349655154 -0.013967062830924987 -0.38414304869715121 -0.12997449155364718 0.46736254245042796 0.10545808479228112 -0.3087103349715471 0.04847979855537414 -0.3872859142376826
leaf_weight=20 27 48 63 32 172 32 25 26
leaf_count=20 27 48 63 32 172 32 25 26
internal_value=-1.15628e-09 0.0266493 0.168812 0.0712338 -0.0323712 0.0404905 -0.235985 -0.197105
internal_weight=445 392 115 95 277 204 73 53
internal_count=445 392 115 95 277 204 73 53
is_linear=0
shrinkage=0.03


Tree=134
num_leaves=10
num_cat=0
split_feature=13 20 5 9 4 12 23 6 23
split_gain=2541.65 5331.82 7171.36 6681.92 6490.8 8424.42 3420.83 1974.29 1368.23
threshold=10.34999990463257 137.50000000000003 322.00000000000006 255.75000000000003 207.50000000000003 175.00000000000003 1.0000000180025095e-35 135.50000000000003 -0.87838000059127797
decision_type=8 10 8 10 10 10 2 10 2
left_child=6 2 3 -2 5 -3 8 -8 -1
right_child=1 4 -4 -5 -6 -7 7 -9 -10
leaf_value=-0.089643113527979171 -0.012613042994187428 -0.15040171508853498 0.65354035004325539 0.52770955581665036 -0.58408135206252332 0.33621353872617082 -0.10900169959435096 0.287462470293045 -0.3928251954752045
leaf_weight=21 117 111 23 25 20 45 26 20 37
leaf_count=21 117 111 23 25 20 45 26 20 37
internal_value=7.69503e-10 0.0395948 0.162112 0.0825142 -0.0752648 -0.0100319 -0.129825 0.063374 -0.283052
internal_weight=445 341 165 142 176 156 104 46 58
internal_count=445 341 165 142 176 156 104 46 58
is_linear=0
shrinkage=0.03


Tree=135
num_leaves=5
num_cat=0
split_feature=3 9 3 7
split_gain=2542.44 3462.25 3177.22 7129.32
threshold=350.00000000000006 297.14500427246099 266.00000000000006 231.50000000000003
decision_type=10 8 10 10
left_child=1 2 3 -1
right_child=-2 -3 -4 -5
leaf_value=-0.025809113758026494 -0.33055652332305907 0.3379755985736847 -0.32777425529865117 0.43616438995708118
leaf_weight=338 20 28 26 33
leaf_count=338 20 28 26 33
internal_value=1.66759e-10 0.0155556 -0.00718435 0.0152829
internal_weight=445 425 397 371
internal_count=445 425 397 371
is_linear=0
shrinkage=0.03


Tree=136
num_leaves=8
num_cat=0
split_feature=20 22 14 21 13 9 2
split_gain=2439.02 4079.47 6848.29 10081.7 3643.7 4048.51 1061.5
threshold=582.50000000000011 -1.0000000180025095e-35 81.500000000000014 0.60355499386787426 18.550000190734867 255.75000000000003 146.50000000000003
decision_type=10 2 8 2 10 10 8
left_child=1 4 -3 -4 5 -1 -2
right_child=6 2 3 -5 -6 -7 -8
leaf_value=0.1345981361295866 -0.080455259394187184 -0.5723515336854117 -0.12703735025972129 0.337606063610629 -0.18472911048393983 0.59705567193031306 -0.37116463261842725
leaf_weight=115 26 21 160 57 26 20 20
leaf_count=115 26 21 160 57 26 20 20
internal_value=4.52058e-10 0.0238474 -0.0550496 -0.00498816 0.140478 0.20311 -0.206851
internal_weight=445 399 238 217 161 135 46
internal_count=445 399 238 217 161 135 46
is_linear=0
shrinkage=0.03


Tree=137
num_leaves=5
num_cat=0
split_feature=3 9 12 5
split_gain=2424.91 3187.89 2987.66 6564.38
threshold=350.00000000000006 297.14500427246099 263.00000000000006 207.50000000000003
decision_type=10 8 10 10
left_child=1 2 3 -1
right_child=-2 -3 -4 -5
leaf_value=-0.047562748752386433 -0.32282630717754363 0.32457348780972617 -0.32409165608882901 0.26975372681879017
leaf_weight=299 20 28 25 73
leaf_count=299 20 28 25 73
internal_value=6.6002e-10 0.0151918 -0.00662854 0.0147063
internal_weight=445 425 397 372
internal_count=445 425 397 372
is_linear=0
shrinkage=0.03


Tree=138
num_leaves=5
num_cat=0
split_feature=7 13 6 16
split_gain=2369.88 3806.51 6465.57 3405.56
threshold=346.25000000000006 18.550000190734867 117.50000000000001 80.500000000000014
decision_type=8 8 8 10
left_child=1 2 -1 -4
right_child=-2 -3 3 -5
leaf_value=0.44321984545937898 0.31914172482490538 -0.31014892610100409 -0.30813437851036291 0.0073795094154989402
leaf_weight=29 20 36 34 326
leaf_count=29 20 36 34 326
internal_value=-2.8026e-10 -0.0150184 0.0122944 -0.022419
internal_weight=445 425 389 360
internal_count=445 425 389 360
is_linear=0
shrinkage=0.03


Tree=139
num_leaves=8
num_cat=0
split_feature=3 15 21 3 4 21 5
split_gain=2335.18 3138.67 5068.67 13135 3978.24 3137.78 2441.35
threshold=350.00000000000006 1.5800000429153445 0.78656998276710521 160.50000000000003 127.50000000000001 0.91597998142242443 147.50000000000003
decision_type=10 10 2 8 10 2 8
left_child=1 2 4 -4 -1 6 -3
right_child=-2 5 3 -5 -6 -7 -8
leaf_value=0.30111401224136353 -0.31679659044742581 -0.18032417564622816 -0.092816056054213947 0.84553372535705562 -0.053000459956696194 -0.41554942236705261 0.060696093582154546
leaf_weight=35 20 62 29 25 155 22 97
leaf_count=35 20 62 29 25 155 22 97
internal_value=-6.06982e-10 0.0149081 0.0851254 0.341605 0.0122312 -0.0797495 -0.0332867
internal_weight=445 425 244 54 190 181 159
internal_count=445 425 244 54 190 181 159
is_linear=0
shrinkage=0.03


Tree=140
num_leaves=10
num_cat=0
split_feature=13 20 3 21 10 12 21 20 13
split_gain=2262.54 4675.35 5817.71 5478.4 5476.83 4984.58 963.973 1380.82 1135.91
threshold=10.34999990463257 137.50000000000003 275.00000000000006 0.37940999865531927 133.50000000000003 175.00000000000003 0.37940999865531927 72.500000000000014 9.1500000953674334
decision_type=8 10 8 2 10 10 2 10 10
left_child=6 3 5 4 -2 -3 7 8 -1
right_child=1 2 -4 -5 -6 -7 -8 -9 -10
leaf_value=-0.20271817543289877 0.49358898505568505 -0.12238037687146439 -0.53879341888640608 0.57108064144849779 -0.003915533889562655 0.24350956022435302 0.044264203272759914 -0.30354821769814738 0.10966754043102263
leaf_weight=22 24 106 21 24 117 49 24 38 20
leaf_count=22 24 106 21 24 117 49 24 38 20
internal_value=-3.77217e-10 0.0373576 -0.0701989 0.152085 0.0807661 -0.00671195 -0.12249 -0.172516 -0.0539631
internal_weight=445 341 176 165 141 155 104 80 42
internal_count=445 341 176 165 141 155 104 80 42
is_linear=0
shrinkage=0.03


Tree=141
num_leaves=6
num_cat=0
split_feature=7 20 13 4 23
split_gain=2313.01 3523.23 3513.2 3479.66 2083.18
threshold=346.25000000000006 730.00000000000011 10.34999990463257 322.00000000000006 1.0000000180025095e-35
decision_type=8 8 10 8 2
left_child=1 2 4 -4 -1
right_child=-2 -3 3 -5 -6
leaf_value=-0.26535868835796056 0.31528939640522002 -0.38452795581384136 0.024432794069466385 0.38127385457356772 0.012066324395792824
leaf_weight=58 20 22 276 27 42
leaf_count=58 20 22 276 27 42
internal_value=-3.6692e-10 -0.0148371 0.00534448 0.0562305 -0.14884
internal_weight=445 425 403 303 100
internal_count=445 425 403 303 100
is_linear=0
shrinkage=0.03


Tree=142
num_leaves=6
num_cat=0
split_feature=7 20 22 21 20
split_gain=2176.31 3315.01 3178.27 4076.12 2706.64
threshold=346.25000000000006 730.00000000000011 -0.37940999865531916 0.37940999865531927 97.500000000000014
decision_type=8 8 2 2 10
left_child=1 2 4 -4 -1
right_child=-2 -3 3 -5 -6
leaf_value=0.30650536244933274 0.30583070433139797 -0.37299211247400804 -0.15480110300452479 0.084622932619184521 0.026670996207015019
leaf_weight=47 20 22 155 109 92
leaf_count=47 20 22 155 109 92
internal_value=-2.66212e-11 -0.014392 0.00518415 -0.055948 0.121291
internal_weight=445 425 403 264 139
internal_count=445 425 403 264 139
is_linear=0
shrinkage=0.03


Tree=143
num_leaves=8
num_cat=0
split_feature=3 15 23 4 21 5 15
split_gain=2208.05 2832.86 5024.66 4855.49 3072.31 2202.64 1425.48
threshold=350.00000000000006 1.5800000429153445 0.87838000059127819 120.50000000000001 0.91597998142242443 147.50000000000003 1.1549999713897707
decision_type=10 10 2 10 2 8 10
left_child=1 2 3 -1 5 -3 -4
right_child=-2 4 6 -5 -6 -7 -8
leaf_value=0.59810074639320365 -0.30805262124538418 -0.16911996841310492 -0.36943398964405061 0.10346499226407377 -0.40770947757092391 0.059813877739415496 -0.055076654255390163
leaf_weight=20 20 62 20 167 22 97 37
leaf_count=20 20 62 20 167 22 97 37
internal_value=-4.42075e-10 0.0144966 0.0812055 0.156367 -0.0754315 -0.0294559 -0.165377
internal_weight=445 425 244 187 181 159 57
internal_count=445 425 244 187 181 159 57
is_linear=0
shrinkage=0.03


Tree=144
num_leaves=8
num_cat=0
split_feature=19 11 6 16 22 13 22
split_gain=2078.24 2884.44 10674.3 10140.2 3052.55 4332.93 3040.04
threshold=995.85000610351574 164.88999938964847 122.50000000000001 80.500000000000014 -1.0000000180025095e-35 14.550000190734865 0.37940999865531927
decision_type=8 10 8 10 2 10 2
left_child=1 4 -3 -4 5 -1 -6
right_child=-2 2 3 -5 6 -7 -8
leaf_value=0.40057078429630821 0.22907674832777541 0.68169327800924129 -0.65537324684858322 0.056088128080133526 -0.47046846646070478 -0.095101800709962839 -0.11027835069932568
leaf_weight=21 33 22 20 183 30 65 71
leaf_count=21 33 22 20 183 30 65 71
internal_value=-3.52103e-10 -0.0183484 0.0540174 -0.0140066 -0.10542 0.0259345 -0.217266
internal_weight=445 412 225 203 187 86 101
internal_count=445 412 225 203 187 86 101
is_linear=0
shrinkage=0.03


Tree=145
num_leaves=8
num_cat=0
split_feature=3 15 23 12 21 5 15
split_gain=2115.99 2663.92 4644.89 4751.24 2842.7 2012.82 1329.03
threshold=350.00000000000006 1.5800000429153445 0.87838000059127819 198.50000000000003 0.91597998142242443 147.50000000000003 1.1549999713897707
decision_type=10 10 2 8 2 8 10
left_child=1 2 3 -1 5 -3 -4
right_child=-2 4 6 -5 -6 -7 -8
leaf_value=0.034179637646063785 -0.30156280052661893 -0.1623001666186798 -0.35523331430554389 0.34664624107309749 -0.39263482023369184 0.056546713817749443 -0.051696950601967599
leaf_weight=117 20 62 20 70 22 97 37
leaf_count=117 20 62 20 70 22 97 37
internal_value=-2.79522e-10 0.0141912 0.0788803 0.151146 -0.0730141 -0.0287898 -0.158201
internal_weight=445 425 244 187 181 159 57
internal_count=445 425 244 187 181 159 57
is_linear=0
shrinkage=0.03


Tree=146
num_leaves=7
num_cat=0
split_feature=7 10 9 5 7 6
split_gain=2038.66 3291.51 6805.39 4417.03 7217.87 3007.79
threshold=346.25000000000006 263.00000000000006 297.14500427246099 204.50000000000003 212.37500000000003 207.50000000000003
decision_type=8 10 10 10 10 10
left_child=1 3 -3 5 -5 -1
right_child=-2 2 -4 4 -6 -7
leaf_value=0.00378010343505201 0.29600098192691804 -0.67092960798740386 0.048406569649433268 0.048809585314530592 0.68855738988944459 -0.25405207361493787
leaf_weight=241 20 20 29 65 21 49
leaf_count=241 20 20 29 65 21 49
internal_value=-1.0057e-09 -0.0139295 -0.2452 0.0162095 0.205027 -0.0397846
internal_weight=445 425 49 376 86 290
internal_count=445 425 49 376 86 290
is_linear=0
shrinkage=0.03


Tree=147
num_leaves=8
num_cat=0
split_feature=3 15 21 4 20 21 5
split_gain=2026.99 2450.67 4445.4 11624.7 3484.05 2703.44 1906.06
threshold=350.00000000000006 1.5800000429153445 0.78656998276710521 157.50000000000003 87.500000000000014 0.91597998142242443 147.50000000000003
decision_type=10 10 2 8 10 2 8
left_child=1 2 4 -4 -1 6 -3
right_child=-2 5 3 -5 -6 -7 -8
leaf_value=0.094944978184138357 -0.29515261566638945 -0.15654650344963997 -0.1579425848722458 0.72481196978996532 -0.18142616136372086 -0.38144589835947207 0.056417373127313618
leaf_weight=130 20 62 25 29 60 22 97
leaf_count=130 20 62 25 29 60 22 97
internal_value=-2.55161e-10 0.0138895 0.0759355 0.316129 0.00766988 -0.0697525 -0.0266251
internal_weight=445 425 244 54 190 181 159
internal_count=445 425 244 54 190 181 159
is_linear=0
shrinkage=0.03


Tree=148
num_leaves=8
num_cat=0
split_feature=16 19 18 6 12 16 16
split_gain=1956.54 4506.78 2457.49 3664.49 6697.73 5923.56 920.361
threshold=320.50000000000006 993.85000610351574 -1.0049999952316282 124.50000000000001 138.50000000000003 80.500000000000014 306.50000000000006
decision_type=8 8 10 8 10 10 10
left_child=2 -2 6 4 -4 -5 -1
right_child=1 -3 3 5 -6 -7 -8
leaf_value=-0.081828567900440907 -0.054223045327446678 0.50010571653192692 -0.085601834726074466 -0.43249665814638139 0.66505301544070239 0.011941682970545991 -0.34547568650199817
leaf_weight=22 33 22 23 30 20 269 26
leaf_count=22 33 22 23 30 20 269 26
internal_value=2.21006e-11 0.167508 -0.023623 0.00458956 0.26354 -0.0326508 -0.224637
internal_weight=445 55 390 342 43 299 48
internal_count=445 55 390 342 43 299 48
is_linear=0
shrinkage=0.03


Tree=149
num_leaves=8
num_cat=0
split_feature=19 14 6 19 17 15 8
split_gain=1911.6 4097.59 5045.47 3288.43 3212.89 11513.7 2754.31
threshold=994.75000000000011 81.500000000000014 165.50000000000003 994.25000000000011 -0.42499999701976771 1.044999957084656 265.00000000000006
decision_type=8 10 10 10 8 10 8
left_child=3 -2 -3 4 5 -1 -6
right_child=1 2 -4 -5 6 -7 -8
leaf_value=0.7849327096939086 -0.19738173210102578 0.04500015992671251 0.64344675047057009 -0.36777063369750979 -0.016988966367867311 -0.071802734918892386 -0.32139866375923154
leaf_weight=20 23 32 21 24 247 48 30
leaf_count=20 23 32 21 24 247 48 30
internal_value=3.20459e-10 0.137008 0.282121 -0.0282184 -0.00459743 0.180178 -0.0499575
internal_weight=445 76 53 369 345 68 277
internal_count=445 76 53 369 345 68 277
is_linear=0
shrinkage=0.03


end of trees

feature_importances:
pm25_roll_mean_3h=121
wind_speed_10m=111
hour_cos=107
pm25_lag_1h=93
pm25_lag_3h=92
temperature_2m=75
pm25_lag_24h=69
boundary_layer_height=65
pm25_lag_12h=59
hour_sin=53
relative_humidity_2m=51
pm25_roll_mean_24h=46
pm25_roll_median_24h=42
wind_direction_10m=39
wind_u=36
pm25_lag_6h=35
surface_pressure=34
pm25_roll_mean_6h=33
pm25_roll_median_3h=30
pm25_roll_median_6h=20
day_of_week_sin=18
wind_v=17

parameters:
[boosting: gbdt]
[objective: regression]
[metric: l1]
[tree_learner: serial]
[device_type: cpu]
[data_sample_strategy: bagging]
[data: ]
[valid: ]
[num_iterations: 150]
[learning_rate: 0.03]
[num_leaves: 15]
[num_threads: 0]
[seed: 42]
[deterministic: 0]
[force_col_wise: 0]
[force_row_wise: 0]
[histogram_pool_size: -1]
[max_depth: 4]
[min_data_in_leaf: 20]
[min_sum_hessian_in_leaf: 0.001]
[bagging_fraction: 1]
[pos_bagging_fraction: 1]
[neg_bagging_fraction: 1]
[bagging_freq: 0]
[bagging_seed: 400]
[bagging_by_query: 0]
[feature_fraction: 0.8]
[feature_fraction_bynode: 1]
[feature_fraction_seed: 30056]
[extra_trees: 0]
[extra_seed: 12879]
[early_stopping_round: 0]
[early_stopping_min_delta: 0]
[first_metric_only: 0]
[max_delta_step: 0]
[lambda_l1: 0]
[lambda_l2: 0]
[linear_lambda: 0]
[min_gain_to_split: 0]
[drop_rate: 0.1]
[max_drop: 50]
[skip_drop: 0.5]
[xgboost_dart_mode: 0]
[uniform_drop: 0]
[drop_seed: 17869]
[top_rate: 0.2]
[other_rate: 0.1]
[min_data_per_group: 100]
[max_cat_threshold: 32]
[cat_l2: 10]
[cat_smooth: 10]
[max_cat_to_onehot: 4]
[top_k: 20]
[monotone_constraints: ]
[monotone_constraints_method: basic]
[monotone_penalty: 0]
[feature_contri: ]
[forcedsplits_filename: ]
[refit_decay_rate: 0.9]
[cegb_tradeoff: 1]
[cegb_penalty_split: 0]
[cegb_penalty_feature_lazy: ]
[cegb_penalty_feature_coupled: ]
[path_smooth: 0]
[interaction_constraints: ]
[verbosity: -1]
[saved_feature_importance_type: 0]
[use_quantized_grad: 0]
[num_grad_quant_bins: 4]
[quant_train_renew_leaf: 0]
[stochastic_rounding: 1]
[linear_tree: 0]
[max_bin: 255]
[max_bin_by_feature: ]
[min_data_in_bin: 3]
[bin_construct_sample_cnt: 200000]
[data_random_seed: 175]
[is_enable_sparse: 1]
[enable_bundle: 1]
[use_missing: 1]
[zero_as_missing: 0]
[feature_pre_filter: 1]
[pre_partition: 0]
[two_round: 0]
[header: 0]
[label_column: ]
[weight_column: ]
[group_column: ]
[ignore_column: ]
[categorical_feature: ]
[forcedbins_filename: ]
[precise_float_parser: 0]
[parser_config_file: ]
[objective_seed: 16083]
[num_class: 1]
[is_unbalance: 0]
[scale_pos_weight: 1]
[sigmoid: 1]
[boost_from_average: 1]
[reg_sqrt: 0]
[alpha: 0.9]
[fair_c: 1]
[poisson_max_delta_step: 0.7]
[tweedie_variance_power: 1.5]
[lambdarank_truncation_level: 30]
[lambdarank_norm: 1]
[label_gain: ]
[lambdarank_position_bias_regularization: 0]
[eval_at: ]
[multi_error_top_k: 1]
[auc_mu_weights: ]
[num_machines: 1]
[local_listen_port: 12400]
[time_out: 120]
[machine_list_filename: ]
[machines: ]
[gpu_platform_id: -1]
[gpu_device_id: -1]
[gpu_device_id_list: ]
[gpu_use_dp: 0]
[num_gpu: 1]

end of parameters

pandas_categorical:null
