tree
version=v4
num_class=1
num_tree_per_iteration=1
label_index=0
max_feature_idx=26
objective=regression
feature_names=latitude longitude pm25_lag_1h pm25_lag_3h pm25_lag_6h pm25_lag_12h pm25_lag_24h pm25_roll_mean_3h pm25_roll_median_3h pm25_roll_mean_6h pm25_roll_median_6h pm25_roll_mean_24h pm25_roll_median_24h temperature_2m relative_humidity_2m wind_speed_10m wind_direction_10m wind_u wind_v surface_pressure boundary_layer_height hour_sin hour_cos day_of_week_sin day_of_week_cos month_sin month_cos
feature_infos=none none [0:442] [0:442] [0:442] [0:431] [0:431] [7.25:407] [6:408] [9.7100000381469727:373.57000732421875] [11:370] [20.399999618530273:357] [20.5:357] [7.8000001907348633:26.299999237060547] [25:100] [0:3.9100000858306885] [2:360] [-3.5499999523162842:3.2000000476837158] [-2.1099998950958252:2.25] [983.9000244140625:997.70001220703125] [10:2325] [-1:1] [-1:1] [-0.97492998838424683:0.97492998838424683] [-0.9009699821472168:1] [-0.86602997779846191:0] [-0.86602997779846191:1]
tree_sizes=1343 1285 1293 1365 1373 1283 1294 1369 1292 1297 1297 1205 1303 1308 1292 1223 1390 1308 1218 1210 1216 1293 1213 1290 1210 1216 1212 1226 1292 1206 1300 1209 1215 1217 1304 1291 1371 1059 1131 1293 1145 1137 1221 1057 1149 1213 1147 980 1054 972 901 975 902 1221 1141 1137 1219 980 1318 1056 1313 1062 1309 1218 1300 1220 1306 1138 1055 1229 1235 973 973 1233 1219 1052 976 974 1143 902 974 897 1146 1063 891 1127 1058 897 897 1220 1141 1058 819 1059 975 891 1053 970 1057 903 1053 1063

Tree=0
num_leaves=15
num_cat=0
split_feature=11 15 18 11 17 7 22 10 22 9 22 15 24 8
split_gain=3.11731e+06 489890 392920 172347 194346 145901 89984.4 75637.3 64888.8 50961 47278 17610.7 3410.76 1546.06
threshold=109.50000000000001 1.1749999523162844 0.24499999731779101 181.379997253418 0.55500000715255748 164.37500000000003 -0.37940999865531916 180.50000000000003 -0.60355499386787403 78.715000152587905 -0.60355499386787403 2.1350001096725468 -0.56174498796463002 21.750000000000004
decision_type=10 10 8 10 10 10 2 10 2 10 2 10 2 10
left_child=2 5 6 4 -3 8 9 -7 -2 -1 -5 -8 -4 -14
right_child=1 3 12 10 -6 7 11 -9 -10 -11 -12 -13 13 -15
leaf_value=136.69199962806428 140.20581226438469 139.9488978396038 134.08489640589275 139.90425814880521 137.36366170389496 142.63626876312679 136.23987409653034 140.5945665385467 138.05526883380938 138.70626883071847 138.75247179653275 135.22661492657389 134.15901874631828 134.42260345800787
leaf_weight=26 23 31 47 47 168 20 38 89 28 20 101 26 24 121
leaf_count=26 23 31 47 47 168 20 38 89 28 20 101 26 24 121
internal_value=137.539 138.976 135.126 138.343 137.766 140.35 136.556 140.969 139.025 137.568 139.118 135.828 134.307 134.379
internal_weight=809 507 302 347 199 160 110 109 51 46 148 64 192 145
internal_count=809 507 302 347 199 160 110 109 51 46 148 64 192 145
is_linear=0
shrinkage=1


Tree=1
num_leaves=14
num_cat=0
split_feature=11 15 19 11 17 7 22 10 22 5 15 8 24
split_gain=2.93308e+06 460937 368716 162161 182860 137278 75980.2 71167.1 61053.9 45114.1 8343.45 7091.12 2836.42
threshold=109.50000000000001 1.1749999523162844 991.35000610351574 181.379997253418 0.55500000715255748 164.37500000000003 -0.60355499386787403 180.50000000000003 -0.60355499386787403 244.00000000000003 2.0449999570846562 51.500000000000007 -0.56174498796463002
decision_type=10 10 8 10 10 10 2 10 2 10 10 8 2
left_child=2 5 6 4 -3 8 -1 -7 -2 -5 -8 12 -4
right_child=1 3 11 9 -6 7 10 -9 -10 -11 -12 -13 -14
leaf_value=0.21257997171298876 2.5868691519032354 2.3376620998690205 -3.3504193374958446 1.1967396206855774 -0.17001699671149254 4.9444118156433108 -1.1452582416683434 2.9639606750145386 0.5008419518053 2.350403430960899 -1.8251173227483575 -2.5675699887956891 -3.0790274663404986
leaf_weight=37 23 31 47 105 168 20 32 89 28 43 33 21 132
leaf_count=37 23 31 47 105 168 20 32 89 28 43 33 21 132
internal_value=-2.13778e-09 1.39415 -2.3405 0.779913 0.220626 2.72626 -0.872663 3.32735 1.4416 1.53193 -1.49042 -3.0891 -3.15029
internal_weight=809 507 302 347 199 160 102 109 51 148 65 200 179
internal_count=809 507 302 347 199 160 102 109 51 148 65 200 179
is_linear=0
shrinkage=0.03


Tree=2
num_leaves=14
num_cat=0
split_feature=12 17 8 17 14 14 6 22 22 18 12 6 9
split_gain=2.67706e+06 460915 376770 176930 133611 153778 100271 91847.3 35833.8 26027 3052.68 1527.41 501.822
threshold=120.00000000000001 1.0699999928474428 167.75000000000003 0.92499998211860668 96.500000000000014 87.500000000000014 181.50000000000003 -0.78656998276710499 -0.37940999865531916 -0.44499999284744257 24.250000000000004 42.500000000000007 24.215000152587894
decision_type=10 10 10 8 10 10 8 2 2 10 10 10 10
left_child=1 10 3 7 5 -4 8 -2 -3 -5 12 -12 -1
right_child=2 6 4 9 -6 -7 -8 -9 -10 -11 11 -13 -14
leaf_value=-3.1671275496482849 2.8056095239520071 -0.44618644700102184 2.6609287429037893 0.048082049032475087 4.2706041042621319 1.065729283901953 1.1937695653438567 0.87395297172168884 -1.515242593876303 -0.94247511159628627 -3.0121844391903632 -2.7286649780273433 -3.3586888389587402
leaf_weight=32 32 46 131 94 26 93 20 72 73 32 118 20 20
leaf_count=32 32 46 131 94 26 93 20 72 73 32 118 20 20
internal_value=8.45664e-09 -2.08448 1.42874 0.552455 2.23492 1.99864 -0.771668 1.46831 -1.10199 -0.203488 -3.04491 -2.97109 -3.2408
internal_weight=809 329 480 230 250 224 139 104 119 126 190 138 52
internal_count=809 329 480 230 250 224 139 104 119 126 190 138 52
is_linear=0
shrinkage=0.03


Tree=3
num_leaves=15
num_cat=0
split_feature=11 17 18 20 12 22 6 6 6 2 15 12 6 9
split_gain=2.59956e+06 449347 256043 252460 203258 105529 77623.2 64658.6 39745.9 33026.4 16034.8 2919.24 1434.97 472.164
threshold=104.81999969482423 0.95499998331069957 0.24499999731779101 37.500000000000007 187.75000000000003 -0.60355499386787403 43.500000000000007 135.50000000000003 202.50000000000003 181.50000000000003 1.8949999809265139 24.250000000000004 42.500000000000007 24.215000152587894
decision_type=10 10 8 10 10 2 10 10 8 8 10 10 10 10
left_child=2 3 6 7 9 -5 -1 -2 -6 -3 -8 13 -13 -4
right_child=1 4 11 5 8 -7 10 -9 -10 -11 -12 12 -14 -15
leaf_value=0.59402852194649824 4.9777964904785152 -0.34423907175478413 -3.0721138644218442 2.4656983175074179 2.932585109710693 1.1288262644508815 -0.78482501792907711 2.9272130081730503 1.2645893236001333 0.94705106543004514 -1.7990322510739591 -2.9218189148983709 -2.657909785183993 -3.2579281768798829
leaf_weight=21 25 164 32 82 20 151 20 31 36 20 47 118 22 20
leaf_count=21 25 164 32 82 20 151 20 31 36 20 47 118 22 20
internal_value=4.00287e-09 1.23722 -2.33747 2.03401 0.277761 1.59931 -0.997459 3.84265 1.8603 -0.203881 -1.49628 -2.95164 -2.88035 -3.14358
internal_weight=809 529 280 289 240 233 88 56 56 184 67 192 140 52
internal_count=809 529 280 289 240 233 88 56 56 184 67 192 140 52
is_linear=0
shrinkage=0.03


Tree=4
num_leaves=15
num_cat=0
split_feature=11 17 20 13 12 14 6 6 6 2 15 12 24 9
split_gain=2.44593e+06 422791 237540 234182 191246 137879 77722.2 60837.2 37396.9 31074.5 16943.3 2446.13 1226.11 444.259
threshold=104.81999969482423 0.95499998331069957 37.500000000000007 1.0000000180025095e-35 187.75000000000003 87.500000000000014 43.500000000000007 135.50000000000003 202.50000000000003 181.50000000000003 1.8949999809265139 24.250000000000004 0.81174498796463024 24.215000152587894
decision_type=10 10 10 10 10 10 10 10 8 8 10 10 2 10
left_child=3 2 7 11 9 -4 -5 -2 -6 -3 -8 13 -13 -1
right_child=1 4 5 6 8 -7 10 -9 -10 -11 -12 12 -14 -15
leaf_value=-2.9799504733085631 4.8284626167297366 -0.33391190711772295 2.0740250471350437 0.57620765141078401 2.8446075382232663 0.53241733112667178 -0.76128027498722073 2.8393966209503914 1.2266516427199043 0.91863954931497571 -1.7915451386395622 -2.8521866887643794 -2.6263676961263021 -3.1601903686523438
leaf_weight=32 25 164 154 21 20 79 20 31 36 20 51 109 27 20
leaf_count=32 25 164 154 21 20 79 20 31 36 20 51 109 27 20
internal_value=-1.36879e-08 1.20011 1.97299 -2.26734 0.269429 1.55133 -1.02711 3.72737 1.80449 -0.197765 -1.50133 -2.87427 -2.80735 -3.04927
internal_weight=809 529 289 280 240 233 92 56 56 184 71 188 136 52
internal_count=809 529 289 280 240 233 92 56 56 184 71 188 136 52
is_linear=0
shrinkage=0.03


Tree=5
num_leaves=14
num_cat=0
split_feature=11 15 19 12 7 16 6 6 6 21 15 25 24
split_gain=2.3018e+06 377331 293255 149713 118982 98136.9 76108.4 66507.6 48504 26185.6 18685.1 9814.55 2327.48
threshold=109.50000000000001 1.1749999523162844 990.95001220703136 159.50000000000003 164.37500000000003 259.50000000000006 131.50000000000003 214.00000000000003 62.500000000000007 0.60355499386787426 1.8949999809265139 -0.68301498889923085 -0.56174498796463002
decision_type=10 10 8 10 10 10 10 8 10 2 10 2 2
left_child=2 4 8 5 9 -3 -6 -5 -1 -2 -10 12 -4
right_child=1 3 11 7 6 -7 -8 -9 10 -11 -12 -13 -14
leaf_value=0.26449450239058464 1.8604112554447991 1.9850126251849263 -2.9687416027961895 1.9800942724140791 4.1057341560157568 -0.14805591156807812 2.4316249563793342 0.75642862309769887 -0.63776386868569157 0.49427310514709227 -1.6491708068847657 -2.1020105143955772 -2.72408103385981
leaf_weight=31 28 22 47 78 37 165 72 82 31 23 35 21 137
leaf_count=31 28 22 47 78 37 165 72 82 31 23 35 21 137
internal_value=4.3532e-09 1.23504 -2.07339 0.679296 2.44031 0.102893 2.9999 1.35297 -0.714354 1.24431 -1.17412 -2.71645 -2.78658
internal_weight=809 507 302 347 160 187 109 160 97 51 66 205 184
internal_count=809 507 302 347 160 187 109 160 97 51 66 205 184
is_linear=0
shrinkage=0.03


Tree=6
num_leaves=14
num_cat=0
split_feature=11 15 19 10 18 7 6 22 22 14 25 18 2
split_gain=2.16577e+06 355031 275924 120409 123400 111950 71610.4 57493.7 53087.3 43704.5 9234.51 6678.57 1451.63
threshold=109.50000000000001 1.1749999523162844 990.95001220703136 158.50000000000003 0.50499999523162853 164.37500000000003 131.50000000000003 -0.60355499386787403 -0.37940999865531916 85.500000000000014 -0.68301498889923085 -0.095000002533197389 21.500000000000004
decision_type=10 10 8 10 10 10 10 2 2 10 2 10 8
left_child=2 5 7 4 -3 8 -7 -1 -2 -5 12 -9 -4
right_child=1 3 10 9 -6 6 -8 11 -10 -11 -12 -13 -14
leaf_value=0.23715650081634521 2.0500120696528206 -0.19311158744582704 -2.8555648573054819 1.8231401051325458 1.9369232337639248 3.9825620783986273 2.3586761968334513 -0.96034271732453369 0.095711461901664727 0.82606619866667208 -2.038950285230364 -1.5937146653800174 -2.6564451931892554
leaf_weight=37 29 157 43 70 29 37 72 31 22 91 21 29 141
leaf_count=37 29 157 43 70 29 37 72 31 22 91 21 29 141
internal_value=-5.99988e-09 1.19799 -2.01119 0.658917 0.138991 2.3671 2.9099 -0.692923 1.20698 1.25958 -2.63496 -1.26647 -2.70298
internal_weight=809 507 302 347 186 160 109 97 51 161 205 60 184
internal_count=809 507 302 347 186 160 109 97 51 161 205 60 184
is_linear=0
shrinkage=0.03


Tree=7
num_leaves=15
num_cat=0
split_feature=11 17 20 18 12 16 6 6 6 2 15 12 8 21
split_gain=2.03805e+06 354379 206145 201824 165115 70979.7 64335.2 51844.4 34212.9 26156.1 13357.2 2392.63 1268.94 185.961
threshold=104.81999969482423 0.95499998331069957 37.500000000000007 0.24499999731779101 187.75000000000003 113.50000000000001 43.500000000000007 135.50000000000003 202.50000000000003 181.50000000000003 1.8949999809265139 24.250000000000004 21.750000000000004 0.37940999865531927
decision_type=10 10 10 8 10 10 10 10 8 8 10 10 10 2
left_child=3 2 7 6 9 -4 -1 -2 -6 -3 -8 13 -13 -5
right_child=1 4 5 11 8 -7 10 -9 -10 -11 -12 12 -14 -15
leaf_value=0.56890095608574998 4.4538745382308953 -0.31559151373349315 2.0702938017646471 -2.7401449050903319 2.6646152915954588 0.99487633755573845 -0.68475808015465733 2.6176941756663785 1.1170684528350829 0.83356590127944941 -1.6104208416634416 -2.7654183306012836 -2.5124754423253677 -2.8549767026034267
leaf_weight=21 25 164 90 30 20 143 20 31 36 20 47 21 119 22
leaf_count=21 25 164 90 30 20 143 20 31 36 20 47 21 119 22
internal_value=3.66524e-09 1.09548 1.80308 -2.06968 0.243421 1.41027 -0.879978 3.43742 1.66976 -0.190683 -1.3341 -2.61496 -2.55042 -2.78873
internal_weight=809 529 289 280 240 233 88 56 56 184 67 192 140 52
internal_count=809 529 289 280 240 233 88 56 56 184 67 192 140 52
is_linear=0
shrinkage=0.03


Tree=8
num_leaves=14
num_cat=0
split_feature=11 17 19 20 11 14 6 6 22 22 25 17 24
split_gain=1.91788e+06 293495 245519 213440 202004 106631 62507.4 55823.7 52465.6 19977.4 7758.69 6171.22 2205.52
threshold=109.50000000000001 0.55500000715255748 990.95001220703136 37.500000000000007 171.05999755859378 87.500000000000014 135.50000000000003 221.00000000000003 -0.60355499386787403 -0.37940999865531916 -0.68301498889923085 2.0449999570846562 0.81174498796463024
decision_type=10 10 8 10 10 10 10 8 2 2 2 10 2
left_child=2 3 8 6 9 -5 -2 -6 -1 -3 12 -10 -4
right_child=1 4 10 5 7 -7 -8 -9 11 -11 -12 -13 -14
leaf_value=0.2393982476157111 4.876805113662372 0.29303124498512784 -2.5835705029964444 1.9439460189697395 2.2760072427866409 0.45767090948499167 2.6629521406441925 0.7757628461209739 -0.91237749697174875 -0.38500852678228042 -1.9346852983747211 -1.5222348725795745 -2.2751664447784421
leaf_weight=37 22 59 160 131 49 65 24 41 32 116 21 28 24
leaf_count=37 22 59 160 131 49 65 24 41 32 116 21 28 24
internal_value=-2.23794e-10 1.12735 -1.8926 1.88267 0.437579 1.45105 3.72175 1.59256 -0.649082 -0.156412 -2.48099 -1.19698 -2.54334
internal_weight=809 507 302 242 265 196 46 90 97 175 205 60 184
internal_count=809 507 302 242 265 196 46 90 97 175 205 60 184
is_linear=0
shrinkage=0.03


Tree=9
num_leaves=14
num_cat=0
split_feature=11 8 19 17 20 16 17 22 6 22 17 25 24
split_gain=1.80456e+06 316839 179191 133082 129543 107100 103339 77079.4 44209.5 25743.2 8644.59 7300.15 2075.17
threshold=104.81999969482423 167.75000000000003 990.95001220703136 0.92499998211860668 37.500000000000007 114.50000000000001 0.55500000715255748 -0.78656998276710499 48.500000000000007 -0.60355499386787403 2.0449999570846562 -0.68301498889923085 0.81174498796463024
decision_type=10 10 8 10 10 10 10 2 10 2 10 2 2
left_child=2 3 8 7 6 -6 -3 -2 -1 -5 -10 12 -4
right_child=1 4 11 9 5 -7 -8 -9 10 -11 -12 -13 -14
leaf_value=0.51505215597152709 2.3892906010150909 3.8028415642228235 -2.5060633435249327 0.34058175322082307 2.5110959452059531 0.92859078365030567 1.3773327959060668 0.61972834890087447 -0.77589988626282791 -0.45347169215491284 -1.5292365602346567 -1.8766447503226145 -2.2069114494323729
leaf_weight=20 32 43 160 54 54 134 25 72 29 115 26 21 24
leaf_count=20 32 43 160 54 54 134 25 72 29 115 26 21 24
internal_value=1.23406e-08 1.03082 -1.94752 0.319853 1.78901 1.38314 2.91111 1.16421 -0.692803 -0.19975 -1.13202 -2.40656 -2.46704
internal_weight=809 529 280 273 256 188 68 104 75 169 55 205 184
internal_count=809 529 280 273 256 188 68 104 75 169 55 205 184
is_linear=0
shrinkage=0.03


Tree=10
num_leaves=14
num_cat=0
split_feature=11 15 19 12 17 23 12 6 22 9 17 9 24
split_gain=1.69908e+06 287225 216867 109293 102721 94278.5 80473 58411.7 47893.4 41746.1 8226.75 6027.06 1763.33
threshold=109.50000000000001 1.1749999523162844 990.95001220703136 159.50000000000003 0.17500000447034839 0.87838000059127819 232.25000000000003 214.00000000000003 -0.37940999865531916 78.715000152587905 2.0449999570846562 45.000000000000007 -0.56174498796463002
decision_type=10 10 8 10 10 2 10 10 2 10 10 8 2
left_child=2 5 8 4 -3 6 -2 -5 9 -1 -10 12 -4
right_child=1 3 11 7 -6 -7 -8 -9 10 -11 -12 -13 -14
leaf_value=-0.70340186311648434 2.0941086450857775 2.0605913905586517 -2.5622672093168215 1.584052861753632 -0.16634255415524343 0.42040041596889494 4.0423385698898979 0.39166672929093754 -0.9269697868824005 1.1196803290843962 -1.7011645671299525 -1.9629990343614059 -2.3467172955322266
leaf_weight=26 112 21 47 102 166 25 23 58 30 20 21 33 125
leaf_count=26 112 21 47 102 166 25 23 58 30 20 21 33 125
internal_value=3.55639e-09 1.06109 -1.78137 0.576224 0.0837409 2.11265 2.42603 1.15181 -0.612664 0.0892426 -1.24576 -2.33437 -2.40562
internal_weight=809 507 302 347 187 160 135 160 97 46 51 205 172
internal_count=809 507 302 347 187 160 135 160 97 46 51 205 172
is_linear=0
shrinkage=0.03


Tree=11
num_leaves=13
num_cat=0
split_feature=12 8 22 20 16 3 16 16 19 24 6 9
split_gain=1.55176e+06 417916 175389 123909 99763 77819.7 53135.1 44681.8 24618 1906.33 1085.99 328.439
threshold=79.500000000000014 161.50000000000003 -0.60355499386787403 37.500000000000007 114.50000000000001 65.500000000000014 210.50000000000003 234.50000000000003 991.04998779296886 -0.56174498796463002 30.500000000000004 24.215000152587894
decision_type=8 10 2 10 10 8 10 8 8 2 10 10
left_child=8 2 5 6 -5 -2 -3 -4 -1 11 -11 -10
right_child=1 3 7 4 -6 -7 -8 -9 9 10 -12 -13
leaf_value=-1.237210589817592 -0.53697140775620933 3.8575615104675292 0.39725604078104326 2.3847226662105983 0.8809624137096107 1.3791010152812926 2.1183113586070923 -0.68784787734364516 -2.4171445804172094 -2.3286106332143146 -2.1574342475747166 -2.5775431137084959
leaf_weight=21 24 25 43 54 150 93 43 166 27 90 53 20
leaf_count=21 24 25 43 54 150 93 43 166 27 90 53 20
internal_value=-6.7728e-09 0.780458 0.0560379 1.6487 1.27902 0.986061 2.75774 -0.464597 -2.21192 -2.31965 -2.26517 -2.4854
internal_weight=809 598 326 272 204 117 68 209 211 190 143 47
internal_count=809 598 326 272 204 117 68 209 211 190 143 47
is_linear=0
shrinkage=0.03


Tree=12
num_leaves=14
num_cat=0
split_feature=11 15 19 10 18 23 11 16 22 10 20 25 24
split_gain=1.50913e+06 258324 191319 87381.4 94164.7 87166.7 68165 46431.5 43457.5 35819.4 7475.43 5820.75 1830.11
threshold=109.50000000000001 1.1749999523162844 990.95001220703136 158.50000000000003 0.50499999523162853 0.87838000059127819 240.50000000000003 107.50000000000001 -0.37940999865531916 71.500000000000014 117.50000000000001 -0.68301498889923085 0.81174498796463024
decision_type=10 10 8 10 10 2 10 10 2 10 10 2 2
left_child=2 5 8 4 -3 6 -2 -5 9 -1 -10 12 -4
right_child=1 3 11 7 -6 -7 -8 -9 10 -11 -12 -13 -14
leaf_value=-0.67977839425206177 1.9151641281562692 -0.19283018673301502 -2.2888965196609496 2.1868588688638471 1.6678556106830464 0.37009959433861073 3.483762161948464 0.82319839029614605 -0.86784397910381172 1.0008817945207866 -1.6011986316334117 -1.7250606441497802 -2.0079635024070739
leaf_weight=25 102 157 160 27 29 25 33 134 29 21 22 21 24
leaf_count=25 102 157 160 27 29 25 33 134 29 21 22 21 24
internal_value=1.52591e-09 1.00002 -1.67884 0.540194 0.0972767 1.99727 2.2986 1.05189 -0.581132 0.0874795 -1.18419 -2.19825 -2.25225
internal_weight=809 507 302 347 186 160 135 161 97 46 51 205 184
internal_count=809 507 302 347 186 160 135 161 97 46 51 205 184
is_linear=0
shrinkage=0.03


Tree=13
num_leaves=14
num_cat=0
split_feature=11 15 18 12 17 7 10 22 23 22 19 10 12
split_gain=1.41994e+06 243057 180404 92161.6 91028.1 82685.5 63315.6 45368.9 44796.6 37001.8 13842.9 3020.73 1534.31
threshold=109.50000000000001 1.1749999523162844 0.14500000327825549 159.50000000000003 0.17500000447034839 164.37500000000003 180.50000000000003 -0.37940999865531916 0.60785500705242168 -0.60355499386787403 990.04998779296886 43.500000000000007 24.250000000000004
decision_type=10 10 8 10 10 10 10 2 2 2 10 10 10
left_child=2 5 8 4 -3 7 -7 -2 10 -5 -1 12 -4
right_child=1 3 11 9 -6 6 -8 -9 -10 -11 -12 -13 -14
leaf_value=-0.71580236709323419 1.7196738812019086 1.9326874375343321 -2.3368540807870719 1.6917340899838342 -0.16367423136123868 3.9291067893505098 2.0610943377603972 -0.086981548815965648 0.53165721595287319 0.72692144612166676 -1.6310798206329344 -1.8745693376064301 -2.141258133548801
leaf_weight=58 29 21 52 54 166 20 89 22 24 106 20 30 118
leaf_count=58 29 21 52 54 166 20 89 22 24 106 20 30 118
internal_value=-5.37727e-09 0.97002 -1.62848 0.523988 0.0717461 1.93735 2.40385 0.940332 -0.601749 1.05255 -0.950489 -2.15211 -2.20109
internal_weight=809 507 302 347 187 160 109 51 102 160 78 200 170
internal_count=809 507 302 347 187 160 109 51 102 160 78 200 170
is_linear=0
shrinkage=0.03


Tree=14
num_leaves=14
num_cat=0
split_feature=11 8 19 20 22 17 13 17 22 17 17 9 24
split_gain=1.33602e+06 213242 170107 108562 92948.3 88597.6 69189.4 57421.5 40726.2 27834.6 5090.83 4386.52 1456.92
threshold=109.50000000000001 161.50000000000003 990.95001220703136 37.500000000000007 -0.78656998276710499 0.55500000715255748 17.44999980926514 0.60500001907348644 -0.60355499386787403 1.0049999952316286 2.120000004768372 45.000000000000007 -0.56174498796463002
decision_type=10 10 8 10 2 10 10 10 2 10 10 8 2
left_child=2 4 8 5 7 -3 -5 -2 -1 -6 -10 12 -4
right_child=1 3 11 6 9 -7 -8 -9 10 -11 -12 -13 -14
leaf_value=0.23824060543163403 2.2731734597682953 3.3765742392872653 -2.2725641088282806 0.89391023273148185 0.37375127929023333 1.1307156921386718 2.285477222084999 0.46175767521063482 -0.80940260159002764 -0.4046472635068516 -1.3777662239903989 -1.7525693377581508 -2.0766350564575196
leaf_weight=37 28 43 47 164 70 25 40 36 37 101 23 33 125
leaf_count=37 28 43 47 164 70 25 40 36 37 101 23 33 125
internal_value=5.36e-10 0.94092 -1.57962 1.5128 0.279001 2.55089 1.16677 1.25425 -0.544553 -0.0860046 -1.02728 -2.06939 -2.13017
internal_weight=809 507 302 272 235 68 204 64 97 171 60 205 172
internal_count=809 507 302 272 235 68 204 64 97 171 60 205 172
is_linear=0
shrinkage=0.03


Tree=15
num_leaves=13
num_cat=0
split_feature=11 15 19 12 17 23 12 23 13 24 25 24
split_gain=1.25706e+06 217150 160054 81777.7 83721.2 78061.4 66232.3 36363.1 32194 8324.97 4848.54 1554.46
threshold=109.50000000000001 1.1749999523162844 990.95001220703136 159.50000000000003 0.17500000447034839 0.87838000059127819 232.25000000000003 0.60785500705242168 16.44999980926514 1.0000000180025095e-35 -0.68301498889923085 0.81174498796463024
decision_type=10 10 8 10 10 2 10 2 10 2 2 2
left_child=2 5 7 4 -3 6 -2 9 -5 -1 11 -4
right_child=1 3 10 8 -6 -7 -8 -9 -10 -11 -12 -13
leaf_value=-1.108606176487235 1.8110536301136015 1.8497857645579747 -2.0903673380613328 0.70208648433468557 -0.16067767985266104 0.28717808132171635 3.5785156620585399 0.57678525788443424 1.6201814466476441 -0.47513313716108146 -1.5754411152430943 -1.8314543056488035
leaf_weight=43 112 21 160 110 166 25 23 21 50 33 21 24
leaf_count=43 112 21 160 110 166 25 23 21 50 33 21 24
internal_value=1.35637e-09 0.912692 -1.53223 0.4911 0.0650963 1.82702 2.11218 -0.528216 0.988991 -0.833546 -2.00731 -2.0566
internal_weight=809 507 302 347 187 160 135 97 160 76 205 184
internal_count=809 507 302 347 187 160 135 97 160 76 205 184
is_linear=0
shrinkage=0.03


Tree=16
num_leaves=15
num_cat=0
split_feature=11 7 19 20 17 17 13 14 22 23 18 21 11 12
split_gain=1.18302e+06 182488 164035 88745.2 81386.6 78790.8 69163.4 64820.2 35311.1 33970.5 23139.4 6286.2 5950.36 1468.22
threshold=112.92000198364259 166.12500000000003 990.85000610351574 37.500000000000007 0.71999999880790722 0.55500000715255748 17.44999980926514 84.500000000000014 -0.60355499386787403 -1.0000000180025095e-35 -0.4549999982118606 -1.0000000180025095e-35 43.479999542236335 24.250000000000004
decision_type=10 10 8 10 10 10 10 10 2 2 10 2 8 10
left_child=2 4 8 5 7 -3 -5 -2 9 -1 -6 -10 13 -4
right_child=1 3 12 6 10 -7 -8 -9 11 -11 -12 -13 -14 -15
leaf_value=-0.64202948893819534 1.5376798222746166 3.187285416637148 -2.1336008318732769 0.85457607352375231 0.058472100115806148 1.0601170997858047 2.2955207591443449 -0.072540334991046354 -0.63882439542900438 1.0855558446049689 -0.83439014216831753 -1.2337568578027909 -1.4518961942195892 -1.9446618665059408
leaf_weight=21 63 42 51 158 103 25 37 35 33 20 35 31 20 135
leaf_count=21 63 42 51 158 103 25 37 35 33 20 35 31 20 135
internal_value=3.47129e-09 0.906587 -1.4517 1.45163 0.3015 2.39357 1.12799 0.962601 -0.486659 0.200695 -0.167978 -0.926995 -1.9436 -1.99647
internal_weight=809 498 311 262 236 67 195 98 105 41 138 64 206 186
internal_count=809 498 311 262 236 67 195 98 105 41 138 64 206 186
is_linear=0
shrinkage=0.03


Tree=17
num_leaves=14
num_cat=0
split_feature=11 15 19 23 6 12 19 6 22 23 21 11 24
split_gain=1.11311e+06 188267 154340 72561.1 72555.8 69537.9 81932 38062.6 33551.7 29022.5 8089.75 5598.69 1400.68
threshold=112.92000198364259 1.1749999523162844 990.85000610351574 0.87838000059127819 112.50000000000001 187.75000000000003 988.95001220703136 214.00000000000003 -0.37940999865531916 -1.0000000180025095e-35 -1.0000000180025095e-35 43.479999542236335 -0.56174498796463002
decision_type=10 10 8 2 10 10 10 8 2 2 2 8 2
left_child=2 3 8 4 -2 6 -3 -7 9 -1 -10 12 -4
right_child=1 5 11 -5 -6 7 -8 -9 10 -11 -12 -13 -14
leaf_value=-0.59496673471397821 3.6745646542310713 1.1142249718308448 -2.0781505527902158 0.24736802330017088 1.7155289273042427 1.6138867169304898 -0.20639704985400803 0.56281242448836566 -0.65229185367452691 0.83882475577294824 -1.3886969272613525 -1.4083393406867981 -1.8887023618409959
leaf_weight=27 20 58 47 25 114 57 156 68 29 24 25 20 139
leaf_count=27 20 58 47 25 114 57 156 68 29 24 25 20 139
internal_value=2.43686e-09 0.879389 -1.40815 1.73111 2.00792 0.479911 0.151529 1.0421 -0.472059 0.0797587 -0.99322 -1.88529 -1.93657
internal_weight=809 498 311 159 134 339 214 125 105 51 54 206 186
internal_count=809 498 311 159 134 339 214 125 105 51 54 206 186
is_linear=0
shrinkage=0.03


Tree=18
num_leaves=13
num_cat=0
split_feature=12 8 22 16 6 14 10 17 19 24 12 9
split_gain=1.02081e+06 287556 135674 96135.4 93741.5 92477.1 52036.8 37303.5 14500.5 1342.45 1145.34 318.261
threshold=79.500000000000014 161.50000000000003 -0.60355499386787403 114.50000000000001 133.50000000000003 96.500000000000014 80.250000000000014 0.47499999403953558 991.04998779296886 -0.56174498796463002 31.250000000000004 24.215000152587894
decision_type=8 10 2 10 10 10 10 8 8 2 10 10
left_child=8 2 6 4 -3 -5 -2 -4 -1 11 -11 -10
right_child=1 3 7 5 -6 -7 -8 -9 9 10 -12 -13
leaf_value=-1.045967298235212 -0.15932657053524799 4.0556839942932124 0.30822489209473131 0.79435587100684635 1.6110933390259741 2.7768486455082892 1.2466333813646009 -0.64464892459026768 -1.9486172485351561 -1.780832777563131 -1.9746989791457719 -2.1065110244750973
leaf_weight=21 33 20 48 180 48 24 84 161 27 106 37 20
leaf_count=21 33 20 48 180 48 24 84 161 27 106 37 20
internal_value=-8.04939e-09 0.633011 0.0321035 1.35322 2.33009 1.02759 0.850081 -0.425807 -1.79403 -1.87671 -1.83099 -2.01581
internal_weight=809 598 326 272 68 204 117 209 211 190 143 47
internal_count=809 598 326 272 68 204 117 209 211 190 143 47
is_linear=0
shrinkage=0.03


Tree=19
num_leaves=13
num_cat=0
split_feature=11 15 17 23 6 12 17 23 6 17 10 9
split_gain=988161 170366 136269 67760.1 64711.9 61029.3 63343.6 37603.8 35342.1 7794 2477.85 1348.08
threshold=113.4550018310547 1.1749999523162844 2.8449999094009404 0.87838000059127819 112.50000000000001 187.75000000000003 0.55500000715255748 0.60785500705242168 214.00000000000003 1.8299999833106997 43.500000000000007 32.91999816894532
decision_type=10 10 8 2 10 10 10 2 8 10 10 8
left_child=2 3 7 4 -2 6 -3 9 -7 -1 11 -4
right_child=1 5 10 -5 -6 8 -8 -9 -10 -11 -12 -13
leaf_value=-0.31726836472749709 3.4901869018077849 1.0536092227468123 -1.7937855248555648 0.21492998013496398 1.6388526983493197 1.5307169806329826 -0.15164557397598399 0.53497776228189475 0.51790075502851429 -0.94858183178712019 -1.5352194707147007 -2.0073778742009942
leaf_weight=24 20 52 137 25 113 57 160 25 68 66 29 33
leaf_count=24 20 52 137 25 113 57 160 25 68 66 29 33
internal_value=5.42354e-10 0.83507 -1.31643 1.64789 1.91725 0.453984 0.143983 -0.494317 0.979745 -0.780232 -1.79152 -1.83525
internal_weight=809 495 314 158 133 337 212 115 125 90 199 170
internal_count=809 495 314 158 133 337 212 115 125 90 199 170
is_linear=0
shrinkage=0.03


Tree=20
num_leaves=13
num_cat=0
split_feature=11 15 19 13 7 12 19 6 6 22 18 12
split_gain=929761 160297 133297 62151.9 83215.4 57422.5 79986.1 33253.4 26207.9 9848.58 8833.33 1368.41
threshold=113.4550018310547 1.1749999523162844 990.54998779296886 10.050000190734865 308.87500000000006 187.75000000000003 988.95001220703136 214.00000000000003 129.50000000000003 -1.0000000180025095e-35 0.11499999836087228 24.250000000000004
decision_type=10 10 8 10 10 10 10 8 8 2 8 10
left_child=2 3 8 -2 -5 6 -3 -7 9 -1 -4 -12
right_child=1 5 10 4 -6 7 -8 -9 -10 -11 11 -13
leaf_value=-0.3324613977515179 2.9391227256334744 1.1122512224742342 -1.1056839443743229 1.0067568273822198 3.0661487524850028 1.4847954767315013 -0.20947059737661708 0.50236373591948957 0.58788530409336093 -0.99495985766251871 -1.8995979353097767 -1.7193729137011937
leaf_weight=46 26 56 20 111 21 57 156 68 20 36 52 140
leaf_count=46 26 56 20 111 21 57 156 68 20 36 52 140
internal_value=1.80444e-09 0.810018 -1.27694 1.59846 1.33439 0.440364 0.139663 0.950353 -0.385824 -0.623314 -1.70568 -1.76818
internal_weight=809 495 314 158 132 337 212 125 102 82 212 192
internal_count=809 495 314 158 132 337 212 125 102 82 212 192
is_linear=0
shrinkage=0.03


Tree=21
num_leaves=14
num_cat=0
split_feature=11 20 17 16 14 12 17 6 23 17 12 23 11
split_gain=874812 147816 121036 97998.2 121544 84374.8 67393.8 54862.2 35032.6 7355.4 1909.03 1488.09 188.724
threshold=113.4550018310547 37.500000000000007 2.8449999094009404 113.50000000000001 87.500000000000014 187.75000000000003 0.55500000715255748 135.50000000000003 0.60785500705242168 1.8299999833106997 24.250000000000004 -0.60785500705242146 24.060000419616703
decision_type=10 10 8 10 10 10 10 10 2 10 10 2 8
left_child=2 6 8 4 -3 -5 7 -2 9 -1 12 -12 -4
right_child=1 3 10 5 -6 -7 -8 -9 -10 -11 11 -13 -14
leaf_value=-0.29004696622490883 3.8144288427179505 2.2493109400797695 -1.7955705901115171 -0.0055054852730548219 -0.070770417567222341 1.0052465389775378 0.82144139177524134 1.7403754466772079 0.52965281599760061 -0.9033400671590458 -1.7748224576314291 -1.5677186507512539 -1.9120490864345003
leaf_weight=24 22 59 31 221 31 112 26 24 25 66 45 102 21
leaf_count=24 22 59 31 221 31 112 26 24 25 66 45 102 21
internal_value=9.7143e-10 0.785718 -1.23863 0.571835 1.45017 0.334447 2.04228 2.73231 -0.463828 -0.739795 -1.68638 -1.63112 -1.84261
internal_weight=809 495 314 423 90 333 72 46 115 90 199 147 52
internal_count=809 495 314 423 90 333 72 46 115 90 199 147 52
is_linear=0
shrinkage=0.03


Tree=22
num_leaves=13
num_cat=0
split_feature=11 15 13 10 13 11 20 22 6 22 6 12
split_gain=823110 143880 114596 56867.7 75583.3 51483.3 45872.2 34308.6 30957.3 13502.5 6356.23 1057.67
threshold=113.4550018310547 1.1749999523162844 9.9499998092651385 303.50000000000006 10.34999990463257 211.04499816894534 52.500000000000007 -0.78656998276710499 43.500000000000007 -0.37940999865531916 57.500000000000007 24.250000000000004
decision_type=10 10 10 10 10 10 10 2 10 2 10 10
left_child=2 3 10 4 -2 6 -3 -7 -4 -10 11 -1
right_child=1 5 8 -5 -6 7 -8 -9 9 -11 -12 -13
leaf_value=-1.793151727294922 2.9622987456321717 1.5732074460983276 0.62386028655937731 2.8218678377151489 0.96148929579991149 2.0674079444191671 0.075551862221259578 0.6940907622780651 -0.20394134200470787 -0.96611108037141646 -1.1463898305789284 -1.631301992315995
leaf_weight=50 20 20 21 25 113 22 231 64 35 52 23 133
leaf_count=50 20 20 21 25 113 22 231 64 35 52 23 133
internal_value=-7.89633e-10 0.762146 -1.20147 1.50912 1.26236 0.411933 0.194887 1.0454 -0.409951 -0.659491 -1.61645 -1.67552
internal_weight=809 495 314 158 133 337 251 86 108 87 206 183
internal_count=809 495 314 158 133 337 251 86 108 87 206 183
is_linear=0
shrinkage=0.03


Tree=23
num_leaves=14
num_cat=0
split_feature=11 15 15 11 9 6 11 23 13 17 24 4 9
split_gain=774555 137404 105754 90518.2 68832.9 61269.7 45416 39547.8 24121.4 8943.64 969.509 1046.86 297.766
threshold=112.92000198364259 0.74500000476837169 1.0549999475479128 211.04499816894534 301.36000061035162 131.50000000000003 120.94000244140626 0.60785500705242168 13.449999809265138 1.8299999833106997 -0.56174498796463002 48.500000000000007 24.215000152587894
decision_type=10 10 10 10 10 10 10 2 10 10 2 8 10
left_child=2 5 10 6 -5 -2 -3 9 -7 -4 12 -12 -1
right_child=1 3 7 4 -6 8 -8 -9 -10 -11 11 -13 -14
leaf_value=-1.6722267659505208 3.0210898895921381 1.6316714208126069 -0.25790445980615911 0.89389561769792003 2.7753785978044783 1.9649410430788994 0.15225832156044372 0.57785127832889549 0.50918034008571078 -0.92547521815724565 -1.546088221526343 -1.775548962184361 -1.8249519710540771
leaf_weight=27 29 20 24 105 21 20 282 25 21 73 121 21 20
leaf_count=27 29 20 24 105 21 20 282 25 21 73 121 21 20
internal_value=-9.94915e-10 0.733565 -1.17465 0.532038 1.20748 1.96576 0.250233 -0.486091 1.21931 -0.760303 -1.61911 -1.58002 -1.73722
internal_weight=809 498 311 428 126 70 302 122 41 97 189 142 47
internal_count=809 498 311 428 126 70 302 122 41 97 189 142 47
is_linear=0
shrinkage=0.03


Tree=24
num_leaves=13
num_cat=0
split_feature=17 8 22 15 5 14 16 17 16 2 7 21
split_gain=714194 209660 102759 81858.9 56968.3 41598.3 39625.9 20959.1 15659.1 1012.81 824.523 358.317
threshold=2.620000004768372 161.50000000000003 -0.37940999865531916 0.78499999642372142 181.50000000000003 82.500000000000014 99.500000000000014 0.47499999403953558 267.50000000000006 21.500000000000004 34.584999084472663 -1.0000000180025095e-35
decision_type=8 8 2 10 8 10 10 10 10 10 10 2
left_child=1 2 4 6 -1 -5 -3 -4 9 11 -11 -2
right_child=8 3 7 5 -6 -7 -8 -9 -10 10 -12 -13
leaf_value=0.27977658952689832 -1.5991384480216284 3.225644771575928 0.14134956161677836 1.3823560239939854 1.6878675345813525 0.53350477497071724 1.5758946573106865 -0.63793543857207391 -0.68704903078079216 -1.4763688897072 -1.6252479196511782 -1.763642824613131
leaf_weight=108 22 20 40 87 34 129 38 139 20 94 52 26
leaf_count=108 22 20 40 87 34 129 38 139 20 94 52 26
internal_value=-6.80499e-10 0.534569 0.0142814 1.1441 0.616925 0.875403 2.14477 -0.463794 -1.4863 -1.5687 -1.52939 -1.68824
internal_weight=809 595 321 274 142 216 58 179 214 194 146 48
internal_count=809 595 321 274 142 216 58 179 214 194 146 48
is_linear=0
shrinkage=0.03


Tree=25
num_leaves=13
num_cat=0
split_feature=11 15 19 23 6 5 14 6 21 22 19 2
split_gain=688954 123664 100894 59984 54490.4 49336.6 35840.3 22881.9 15838.5 7953.09 5416.71 943.682
threshold=113.4550018310547 1.1749999523162844 990.54998779296886 0.87838000059127819 112.50000000000001 257.00000000000006 86.500000000000014 129.50000000000003 -1.0000000180025095e-35 -1.0000000180025095e-35 990.75000000000011 21.500000000000004
decision_type=10 10 8 2 10 8 8 8 2 2 10 10
left_child=2 3 7 4 -2 6 -3 9 -7 -1 11 -4
right_child=1 5 10 -5 -6 8 -8 -9 -10 -11 -12 -13
leaf_value=-0.28447259848532469 3.08659246301651 0.52732378204172248 -1.6375976586341858 0.041550505256652825 1.3877505995952977 0.50341991361379623 -0.16426221458227125 0.58589430463314052 1.4571391209534237 -0.87981401799867542 -1.0148899316787718 -1.4838664115892424
leaf_weight=46 20 139 48 25 113 25 131 20 42 36 21 143
leaf_count=46 20 139 48 25 113 25 131 20 42 36 21 143
internal_value=-6.1343e-09 0.697276 -1.09921 1.38979 1.64322 0.372596 0.191777 -0.323933 1.10127 -0.545842 -1.47222 -1.5225
internal_weight=809 495 314 158 133 337 270 102 67 82 212 191
internal_count=809 495 314 158 133 337 270 102 67 82 212 191
is_linear=0
shrinkage=0.03


Tree=26
num_leaves=13
num_cat=0
split_feature=11 20 19 22 5 7 17 6 6 24 19 12
split_gain=648237 117526 94930.8 86964.4 85931.7 79625 55881.2 48417.8 21529.6 7807.15 5096.58 1006.69
threshold=113.4550018310547 37.500000000000007 990.54998779296886 -0.37940999865531916 259.50000000000006 208.37500000000003 0.55500000715255748 135.50000000000003 129.50000000000003 1.0000000180025095e-35 990.75000000000011 24.250000000000004
decision_type=10 10 8 2 10 10 10 10 8 2 10 10
left_child=2 6 8 5 -5 -3 7 -2 9 -1 11 -4
right_child=1 3 10 4 -6 -7 -8 -9 -10 -11 -12 -13
leaf_value=-0.86868201858656735 3.441714300025593 0.71792787701539362 -1.5894304649646465 -0.069524456667713813 1.5924295972287654 2.4472097761877651 0.68511739113009884 1.4932800596952438 0.56831749963760381 -0.27685962138023779 -0.98444322313581201 -1.4346997820902214
leaf_weight=35 22 138 52 224 32 29 26 24 20 47 21 139
leaf_count=35 22 138 52 224 32 29 26 24 20 47 21 139
internal_value=3.85754e-09 0.676357 -1.06623 0.485644 0.13822 1.01822 1.7968 2.42514 -0.314215 -0.529467 -1.42805 -1.47683
internal_weight=809 495 314 423 256 167 72 46 102 82 212 191
internal_count=809 495 314 423 256 167 72 46 102 82 212 191
is_linear=0
shrinkage=0.03


Tree=27
num_leaves=13
num_cat=0
split_feature=11 15 19 23 12 7 20 22 23 24 19 12
split_gain=609926 110681 89320.4 55536.3 50172.2 43388 46003.8 32588.8 21055 6948.75 4795.37 947.194
threshold=113.4550018310547 1.1749999523162844 990.54998779296886 0.87838000059127819 232.25000000000003 155.87500000000003 72.500000000000014 -0.78656998276710499 0.60785500705242168 1.0000000180025095e-35 990.75000000000011 24.250000000000004
decision_type=10 10 8 2 10 8 10 2 2 2 10 10
left_child=2 3 8 4 -2 7 -7 -3 9 -1 11 -4
right_child=1 5 10 -5 -6 6 -8 -9 -10 -11 -12 -13
leaf_value=-0.79676617760743407 1.2886318408304993 0.66157250290567227 -1.5417475693042459 0.013927869987487794 2.8293322337321611 1.5303773019356386 0.40107225264077417 -0.30701604261994359 0.51713733177293431 -0.23687546427312647 -0.95490993295397075 -1.3916587884649099
leaf_weight=42 110 44 52 25 23 42 143 108 22 38 21 139
leaf_count=42 110 44 52 25 23 42 143 108 22 38 21 139
internal_value=-3.26905e-09 0.656067 -1.03425 1.31122 1.55507 0.348904 0.657455 -0.0266351 -0.304788 -0.530818 -1.38521 -1.43252
internal_weight=809 495 314 158 133 337 185 152 102 80 212 191
internal_count=809 495 314 158 133 337 185 152 102 80 212 191
is_linear=0
shrinkage=0.03


Tree=28
num_leaves=14
num_cat=0
split_feature=11 8 19 16 6 14 17 14 6 18 13 16 12
split_gain=573889 104793 86325.8 70589 74118.9 73494.2 42455.7 39814.3 20011.5 14664.5 7348.84 1759.27 821.827
threshold=113.4550018310547 161.50000000000003 990.54998779296886 114.50000000000001 133.50000000000003 96.500000000000014 0.92499998211860668 85.500000000000014 129.50000000000003 -0.42499999701976771 19.94999980926514 288.50000000000006 31.250000000000004
decision_type=8 10 8 10 10 10 8 10 8 8 10 8 10
left_child=2 6 8 4 -3 -5 7 -2 10 -8 -1 -4 -13
right_child=1 3 11 5 -6 -7 9 -9 -10 -11 -12 12 -14
leaf_value=-0.66447229137343744 1.064627533312887 3.399585931777954 -1.0998484570639473 0.54116567436854035 1.2258617252111434 2.3085097676515578 -0.029750148451205383 -0.19381748058966228 0.55520491468906408 -0.78869384527206421 -0.0031294602602720259 -1.3593644809255414 -1.5205071487426756
leaf_weight=62 64 20 21 180 48 24 97 35 20 30 20 153 35
leaf_count=62 64 20 21 180 48 24 97 35 20 30 20 153 35
internal_value=1.78814e-09 0.631432 -1.0111 1.02811 1.86519 0.749089 0.154009 0.619723 -0.295645 -0.209028 -0.503169 -1.36027 -1.38936
internal_weight=809 498 311 272 68 204 226 99 102 127 82 209 188
internal_count=809 498 311 272 68 204 226 99 102 127 82 209 188
is_linear=0
shrinkage=0.03


Tree=29
num_leaves=13
num_cat=0
split_feature=11 20 19 22 2 5 17 6 23 17 18 2
split_gain=539972 103470 81223.9 80374.9 77044 76799.4 51078.2 44738.8 19432.2 6345.06 1655.3 826.534
threshold=113.4550018310547 37.500000000000007 990.54998779296886 -0.37940999865531916 207.50000000000003 259.50000000000006 0.55500000715255748 135.50000000000003 0.60785500705242168 1.8700000047683718 -0.79500001668930043 21.500000000000004
decision_type=8 8 8 2 10 10 10 10 2 10 10 8
left_child=2 6 8 4 -3 -5 7 -2 9 -1 11 -4
right_child=1 3 10 5 -6 -7 -8 -9 -10 -11 -12 -13
leaf_value=-0.05609266528061458 3.2422566850077019 0.65250311527239235 -1.4631942611516908 -0.090139108223405706 2.353527215924756 1.4797252508997916 0.60150276825978199 1.3693102613091468 0.50284082252870899 -0.66331613014310098 -1.066853025300162 -1.31342860198432
leaf_weight=21 22 138 43 227 29 32 26 24 22 59 21 145
leaf_count=21 22 138 43 227 29 32 26 24 22 59 21 145
internal_value=1.66326e-09 0.612489 -0.98077 0.434712 0.947891 0.103821 1.66434 2.26507 -0.286775 -0.50392 -1.31947 -1.34768
internal_weight=809 498 311 426 167 259 72 46 102 80 209 188
internal_count=809 498 311 426 167 259 72 46 102 80 209 188
is_linear=0
shrinkage=0.03


Tree=30
num_leaves=14
num_cat=0
split_feature=11 20 19 22 2 5 17 6 22 23 21 14 6
split_gain=508060 97355 76423.6 75624.8 72490.7 72260.6 48059.5 42094.7 18666.1 20351.8 4188.41 1560.05 801.699
threshold=113.4550018310547 37.500000000000007 990.54998779296886 -0.37940999865531916 207.50000000000003 259.50000000000006 0.55500000715255748 135.50000000000003 -0.60355499386787403 -1.0000000180025095e-35 -1.0000000180025095e-35 77.500000000000014 16.500000000000004
decision_type=8 8 8 2 10 10 10 10 2 2 2 8 8
left_child=2 6 8 4 -3 -5 7 -2 9 -1 -10 -4 -13
right_child=1 3 11 5 -6 -7 -8 -9 10 -11 -12 12 -14
leaf_value=-0.43543742392744333 3.1449889940565279 0.6329280163153358 -1.0279210081100463 -0.087434929220686922 2.2829213860939288 1.435333508402109 0.58345768442520729 1.3282309311628342 -0.39663301706314086 0.90174367037415493 -0.89931148382333603 -1.1363119562647559 -1.3289705324744034
leaf_weight=21 22 138 20 227 29 32 26 24 35 20 26 22 167
leaf_count=21 22 138 20 227 29 32 26 24 35 20 26 22 167
internal_value=1.23777e-09 0.594114 -0.951347 0.421671 0.919454 0.100706 1.61441 2.19712 -0.278172 0.216846 -0.610889 -1.27988 -1.30654
internal_weight=809 498 311 426 167 259 72 46 102 41 61 209 189
internal_count=809 498 311 426 167 259 72 46 102 41 61 209 189
is_linear=0
shrinkage=0.03


Tree=31
num_leaves=13
num_cat=0
split_feature=11 15 23 14 14 5 5 6 7 13 6 9
split_gain=478034 92571 77900.5 67937.5 65482 28945.5 30270 26789.6 24352.1 8592.05 2322.17 906.005
threshold=113.4550018310547 1.485000014305115 0.87838000059127819 76.500000000000014 82.500000000000014 280.50000000000006 81.500000000000014 127.50000000000001 203.87500000000003 19.94999980926514 52.500000000000007 32.91999816894532
decision_type=8 8 2 8 10 10 10 8 10 10 10 10
left_child=3 2 4 7 -2 6 -3 9 -4 -1 11 -5
right_child=1 5 8 10 -6 -7 -8 -9 -10 -11 -12 -13
leaf_value=-0.70149605914262625 1.8375189033531127 0.99480918824672693 -0.50722775753806626 -1.2410590746293539 0.7319664130788861 1.2099408307576296 -0.058044360812697836 0.68613598474860193 0.81203563237935295 0.0095660826265811915 -0.99540091705322264 -1.397086470444997
leaf_weight=65 94 28 34 131 99 22 201 20 20 20 30 45
leaf_count=65 94 28 34 131 99 22 201 20 20 20 30 45
internal_value=-2.83455e-10 0.576291 0.988609 -0.922807 1.27042 0.170544 0.0706888 -0.301745 -0.0186117 -0.534187 -1.23937 -1.28095
internal_weight=809 498 247 311 193 251 229 105 54 85 206 176
internal_count=809 498 247 311 193 251 229 105 54 85 206 176
is_linear=0
shrinkage=0.03


Tree=32
num_leaves=13
num_cat=0
split_feature=17 8 22 16 14 6 3 3 16 24 23 22
split_gain=442871 142064 79043.1 61196.6 62202 59058.9 56740.3 17095.7 9146.78 938.106 1350.01 895.329
threshold=2.620000004768372 161.50000000000003 -0.78656998276710499 108.50000000000001 96.500000000000014 136.50000000000003 65.500000000000014 164.50000000000003 267.50000000000006 1.0000000180025095e-35 -1.0000000180025095e-35 0.37940999865531927
decision_type=8 8 2 10 10 10 8 10 10 2 2 2
left_child=1 2 6 5 -5 -3 -1 -4 9 11 -11 -2
right_child=8 3 7 4 -6 -7 -8 -9 -10 10 -12 -13
leaf_value=-0.56074087752537294 -1.3724977102118023 3.0553484780447824 -0.37961338489541507 0.50273616095593099 2.0945626925468446 1.0729608726815174 1.1984994885443965 0.49918773586099796 -0.55955747509002685 -1.3573442070007324 -1.1014625536402065 -1.1857820581056568
leaf_weight=22 59 21 211 190 25 38 66 22 20 25 72 38
leaf_count=22 59 21 211 190 25 38 66 22 20 25 72 38
internal_value=4.46344e-10 0.420953 -0.00732594 0.922696 0.687832 1.77856 0.758689 -0.296636 -1.17041 -1.23338 -1.16741 -1.29935
internal_weight=809 595 321 274 215 59 88 233 214 194 97 97
internal_count=809 595 321 274 215 59 88 233 214 194 97 97
is_linear=0
shrinkage=0.03


Tree=33
num_leaves=13
num_cat=0
split_feature=11 20 14 12 13 6 13 5 23 21 15 4
split_gain=424144 87077.6 71306.5 66278.5 61448.3 51908 48878.5 40513.4 29153.8 5376.46 5195.65 1019.59
threshold=113.4550018310547 47.500000000000007 83.500000000000014 159.50000000000003 10.449999809265138 207.50000000000003 16.849999427795414 148.50000000000003 0.60785500705242168 0.78656998276710521 2.8449999094009404 48.500000000000007
decision_type=10 10 10 10 10 10 10 10 2 2 8 8
left_child=4 2 -2 7 10 -4 -5 -3 9 -6 -1 -12
right_child=1 3 5 6 8 -7 -8 -9 -10 -11 11 -13
leaf_value=-0.69118210387229917 2.7388860958099364 0.31647624689643666 1.4071959561474467 0.39938701606782756 -0.38352564672971595 -0.37551048449107577 1.3834105015578475 -0.55803844979032868 0.68561182410820676 -0.95393639767169947 -1.1713423083022414 -1.3701237657335068
leaf_weight=20 25 118 49 133 58 21 69 80 23 20 166 27
leaf_count=20 25 118 49 133 58 21 69 80 23 20 166 27
internal_value=3.12427e-09 0.547099 1.36357 0.353187 -0.862465 0.872384 0.735514 -0.036863 -0.253011 -0.529785 -1.15145 -1.19915
internal_weight=809 495 95 400 314 70 202 198 101 78 213 193
internal_count=809 495 95 400 314 70 202 198 101 78 213 193
is_linear=0
shrinkage=0.03


Tree=34
num_leaves=14
num_cat=0
split_feature=11 20 22 2 19 5 17 22 9 15 21 19 12
split_gain=399077 81997.2 66521.1 71912.9 59518.3 54845.2 42319.5 15960.9 17650.1 5525.82 3805.31 2838.27 888.539
threshold=113.4550018310547 37.500000000000007 -0.60355499386787403 206.50000000000003 990.54998779296886 259.50000000000006 0.55500000715255748 -0.60355499386787403 76.930000305175795 0.45499999821186071 -1.0000000180025095e-35 990.75000000000011 24.250000000000004
decision_type=10 10 2 10 8 10 10 2 10 10 2 10 10
left_child=4 6 3 -3 7 -4 9 8 -1 -2 -9 12 -6
right_child=1 2 5 -5 11 -7 -8 10 -10 -11 -12 -13 -14
leaf_value=-0.421209695443511 2.3882728461027147 0.61682242603532289 -0.03674097245011259 2.495724043412642 -1.2652724625514102 1.2141396508614222 0.49914528883420506 -0.34457625813143594 0.82405561344964162 1.7249931616049545 -0.82371382163121143 -0.79203868593488413 -1.1199050220225353
leaf_weight=20 20 110 255 22 52 36 26 35 21 26 26 21 139
leaf_count=20 20 110 255 22 52 36 26 35 21 26 26 21 139
internal_value=-1.27714e-09 0.530686 0.371386 0.929973 -0.836591 0.118007 1.46657 -0.241135 0.216609 2.01338 -0.548799 -1.12308 -1.15948
internal_weight=809 495 423 132 314 291 72 102 41 46 61 212 191
internal_count=809 495 423 132 314 291 72 102 41 46 61 212 191
is_linear=0
shrinkage=0.03


Tree=35
num_leaves=14
num_cat=0
split_feature=11 20 14 22 5 8 19 14 6 22 24 23 9
split_gain=375531 78668.9 66424.4 61544.1 76411 61945.4 57518.5 48729.2 16025.4 6003.08 1494.57 1095.2 365.339
threshold=113.4550018310547 47.500000000000007 83.500000000000014 -0.37940999865531916 259.50000000000006 196.75000000000003 990.54998779296886 95.500000000000014 129.50000000000003 0.37940999865531927 -0.56174498796463002 -1.0000000180025095e-35 24.500000000000004
decision_type=8 8 10 2 10 8 8 10 8 2 2 2 10
left_child=6 2 -2 5 -5 -3 8 -4 9 -1 12 -12 -8
right_child=1 3 7 4 -6 -7 10 -9 -10 -11 11 -13 -14
leaf_value=-0.23477533057332037 2.614785907745361 0.40020316542222584 0.24157848956792252 -0.17479829663123883 1.493132474081857 1.6816429723799229 -1.1661348479134694 1.9091348825395107 0.52750732536613942 -0.77607717837606149 -1.1594887837048233 -0.99501282327029172 -1.3239171043395994
leaf_weight=54 25 116 46 211 28 48 28 24 20 28 58 98 25
leaf_count=54 25 116 46 211 28 48 28 24 20 28 58 98 25
internal_value=2.6198e-09 0.510782 1.28738 0.327711 0.0206078 0.775259 -0.817907 0.813312 -0.233901 -0.41961 -1.10292 -1.05616 -1.24056
internal_weight=809 498 95 403 239 164 311 70 102 82 209 156 53
internal_count=809 498 95 403 239 164 311 70 102 82 209 156 53
is_linear=0
shrinkage=0.03


Tree=36
num_leaves=15
num_cat=0
split_feature=11 15 23 14 19 5 10 7 6 16 15 6 2 6
split_gain=353337 74113.1 68896.9 57361.3 54119.1 23495 22040.7 20081.2 15516.1 8818.93 6678.57 1203.47 2310.68 1385.07
threshold=113.4550018310547 1.485000014305115 0.87838000059127819 82.500000000000014 990.54998779296886 278.50000000000006 161.50000000000003 203.87500000000003 62.500000000000007 266.50000000000006 1.8949999809265139 16.500000000000004 33.500000000000007 27.500000000000004
decision_type=8 8 2 10 8 8 10 10 10 8 10 10 8 10
left_child=4 2 3 -2 8 6 -3 -4 -1 -7 -10 12 -6 -13
right_child=1 5 7 -5 11 9 -8 -9 10 -11 -12 13 -14 -15
leaf_value=0.36016607239328585 1.6601836024967835 -0.23719631700883156 -0.52654545875156622 0.62545132729140196 -1.113910000664847 1.1866801077669318 0.4050138191114131 0.67145785045623774 -0.12609631857564371 0.33723957969383755 -0.70661846671785622 -1.2094712768963405 -0.69171076154708855 -1.0319701749332002
leaf_weight=29 94 131 34 99 28 22 76 20 31 22 42 70 20 91
leaf_count=29 94 131 34 99 28 22 76 20 31 22 42 70 20 91
internal_value=1.68944e-09 0.495458 0.864387 1.12941 -0.79337 0.132409 -0.00140902 -0.0828405 -0.226884 0.76196 -0.460095 -1.06984 -0.937994 -1.10914
internal_weight=809 498 247 193 311 251 207 54 102 44 73 209 48 161
internal_count=809 498 247 193 311 251 207 54 102 44 73 209 48 161
is_linear=0
shrinkage=0.03


Tree=37
num_leaves=11
num_cat=0
split_feature=11 8 22 14 14 3 19 19 24 9
split_gain=332540 108090 77528.9 58175.7 65350.6 34315.6 16537.8 3887.34 874.265 2006.73
threshold=78.06000137329103 161.50000000000003 -0.60355499386787403 96.500000000000014 87.500000000000014 65.500000000000014 992.45001220703136 991.04998779296886 0.81174498796463024 32.91999816894532
decision_type=8 10 2 10 10 8 10 8 2 10
left_child=7 2 5 4 -3 -2 -4 -1 9 -9
right_child=1 3 6 -5 -6 -7 -8 8 -10 -11
leaf_value=-0.64241492147031032 -0.40120305720716715 1.0632981881951462 -0.56667984394356608 2.1014030380866355 0.063438188377203358 0.8711652908546309 -0.010279659172157188 -1.0297093688814263 -0.89687863243950727 -1.2943197852373123
leaf_weight=23 24 145 128 28 99 93 77 133 27 32
leaf_count=23 24 145 128 28 99 93 77 133 27 32
internal_value=3.01735e-09 0.365927 -0.0060157 0.806242 0.657617 0.610167 -0.357691 -1.01098 -1.05513 -1.08103
internal_weight=809 594 322 272 244 117 205 215 192 165
internal_count=809 594 322 272 244 117 205 215 192 165
is_linear=0
shrinkage=0.03


Tree=38
num_leaves=12
num_cat=0
split_feature=11 9 22 3 15 18 6 3 19 24 9
split_gain=312887 102236 64370.9 50303.2 50131.4 42602.3 40577.7 32030.4 3657.6 822.596 1888.13
threshold=78.06000137329103 169.2850036621094 -0.60355499386787403 181.50000000000003 0.56499999761581432 0.60500001907348644 131.50000000000003 65.500000000000014 991.04998779296886 0.81174498796463024 32.91999816894532
decision_type=8 10 2 8 10 10 10 8 8 2 10
left_child=8 2 7 6 -5 -4 -3 -2 -1 10 -10
right_child=1 3 5 4 -6 -7 -8 -9 9 -11 -12
leaf_value=-0.62314248002093764 -0.38916696488857266 2.7089188041687011 -0.43069371040571819 1.8360985818276037 0.43018610124859741 0.9903835609980991 0.93965817792075024 0.84430175822973252 -0.99881809214900308 -0.86997227615780293 -1.2554901838302612
leaf_weight=23 24 20 198 26 187 21 28 90 133 27 32
leaf_count=23 24 20 198 26 187 21 28 90 133 27 32
internal_value=-3.76996e-10 0.35495 0.00651006 0.79951 0.6018 -0.294426 1.67685 0.584624 -0.980651 -1.02348 -1.0486
internal_weight=809 594 333 261 213 219 48 114 215 192 165
internal_count=809 594 333 261 213 219 48 114 215 192 165
is_linear=0
shrinkage=0.03


Tree=39
num_leaves=14
num_cat=0
split_feature=11 16 6 20 14 19 11 17 6 17 24 8 9
split_gain=294704 68279.2 129047 53171.7 48075.5 45585.5 43681.4 26813 14389.1 5084.39 1372.36 999.509 367.134
threshold=113.4550018310547 114.50000000000001 131.50000000000003 37.500000000000007 86.500000000000014 990.54998779296886 205.79999542236331 0.55500000715255748 129.50000000000003 1.794999957084656 -0.56174498796463002 21.750000000000004 24.500000000000004
decision_type=8 8 10 8 10 8 10 10 8 10 2 10 10
left_child=5 2 -2 7 -4 8 -5 -3 9 -1 12 -12 -7
right_child=1 3 4 6 -6 10 -8 -9 -10 -11 11 -13 -14
leaf_value=-0.052565853978906354 3.0614675331115722 1.7114647205414311 1.2112931426711704 -0.06517339017475024 -0.24129445712308625 -1.0355760649272372 0.74574193226603358 0.40510257895176227 0.51683651014789944 -0.55072896401087446 -1.1160935833143151 -0.90190955717760823 -1.1937454193115236
leaf_weight=28 24 31 46 256 37 28 78 26 20 54 23 133 25
leaf_count=28 24 31 46 256 37 28 78 26 20 54 23 133 25
internal_value=9.75298e-11 0.452487 1.12399 0.268725 0.563754 -0.724561 0.124202 1.11558 -0.204652 -0.380624 -0.978296 -0.933488 -1.11018
internal_weight=809 498 107 391 83 311 334 57 102 82 209 156 53
internal_count=809 498 107 391 83 311 334 57 102 82 209 156 53
is_linear=0
shrinkage=0.03


Tree=40
num_leaves=12
num_cat=0
split_feature=11 8 22 14 14 3 10 19 2 12 21
split_gain=277372 91254.4 68044.3 53459.2 59166.8 29635.6 17525.9 3218.73 699.237 1094.85 424.477
threshold=78.06000137329103 161.50000000000003 -0.60355499386787403 96.500000000000014 87.500000000000014 65.500000000000014 158.50000000000003 991.04998779296886 21.500000000000004 31.250000000000004 -1.0000000180025095e-35
decision_type=8 10 2 10 10 8 8 8 8 10 2
left_child=7 2 5 4 -3 -2 -4 -1 10 -10 -9
right_child=1 3 6 -5 -6 -7 -8 8 9 -11 -12
leaf_value=-0.58794462763744859 -0.37016880318522449 0.98231031602903685 -0.43319282686124083 1.9803218740224837 0.030931482712427773 0.81225729942321767 0.46300052989612928 -0.96898746013641357 -0.88768019142903776 -1.0795050389426095 -1.1579622558925462
leaf_weight=23 24 145 183 28 99 93 22 20 114 35 23
leaf_count=23 24 145 183 28 99 93 22 20 114 35 23
internal_value=1.59156e-09 0.334198 -0.00755403 0.738773 0.5963 0.569708 -0.337016 -0.92332 -0.963495 -0.93274 -1.07007
internal_weight=809 594 322 272 244 117 205 215 192 149 43
internal_count=809 594 322 272 244 117 205 215 192 149 43
is_linear=0
shrinkage=0.03


Tree=41
num_leaves=12
num_cat=0
split_feature=11 16 6 23 22 13 13 23 19 15 4
split_gain=261316 62960.5 119991 50428.1 44054.9 39748.7 30256.6 22412.4 6570.83 3084.27 1217.6
threshold=113.4550018310547 114.50000000000001 131.50000000000003 -0.87838000059127797 -0.37940999865531916 10.449999809265138 16.849999427795414 0.60785500705242168 990.14999389648449 2.8449999094009404 48.500000000000007
decision_type=10 10 10 2 2 10 10 2 10 8 8
left_child=5 2 -2 -3 -5 9 -4 8 -7 -1 -11
right_child=1 3 6 4 -6 7 -8 -9 -10 10 -12
leaf_value=-0.55476909649372097 2.9419735956192019 1.3379170401436942 0.15744053160322122 0.58034747871847547 -0.11338770713757823 -0.26233954751079802 1.4059352082967758 0.63618028350498357 -0.8831106090545654 -0.9157552225474852 -1.1329838795132106
leaf_weight=20 24 35 58 131 222 57 25 23 21 166 27
leaf_count=20 24 35 58 131 222 57 25 23 21 166 27
internal_value=-2.01407e-09 0.42943 1.07371 0.251754 0.144061 -0.676968 0.533493 -0.186797 -0.42947 -0.909396 -0.946145
internal_weight=809 495 107 388 353 314 83 101 78 213 193
internal_count=809 495 107 388 353 314 83 101 78 213 193
is_linear=0
shrinkage=0.03


Tree=42
num_leaves=13
num_cat=0
split_feature=11 20 14 11 13 16 13 13 23 24 17 12
split_gain=245872 62018.2 57110.3 49422 42322.6 41329.9 37399.6 33516.4 21087.8 5117.81 2901.99 1211.16
threshold=113.4550018310547 47.500000000000007 83.500000000000014 205.79999542236331 9.2500000000000018 102.50000000000001 10.449999809265138 16.650000572204593 0.60785500705242168 1.0000000180025095e-35 2.8199999332427983 31.250000000000004
decision_type=10 10 10 10 10 10 10 10 2 2 8 8
left_child=6 2 -2 5 -4 -3 10 -5 9 -8 -1 -12
right_child=1 3 4 7 -6 -7 8 -9 -10 -11 11 -13
leaf_value=-0.53812603604793541 2.3364138313293452 1.0806332104206084 1.5969268667697905 0.41631299147886386 0.081482074815173472 -0.098817409142488391 -0.63019981095736677 1.4785433477621812 0.6170948512657829 -0.140144846719854 -0.87933417119231871 -1.0647406404018402
leaf_weight=20 25 30 27 85 43 246 44 39 23 34 153 40
leaf_count=20 25 30 27 85 43 246 44 39 23 34 153 40
internal_value=-6.37674e-10 0.416547 1.10559 0.252899 0.666011 0.0293837 -0.656659 0.750402 -0.181193 -0.416586 -0.882114 -0.91776
internal_weight=809 495 95 400 70 276 314 124 101 78 213 193
internal_count=809 495 95 400 70 276 314 124 101 78 213 193
is_linear=0
shrinkage=0.03


Tree=43
num_leaves=11
num_cat=0
split_feature=11 8 22 14 14 3 10 6 6 9
split_gain=231388 80022.2 60585.2 49606.7 51778.2 30929.8 12848.8 2395.58 756.751 1501.91
threshold=78.06000137329103 161.50000000000003 -0.78656998276710499 96.500000000000014 87.500000000000014 65.500000000000014 158.50000000000003 52.500000000000007 16.500000000000004 32.91999816894532
decision_type=8 10 2 10 10 8 10 10 8 10
left_child=7 2 5 4 -3 -2 -4 8 -1 -10
right_child=1 3 6 -5 -6 -7 -8 -9 9 -11
leaf_value=-0.72015882611274717 -0.36662004625797268 0.90796139753481442 -0.3305558111353053 1.8800762159483773 0.017965318921840553 0.98008303116668338 0.46426020669937129 -0.60384390547871591 -0.85330882601377345 -1.0619780761854989
leaf_weight=22 20 145 216 28 99 66 20 32 119 42
leaf_count=22 20 145 216 28 99 66 20 32 119 42
internal_value=3.30994e-09 0.305241 -0.0147881 0.6841 0.546856 0.666896 -0.263199 -0.843318 -0.885193 -0.907744
internal_weight=809 594 322 272 244 86 236 215 183 161
internal_count=809 594 322 272 244 86 236 215 183 161
is_linear=0
shrinkage=0.03


Tree=44
num_leaves=12
num_cat=0
split_feature=11 15 10 13 13 5 12 6 22 15 12
split_gain=217752 55871.1 53862.7 40253.4 33538.1 22849.4 21924 18741.8 5612.51 2547.13 1130.71
threshold=113.4550018310547 1.485000014305115 303.50000000000006 9.2500000000000018 10.449999809265138 81.500000000000014 156.50000000000003 43.500000000000007 -1.0000000180025095e-35 2.8449999094009404 31.250000000000004
decision_type=10 10 10 10 10 10 10 10 2 8 8
left_child=4 2 3 -2 9 -3 -7 -6 -9 -1 -11
right_child=1 5 -4 -5 7 6 -8 8 -10 10 -12
leaf_value=-0.50919604235887528 1.7088060230016706 0.93395724549293513 1.9260056883918828 0.40640683998920252 0.62991316046033585 -0.31335543055283394 0.28171421632854216 -0.14400496194528978 -0.64798062144099056 -0.82773434356147169 -1.0068775792121887
leaf_weight=20 24 25 29 194 21 114 109 43 37 153 40
leaf_count=20 24 25 29 194 21 114 109 43 37 153 40
internal_value=-5.69154e-10 0.392003 0.71137 0.54979 -0.617967 0.0739244 -0.0224918 -0.167716 -0.377094 -0.831467 -0.864862
internal_weight=809 495 247 218 314 248 223 101 80 213 193
internal_count=809 495 247 218 314 248 223 101 80 213 193
is_linear=0
shrinkage=0.03


Tree=45
num_leaves=13
num_cat=0
split_feature=17 9 3 22 15 18 3 6 16 12 12 7
split_gain=206334 73208.7 44794.5 43875 39203 35632.3 32323.2 31359.6 3304.26 920.667 1188.47 161.397
threshold=2.620000004768372 169.2850036621094 181.50000000000003 -0.60355499386787403 0.56499999761581432 0.60500001907348644 65.500000000000014 131.50000000000003 267.50000000000006 31.250000000000004 24.250000000000004 40.875000000000007
decision_type=8 8 8 2 10 10 8 10 10 8 10 8
left_child=1 3 7 6 -4 -5 -1 -3 9 10 -2 -11
right_child=8 2 4 5 -6 -7 -8 -9 -10 11 -12 -13
leaf_value=-0.44034909645716347 -0.92114758435417621 2.4027803635597227 1.5714438911126209 -0.38062143565127343 0.32858344466584 0.91901809522083822 0.74625031536275688 0.83545619010925287 -0.4317390511035919 -0.90489434106009348 -0.74377967915114229 -1.0239736382961273
leaf_weight=27 51 20 26 198 188 21 88 27 20 21 102 20
leaf_count=27 51 20 26 198 188 21 88 27 20 21 102 20
internal_value=2.51271e-09 0.28733 0.663771 -0.00683552 0.479585 -0.255998 0.467657 1.5024 -0.798884 -0.836734 -0.802902 -0.962982
internal_weight=809 595 261 334 214 219 115 47 214 194 153 41
internal_count=809 595 261 334 214 219 115 47 214 194 153 41
is_linear=0
shrinkage=0.03


Tree=46
num_leaves=12
num_cat=0
split_feature=17 9 17 12 18 14 22 21 20 4 24
split_gain=194139 68882.1 41850.7 54286.9 40875.2 55423.4 27255.7 19773.1 3146.57 898.271 902.951
threshold=2.620000004768372 169.2850036621094 0.50499999523162853 146.25000000000003 0.54500001668930065 70.500000000000014 -0.37940999865531916 0.37940999865531927 152.50000000000003 48.500000000000007 1.0000000180025095e-35
decision_type=8 8 10 10 10 10 2 2 10 8 2
left_child=1 2 3 -1 5 -3 -4 -6 9 10 -2
right_child=8 4 6 -5 7 -7 -8 -9 -10 -11 -12
leaf_value=1.9411402802467344 -0.85201397145616586 2.0732194192068913 0.16207128249936634 0.1436576881331782 0.39215676403045652 0.63897653621533956 -0.46838786911840241 -0.7919441826370629 -0.41664010548591612 -0.96903348786490295 -0.71191520741845982
leaf_weight=20 87 28 108 62 30 181 144 22 20 28 79
leaf_count=20 87 28 108 62 30 181 144 22 20 28 79
internal_value=-1.66989e-09 0.27871 -0.00663046 0.582068 0.643858 0.831124 -0.198191 -0.108809 -0.774917 -0.811853 -0.78534
internal_weight=809 595 334 82 261 209 252 52 214 194 166
internal_count=809 595 334 82 261 209 252 52 214 194 166
is_linear=0
shrinkage=0.03


Tree=47
num_leaves=10
num_cat=0
split_feature=17 12 15 22 7 23 23 20 15
split_gain=183452 59382.2 43601.5 55745.2 41149 33934.1 31759.9 17526.5 9358.63
threshold=1.7549999952316286 155.50000000000003 0.57499998807907116 -0.60355499386787403 233.25000000000003 1.0000000180025095e-35 -0.87838000059127797 487.50000000000006 2.4050000905990605
decision_type=8 10 10 2 10 2 2 10 8
left_child=2 7 5 4 -4 -1 -5 8 -2
right_child=1 -3 3 6 -6 -7 -8 -9 -10
leaf_value=0.45341660727154126 -0.41333706546433363 0.71685987179929556 0.6043843351699868 0.98558815379296572 2.0975695695877072 2.1014667438424155 -0.032673059971217652 0.0078251781066258751 -0.79445895178602377
leaf_weight=22 79 33 98 31 20 23 249 36 218
leaf_count=22 79 33 98 31 20 23 249 36 218
internal_value=7.62556e-11 -0.497015 0.410627 0.310549 0.857467 1.29575 0.080063 -0.617309 -0.693083
internal_weight=809 366 443 398 118 45 280 333 297
internal_count=809 366 443 398 118 45 280 333 297
is_linear=0
shrinkage=0.03


Tree=48
num_leaves=11
num_cat=0
split_feature=10 16 6 5 6 14 20 10 9 6
split_gain=171919 62862.7 102843 45638.5 43958.5 37439.8 36056.9 1187.68 1546.02 1097.73
threshold=58.500000000000007 114.50000000000001 131.50000000000003 189.50000000000003 221.00000000000003 86.500000000000014 37.500000000000007 43.500000000000007 32.91999816894532 24.500000000000004
decision_type=8 8 10 8 10 10 10 10 10 8
left_child=7 2 -2 6 -5 -4 -3 8 9 -1
right_child=1 3 5 4 -6 -7 -8 -9 -10 -11
leaf_value=-0.84708033022673235 2.6468593859672547 0.84717902141458845 0.98855595837468691 0.78224209278112355 -0.53188875981739592 -0.2933234035646593 -0.18279414978940955 -0.58421677837769181 -0.94856262286504101 -0.66726339878616747
leaf_weight=46 24 34 46 126 28 37 305 36 36 91
leaf_count=46 24 34 46 126 28 37 305 36 36 91
internal_value=-6.21649e-11 0.258111 0.917245 0.115054 0.543309 0.417116 -0.079493 -0.740989 -0.773612 -0.72764
internal_weight=809 600 107 493 154 83 339 209 173 137
internal_count=809 600 107 493 154 83 339 209 173 137
is_linear=0
shrinkage=0.03


Tree=49
num_leaves=10
num_cat=0
split_feature=17 12 21 9 6 19 20 4 15
split_gain=163664 53914.3 44745.3 43830.8 46867.9 42399.9 15832.6 11060.8 8102.53
threshold=1.7549999952316286 155.50000000000003 0.78656998276710521 297.14500427246099 208.50000000000003 992.35000610351574 487.50000000000006 195.50000000000003 2.4050000905990605
decision_type=8 10 2 10 10 10 10 8 8
left_child=2 6 3 4 -1 -4 8 -7 -2
right_child=1 -3 5 -5 -6 7 -8 -9 -10
leaf_value=0.6545179498534095 -0.39579034384953071 0.68719313729893083 -1.0326022250512068 1.6256209931835051 -0.19417346995610457 0.53574328017234807 0.010090132355690002 -0.3121651618480682 -0.75041416515997794
leaf_weight=235 79 33 34 31 78 45 36 20 218
leaf_count=235 79 33 34 31 78 45 36 20 218
internal_value=2.39059e-10 -0.469446 0.387849 0.549594 0.443023 -0.174175 -0.584068 0.274848 -0.656087
internal_weight=809 366 443 344 313 99 333 65 297
internal_count=809 366 443 344 313 99 333 65 297
is_linear=0
shrinkage=0.03


Tree=50
num_leaves=9
num_cat=0
split_feature=17 12 14 14 21 13 20 14
split_gain=153992 50727.9 48268.7 54698.7 98092.5 19638.2 14896.9 8005.1
threshold=1.7549999952316286 155.50000000000003 96.500000000000014 85.500000000000014 0.60355499386787426 9.4499998092651385 487.50000000000006 90.500000000000014
decision_type=8 10 10 10 2 10 10 10
left_child=2 6 3 4 -1 -5 7 -2
right_child=1 -3 -4 5 -6 -7 -8 -9
leaf_value=1.047252823506531 -0.67825460427881146 0.66657733505422423 1.5381073284149169 0.57054361844062795 -0.18971675107556002 -0.27634567898576673 0.0097874230146408076 -0.056773406982421872
leaf_weight=152 277 33 30 30 93 138 36 20
leaf_count=152 277 33 30 30 93 138 36 20
internal_value=2.21141e-09 -0.455362 0.376214 0.291814 0.577709 -0.125115 -0.566545 -0.636404
internal_weight=809 366 443 413 245 168 333 297
internal_count=809 366 443 413 245 168 333 297
is_linear=0
shrinkage=0.03


Tree=51
num_leaves=10
num_cat=0
split_feature=17 12 14 14 21 9 16 24 15
split_gain=144891 47729.9 45416 51466 92295.3 16312 12882.5 7248.51 4250.86
threshold=1.7549999952316286 155.50000000000003 96.500000000000014 85.500000000000014 0.60355499386787426 201.35999298095706 283.50000000000006 -0.56174498796463002 2.4050000905990605
decision_type=8 10 10 10 2 10 10 2 8
left_child=2 6 3 4 -1 -5 8 -8 -2
right_child=1 -3 -4 5 -6 -7 7 -9 -10
leaf_value=1.0158352408131683 -0.40475003266109605 0.64658002291213379 1.4919640793800355 -0.40659713984434975 -0.18402525921983101 0.18500168247631302 -0.54568317606531336 0.077249591588973987 -0.70527619509247097
leaf_weight=152 53 33 30 87 93 81 29 40 211
leaf_count=152 53 33 30 87 93 81 29 40 211
internal_value=-1.96552e-09 -0.441701 0.364927 0.28306 0.560378 -0.121362 -0.549549 -0.184563 -0.644943
internal_weight=809 366 443 413 245 168 333 69 264
internal_count=809 366 443 413 245 168 333 69 264
is_linear=0
shrinkage=0.03


Tree=52
num_leaves=9
num_cat=0
split_feature=17 12 14 14 21 13 20 14
split_gain=136328 44909.1 42731.9 48424.4 86840.6 18363.2 13502.3 7173.29
threshold=1.7549999952316286 155.50000000000003 96.500000000000014 85.500000000000014 0.60355499386787426 9.4499998092651385 487.50000000000006 90.500000000000014
decision_type=8 10 10 10 2 10 10 10
left_child=2 6 3 4 -1 -5 7 -2
right_child=1 -3 -4 5 -6 -7 -8 -9
leaf_value=0.98536018326780506 -0.63918754568679881 0.62718262061476704 1.4472051887512207 0.55497644114494327 -0.17850449231363111 -0.26395973453379196 0.015630628267923989 -0.050880700349807739
leaf_weight=152 277 33 30 30 93 138 36 20
leaf_count=152 277 33 30 30 93 138 36 20
internal_value=6.65579e-10 -0.42845 0.353979 0.274568 0.543567 -0.117721 -0.533063 -0.599571
internal_weight=809 366 443 413 245 168 333 297
internal_count=809 366 443 413 245 168 333 297
is_linear=0
shrinkage=0.03


Tree=53
num_leaves=13
num_cat=0
split_feature=7 18 22 16 6 14 5 11 6 14 4 24
split_gain=133043 48232.2 51171.7 46304.5 72775.6 41610.6 26619.1 19757 19234 14621.1 1089.02 827.046
threshold=155.87500000000003 -1.6050000190734861 -0.37940999865531916 108.50000000000001 131.50000000000003 96.500000000000014 181.50000000000003 258.41999816894537 279.50000000000006 94.500000000000014 48.500000000000007 1.0000000180025095e-35
decision_type=10 10 2 10 10 10 8 10 10 10 8 2
left_child=1 10 6 4 -2 8 -3 -6 -5 -4 11 -1
right_child=3 2 9 5 7 -7 -8 -9 -10 -11 -12 -13
leaf_value=-0.69592268142206914 2.7195614891052244 0.13314176922284282 -0.51935826028553433 0.27243442876162111 -0.017628697586059571 1.4632285082817078 1.1012417271557975 1.2474091325998307 -0.63110810488462454 0.19674156598506434 -0.82851788043975827 -0.56184175165865236
leaf_weight=87 20 103 149 182 25 25 34 20 24 31 30 79
leaf_count=87 20 103 149 182 25 25 34 20 24 31 30 79
internal_value=-1.76548e-10 -0.292234 -0.0635002 0.506473 1.21383 0.307434 0.3734 0.54461 0.167167 -0.39603 -0.662175 -0.632113
internal_weight=809 513 317 296 65 231 137 45 206 180 196 166
internal_count=809 513 317 296 65 231 137 45 206 180 196 166
is_linear=0
shrinkage=0.03


Tree=54
num_leaves=12
num_cat=0
split_feature=7 17 22 14 14 20 5 23 6 14 2
split_gain=125180 46456.2 36644 36571.8 52494.5 45396 29455.1 15506 13382.2 1153.1 1274.61
threshold=155.87500000000003 2.5249999761581425 -0.37940999865531916 96.500000000000014 85.500000000000014 82.500000000000014 181.50000000000003 -0.87838000059127797 209.50000000000003 76.500000000000014 50.500000000000007
decision_type=10 8 2 10 10 10 8 2 10 8 8
left_child=1 2 6 4 5 -2 -1 -4 -6 -3 -11
right_child=3 9 7 -5 8 -7 -8 -9 -10 10 -12
leaf_value=0.077203739359974863 1.646252992272377 -0.41379097093235362 0.31050966872109309 1.5229396269896198 0.20472537390227558 0.44334036651998759 1.1180318819917738 -0.47704228000508414 -0.41147179757649044 -0.61397410464092828 -0.84761004477739332
leaf_weight=104 40 22 27 28 79 96 32 135 53 169 24
leaf_count=104 40 22 27 28 79 96 32 135 53 169 24
internal_value=-5.96783e-11 -0.283467 -0.0409756 0.491278 0.383493 0.797138 0.322104 -0.345784 -0.0426871 -0.619571 -0.643027
internal_weight=809 513 298 296 268 136 136 162 132 215 193
internal_count=809 513 298 296 268 136 136 162 132 215 193
is_linear=0
shrinkage=0.03


Tree=55
num_leaves=12
num_cat=0
split_feature=7 17 16 6 14 5 22 22 6 14 2
split_gain=117782 43710.7 43242 67651.1 36970.5 34637.2 20511.8 18250 13110.1 1084.95 1199.28
threshold=155.87500000000003 2.5249999761581425 108.50000000000001 131.50000000000003 96.500000000000014 257.00000000000006 -0.37940999865531916 -0.37940999865531916 180.50000000000003 76.500000000000014 50.500000000000007
decision_type=10 8 10 10 8 8 2 2 10 8 8
left_child=1 5 3 -2 7 6 -1 -4 -5 -3 -11
right_child=2 9 4 8 -6 -7 -8 -9 -10 10 -12
leaf_value=0.16432424281993188 2.6118561573028565 -0.40137723619287663 0.57258548498153683 -0.057619469046592715 1.3736434321403503 1.1349206663029534 -0.35616014121816708 -0.037586588381041945 0.97287422332763662 -0.59555487718807876 -0.82218175247311587
leaf_weight=121 20 22 64 20 25 21 156 142 25 169 24
leaf_count=121 20 22 64 20 25 21 156 142 25 169 24
internal_value=5.97888e-10 -0.274963 0.47654 1.1601 0.284196 -0.0397464 -0.128801 0.151981 0.514877 -0.600983 -0.623736
internal_weight=809 513 296 65 231 298 277 206 45 215 193
internal_count=809 513 296 65 231 298 277 206 45 215 193
is_linear=0
shrinkage=0.03


Tree=56
num_leaves=13
num_cat=0
split_feature=7 10 16 6 14 5 6 16 12 24 6 9
split_gain=110821 41135.5 40686.4 63652.9 34785.5 32209.8 17205.5 15402.1 13490.9 960.045 955.216 292.248
threshold=155.87500000000003 54.000000000000007 108.50000000000001 131.50000000000003 96.500000000000014 312.50000000000006 252.00000000000003 319.50000000000006 238.00000000000003 -0.56174498796463002 27.500000000000004 24.215000152587894
decision_type=10 8 10 10 10 8 10 10 10 2 10 10
left_child=1 9 3 -2 6 7 -4 -3 -5 11 -11 -1
right_child=2 5 4 8 -6 -7 -8 -9 -10 10 -12 -13
leaf_value=-0.62900523821512855 2.5335004577636719 -0.18832652413077763 0.26281598005975998 -0.055873695101056782 1.3324341415286065 1.1166346106529237 -0.50399570265123916 0.67470065785199407 0.98532211035490036 -0.62597385587543242 -0.47304009132963765 -0.76505320405960087
leaf_weight=27 20 268 175 21 25 20 31 20 24 80 68 30
leaf_count=27 20 268 175 21 25 20 31 20 24 80 68 30
internal_value=1.7572e-10 -0.266714 0.462244 1.1253 0.27567 -0.0475481 0.147422 -0.128394 0.499431 -0.595997 -0.555707 -0.700609
internal_weight=809 513 296 65 231 308 206 288 45 205 148 57
internal_count=809 513 296 65 231 308 206 288 45 205 148 57
is_linear=0
shrinkage=0.03


Tree=57
num_leaves=10
num_cat=0
split_feature=15 10 14 4 14 16 22 17 13
split_gain=105325 42972.9 34432 31315.2 29507.4 13996.8 15995.7 4149.03 1194.88
threshold=1.825000047683716 303.50000000000006 96.500000000000014 116.50000000000001 85.500000000000014 306.50000000000006 -0.60355499386787403 1.8700000047683718 16.750000000000004
decision_type=8 10 10 8 10 8 2 8 10
left_child=1 2 4 7 -1 6 -5 -2 -9
right_child=3 -3 -4 5 -6 -7 -8 8 -10
leaf_value=0.43456111534637337 -0.10446093106269835 1.3936088317090813 1.4396315515041349 0.65889904231638519 -0.13612235924500662 -0.72191204237937934 -0.076370881570797203 -0.57270140576478723 -0.33098851346969604
leaf_weight=188 20 33 21 37 144 20 95 231 20
leaf_count=188 20 33 21 37 144 20 95 231 20
internal_value=4.05937e-10 0.358335 0.261553 -0.326991 0.187036 0.0176697 0.129728 -0.520306 -0.553441
internal_weight=809 386 353 423 332 152 132 271 251
internal_count=809 386 353 423 332 152 132 271 251
is_linear=0
shrinkage=0.03


Tree=58
num_leaves=14
num_cat=0
split_feature=7 16 12 17 22 14 5 19 16 23 2 22 21
split_gain=99848.2 37774.3 43314.5 36538.6 31616.6 30645.9 25371.7 22519.2 21998.6 14494.7 893.852 1039.48 213.404
threshold=155.87500000000003 114.50000000000001 177.25000000000003 2.5249999761581425 -0.37940999865531916 96.500000000000014 181.50000000000003 993.04998779296886 133.50000000000003 -0.87838000059127797 21.500000000000004 -1.0000000180025095e-35 -1.0000000180025095e-35
decision_type=10 10 10 8 2 10 8 10 10 2 10 2 2
left_child=3 2 -2 4 6 8 -1 -4 -3 -6 12 -12 -5
right_child=1 5 7 10 9 -7 -8 -9 -10 -11 11 -13 -14
leaf_value=0.071852324937398612 2.2160831122398372 -0.5640102463449751 1.1004075106233357 -0.59447149125012477 0.31329410469366442 1.2534714823961257 1.0378451318107544 -0.13025935027910315 0.26538363234036494 -0.44814462879631256 -0.42675304413175408 -0.57976621967373476 -0.7203430779774983
leaf_weight=104 20 35 32 22 27 24 32 23 162 135 67 99 27
leaf_count=104 20 35 32 22 27 24 32 23 162 135 67 99 27
internal_value=-9.19488e-10 0.438763 1.02052 -0.253165 -0.0381104 0.241335 0.299145 0.585765 0.118029 -0.321238 -0.551242 -0.518008 -0.663829
internal_weight=809 296 75 513 298 221 136 55 197 162 215 166 49
internal_count=809 296 75 513 298 221 136 55 197 162 215 166 49
is_linear=0
shrinkage=0.03


Tree=59
num_leaves=11
num_cat=0
split_feature=15 9 11 14 14 10 20 16 20 5
split_gain=94535.7 40699.4 30645.5 28249.6 29836.9 12719.9 14311 8922.74 8720.2 2957.42
threshold=1.825000047683716 306.63999938964849 155.47499847412112 96.500000000000014 85.500000000000014 204.25000000000003 377.50000000000006 307.50000000000006 472.50000000000006 121.50000000000001
decision_type=8 10 8 10 10 8 10 8 10 8
left_child=1 3 7 4 -1 6 -4 8 -2 -9
right_child=2 -3 5 -5 -6 -7 -8 9 -10 -11
leaf_value=0.42898434475473862 -0.38089262179353023 1.4006585597991943 0.062397667482131866 1.3174309337990626 -0.14291907216111818 -0.46219694763422009 0.98478922545909875 -0.52809465506876052 0.18876875800471152 -0.90475046907152445
leaf_weight=191 110 30 41 21 144 20 24 176 31 21
leaf_count=191 110 30 41 21 144 20 24 176 31 21
internal_value=7.96125e-10 0.339486 -0.309791 0.250061 0.183151 0.199404 0.402973 -0.437843 -0.255648 -0.568246
internal_weight=809 386 423 356 335 85 65 338 141 197
internal_count=809 386 423 356 335 85 65 338 141 197
is_linear=0
shrinkage=0.03


Tree=60
num_leaves=14
num_cat=0
split_feature=7 16 6 17 22 14 6 11 22 13 12 12 9
split_gain=89818.1 35163.5 57723.4 32124.4 28949.9 28037.6 19146.9 17918.1 15595.4 11935.5 841.615 916.018 450.838
threshold=155.87500000000003 108.50000000000001 131.50000000000003 2.5249999761581425 -0.37940999865531916 96.500000000000014 184.50000000000003 258.41999816894537 -0.37940999865531916 14.150000095367433 24.250000000000004 26.250000000000004 24.310000419616703
decision_type=10 10 10 8 2 10 8 8 2 10 10 10 8
left_child=3 2 -2 4 6 8 -1 -4 -3 -6 12 -12 -5
right_child=1 5 7 10 9 -7 -8 -9 -10 -11 11 -13 -14
leaf_value=0.098938492015700472 2.3735627117156981 0.51636728653684261 -0.098885046386718745 -0.55249591648578644 -0.16929364845514297 1.1914370089173316 0.96799691541441546 1.105842367529869 -0.047685113850403839 -0.78269330241390178 -0.33601700901985171 -0.51966376515952017 -0.73138540267944341
leaf_weight=107 20 64 25 32 125 25 29 20 142 37 30 132 21
leaf_count=107 20 64 25 32 125 25 29 20 142 37 30 132 21
internal_value=2.11471e-09 0.416142 1.03255 -0.240113 -0.0384665 0.242693 0.284252 0.436549 0.127554 -0.309391 -0.519605 -0.485655 -0.623377
internal_weight=809 296 65 513 298 231 136 45 206 162 215 162 53
internal_count=809 296 65 513 298 231 136 45 206 162 215 162 53
is_linear=0
shrinkage=0.03


Tree=61
num_leaves=11
num_cat=0
split_feature=15 10 14 11 14 10 21 18 4 5
split_gain=84614.1 37126.2 28311.9 27335.7 24556.7 11764.4 11489.1 6356.01 5510.7 1556.85
threshold=1.825000047683716 303.50000000000006 96.500000000000014 155.47499847412112 85.500000000000014 204.25000000000003 -1.0000000180025095e-35 -1.2949999570846555 116.50000000000001 121.50000000000001
decision_type=8 10 10 8 10 8 2 10 8 8
left_child=1 2 4 7 -1 6 -5 9 -9 -2
right_child=3 -3 -4 5 -6 -7 -8 8 -10 -11
leaf_value=0.38945723698177237 -0.49215573034805954 1.2834497833251954 1.2994825863838195 -0.13770570933818815 -0.13115620045612256 -0.4484377427101135 0.68875717754044186 -0.41705019754171369 -0.031036599498046071 -0.75958272879773925
leaf_weight=188 179 33 21 24 144 20 41 80 57 22
leaf_count=188 179 33 21 24 144 20 41 80 57 22
internal_value=-6.04519e-10 0.321177 0.23122 -0.293084 0.163649 0.187828 0.383602 -0.414023 -0.256446 -0.521426
internal_weight=809 386 353 423 332 85 65 338 137 201
internal_count=809 386 353 423 332 85 65 338 137 201
is_linear=0
shrinkage=0.03


Tree=62
num_leaves=14
num_cat=0
split_feature=8 20 7 6 17 22 12 18 23 5 20 18 20
split_gain=80973 30242.6 55449.7 40375.2 29543.1 33422.9 28842.5 30728.3 15653.3 12866 12317.1 5896.84 3751.21
threshold=157.25000000000003 72.500000000000014 186.12500000000003 195.50000000000003 1.7549999952316286 -0.78656998276710499 187.75000000000003 0.55500000715255748 -1.0000000180025095e-35 91.500000000000014 487.50000000000006 -0.24499999731779096 152.50000000000003
decision_type=10 10 10 8 8 2 10 10 2 10 10 10 8
left_child=4 2 -2 -4 5 11 8 -8 -3 -7 12 -1 -6
right_child=1 6 3 -5 10 9 7 -9 -10 -11 -12 -13 -14
leaf_value=0.92109235590944694 2.1418608521331439 -1.0398251051902769 1.0581461632505376 -0.23004165975058949 -0.25414652075086325 0.44526376307010651 0.72883841194385701 -0.43126940780215794 -0.031132195353507999 -0.32264874075849848 0.10806077095178457 0.27861381411552427 -0.51530512574527942
leaf_weight=36 22 20 47 41 63 24 86 27 45 108 39 20 231
leaf_count=36 22 20 47 41 63 24 86 27 45 108 39 20 231
internal_value=1.86799e-09 0.403682 0.794746 0.457968 -0.223149 0.0775099 0.162013 0.451645 -0.341499 -0.183028 -0.39289 0.691636 -0.459343
internal_weight=809 288 110 88 521 188 178 113 65 132 333 56 294
internal_count=809 288 110 88 521 188 178 113 65 132 333 56 294
is_linear=0
shrinkage=0.03


Tree=63
num_leaves=13
num_cat=0
split_feature=7 16 6 10 22 23 23 11 6 14 5 6
split_gain=75949.2 31985 54219.8 26904 42368.1 24548.3 30628.3 16597.1 16010.4 8429.06 949.772 1192.25
threshold=155.87500000000003 108.50000000000001 131.50000000000003 58.500000000000007 -0.78656998276710499 -0.87838000059127797 -0.60785500705242146 258.41999816894537 164.50000000000003 94.500000000000014 121.50000000000001 52.500000000000007
decision_type=10 10 10 8 2 2 2 10 8 10 8 10
left_child=3 2 -2 10 8 -3 -7 -4 -5 -6 11 -1
right_child=1 5 7 4 9 6 -8 -9 -10 -11 -12 -13
leaf_value=-0.48793520934130313 2.2702348794937133 1.0673213097784255 -0.12239235191345214 0.3151753301090664 -0.31322904826109133 -0.98040151664188935 0.22925630303679917 1.0370749602019786 1.3088091921955345 0.21859410616659347 -0.67941381454467775 -0.24298479874804613
leaf_weight=169 20 27 25 54 199 21 183 20 20 31 20 20
leaf_count=169 20 27 25 54 199 21 183 20 20 31 20 20
internal_value=8.39088e-10 0.382667 0.97056 -0.220798 -0.0406596 0.217243 0.104733 0.392926 0.583725 -0.241549 -0.482818 -0.462015
internal_weight=809 296 65 513 304 231 204 45 74 230 209 189
internal_count=809 296 65 513 304 231 204 45 74 230 209 189
is_linear=0
shrinkage=0.03


Tree=64
num_leaves=14
num_cat=0
split_feature=8 20 10 5 12 17 22 3 6 5 20 19 13
split_gain=71874.7 28558.6 64372.9 29244.8 27277.2 26441.7 29809.1 21492.5 13441.8 11970.3 11204.5 11179.7 4397.04
threshold=157.25000000000003 72.500000000000014 183.50000000000003 128.50000000000003 187.75000000000003 1.7549999952316286 -0.78656998276710499 322.00000000000006 123.50000000000001 91.500000000000014 487.50000000000006 989.54998779296886 11.550000190734865
decision_type=10 10 10 8 10 8 2 8 10 10 10 10 8
left_child=5 2 -2 -4 8 6 11 -6 -3 -8 12 -1 -7
right_child=1 4 3 -5 7 10 9 -9 -10 -11 -12 -13 -14
leaf_value=0.2735220970261481 2.2118122715299777 0.30294276022911071 -0.61094346356391904 0.69407774153877699 0.22947577388876159 -0.16129230197270711 0.4341792845726013 1.2931286583627972 -0.63178413931528721 -0.30652240091934801 0.10696660481966458 1.1261882061481474 -0.48352468322805436
leaf_weight=31 22 20 20 68 92 45 24 21 45 108 39 25 249
leaf_count=31 22 20 20 68 92 45 24 21 45 108 39 25 249
internal_value=8.07384e-10 0.380328 0.760348 0.397482 0.145483 -0.210239 0.0742009 0.427146 -0.344176 -0.171849 -0.370823 0.654177 -0.434203
internal_weight=809 288 110 88 178 521 188 113 65 132 333 56 294
internal_count=809 288 110 88 178 521 188 113 65 132 333 56 294
is_linear=0
shrinkage=0.03


Tree=65
num_leaves=13
num_cat=0
split_feature=8 17 22 14 14 11 21 5 19 13 5 13
split_gain=67626.9 24879 28047.4 21895.8 24746.3 34306.6 19230.5 11262.9 10519 8744.64 6054.42 4130.56
threshold=157.25000000000003 1.7549999952316286 -0.78656998276710499 96.500000000000014 85.500000000000014 232.91999816894534 0.37940999865531927 91.500000000000014 989.54998779296886 17.44999980926514 142.50000000000003 11.550000190734865
decision_type=10 8 2 10 10 10 2 10 10 10 8 8
left_child=1 2 8 4 5 -2 -6 -4 -1 11 -11 -3
right_child=3 9 7 -5 6 -7 -8 -9 -10 10 -12 -13
leaf_value=0.26531643315669029 0.28146913880651647 -0.15645353126525879 0.42115391671657559 1.1660189494064876 -0.20773081746697425 1.3741948771476744 0.70809941503864071 -0.29732672725907627 1.092402548789978 -0.28201908016204835 0.41827214080095287 -0.46935858415600695
leaf_weight=31 99 45 24 28 100 35 26 108 25 25 20 243
leaf_count=31 99 45 24 28 100 35 26 108 25 25 20 243
internal_value=7.78305e-10 -0.203931 0.0719749 0.368918 0.283076 0.566883 -0.01875 -0.166694 0.634551 -0.359698 0.0292215 -0.420467
internal_weight=809 521 188 288 260 134 126 132 56 333 45 288
internal_count=809 521 188 288 260 134 126 132 56 333 45 288
is_linear=0
shrinkage=0.03


Tree=66
num_leaves=14
num_cat=0
split_feature=8 20 8 6 12 18 17 22 23 5 20 19 13
split_gain=63630.2 27148.2 48885.2 36217.5 24764 28062.2 23408.6 26389.8 14519 10597.2 10032.5 9897.29 3902.97
threshold=157.25000000000003 72.500000000000014 186.50000000000003 195.50000000000003 187.75000000000003 0.65500000119209301 1.7549999952316286 -0.78656998276710499 -1.0000000180025095e-35 91.500000000000014 487.50000000000006 989.54998779296886 11.550000190734865
decision_type=10 10 10 8 10 10 8 2 2 10 10 10 8
left_child=6 2 -2 -4 8 -6 7 11 -3 -9 12 -1 -8
right_child=1 4 3 -5 5 -7 10 9 -10 -11 -12 -13 -14
leaf_value=0.25735693447051505 1.9932319196787747 -1.0102265878915786 0.98058879999404247 -0.23946997883843213 0.64923449306325487 -0.4897291485786438 -0.15175992918014525 0.40851928830146789 -0.038767355978488918 -0.28840692820803576 0.10320463299751281 1.0596304819107056 -0.45534929962043297
leaf_weight=31 22 20 47 41 88 25 45 24 45 108 39 25 249
leaf_count=31 22 20 47 41 88 25 45 24 45 108 39 25 249
internal_value=6.87199e-10 0.35785 0.728368 0.412152 0.128878 0.397251 -0.197814 0.0698156 -0.337678 -0.161693 -0.348907 0.615515 -0.408882
internal_weight=809 288 110 88 178 113 521 188 65 132 333 56 294
internal_count=809 288 110 88 178 113 521 188 65 132 333 56 294
is_linear=0
shrinkage=0.03


Tree=67
num_leaves=12
num_cat=0
split_feature=15 9 16 6 23 12 16 20 16 12 24
split_gain=59991.7 32166.2 21149.6 66950.9 22594.2 19827.3 9571.6 11916.8 6550.43 10814.9 1674.16
threshold=1.825000047683716 306.63999938964849 108.50000000000001 136.50000000000003 -0.87838000059127797 156.50000000000003 174.00000000000003 172.50000000000003 283.50000000000006 145.50000000000003 0.81174498796463024
decision_type=8 10 10 10 2 8 10 10 10 10 2
left_child=1 2 3 -1 -4 8 -7 -8 10 -10 -2
right_child=5 -3 4 -5 -6 6 7 -9 9 -11 -12
leaf_value=2.124494207382202 -0.44912996812151113 1.2138300495147705 0.89423937545882337 0.10709251510469538 -0.018905363159608984 -0.25031650149822238 0.013015614385190217 1.0014650569643293 0.049195877583445728 -0.69560323881066366 -0.23571465010826403
leaf_weight=20 218 30 27 57 252 25 23 21 74 23 39
leaf_count=20 218 30 27 57 252 25 23 21 74 23 39
internal_value=-6.81466e-10 0.270439 0.19094 0.631093 0.0694635 -0.246783 0.218438 0.484776 -0.337462 -0.127406 -0.416744
internal_weight=809 386 356 77 279 423 69 44 354 97 257
internal_count=809 386 356 77 279 423 69 44 354 97 257
is_linear=0
shrinkage=0.03


Tree=68
num_leaves=11
num_cat=0
split_feature=15 9 16 11 23 11 10 20 12 16
split_gain=56446.2 30265.2 19899.7 46879 21258.9 18660.3 10791.8 11911.9 6710.79 10936.7
threshold=1.825000047683716 306.63999938964849 108.50000000000001 165.31999969482425 -0.87838000059127797 155.47499847412112 204.25000000000003 432.50000000000006 147.50000000000003 283.50000000000006
decision_type=8 10 10 10 2 8 8 10 10 10
left_child=1 2 3 -1 -4 8 7 -7 9 -2
right_child=5 -3 4 -5 -6 6 -8 -9 -10 -11
leaf_value=1.6488850486278532 -0.39611870257258414 1.1774151496887206 0.86741219911310408 0.08363374464652118 -0.018338205051120549 0.044930316848414288 -0.45144063144922253 0.89426578169283655 -0.85866351706641053 0.035485764168091675
leaf_weight=26 250 30 27 51 252 42 20 23 21 67
leaf_count=26 250 30 27 51 252 42 20 23 21 67
internal_value=-1.49514e-09 0.262326 0.185211 0.61216 0.0673796 -0.23938 0.157957 0.345464 -0.339302 -0.304896
internal_weight=809 386 356 77 279 423 85 65 338 317
internal_count=809 386 356 77 279 423 85 65 338 317
is_linear=0
shrinkage=0.03


Tree=69
num_leaves=13
num_cat=0
split_feature=8 20 10 5 24 18 17 5 15 22 6 16
split_gain=53540.3 24538.6 57112.5 26210.9 24761.6 30974.6 19437.4 17381.3 13698.6 13289.5 13006.5 5208.4
threshold=157.25000000000003 72.500000000000014 183.50000000000003 128.50000000000003 1.0000000180025095e-35 0.49500000476837164 0.60500001907348644 131.50000000000003 1.4550000429153445 -0.78656998276710499 277.50000000000006 301.50000000000006
decision_type=10 10 10 8 2 10 8 10 10 2 8 8
left_child=6 2 -2 -4 5 -3 7 -1 11 -9 -10 -8
right_child=1 4 3 -5 -6 -7 8 9 10 -11 -12 -13
leaf_value=1.0054259169101716 2.0476781741055574 0.53766286143632691 -0.61596151504176666 0.61951315354774983 -0.69147263017194027 -0.42372891902923582 -0.85590457522350816 0.61904477303581573 -0.16694129903829588 -0.2949262385368347 0.63656997683644301 -0.37895428807672227
leaf_weight=20 22 107 20 68 29 42 23 21 194 45 20 198
leaf_count=20 22 107 20 68 29 42 23 21 194 45 20 198
internal_value=4.47432e-10 0.328254 0.680514 0.338723 0.110565 0.266667 -0.181453 0.23066 -0.262929 -0.00411728 -0.0918468 -0.428592
internal_weight=809 288 110 88 178 149 521 86 435 66 214 221
internal_count=809 288 110 88 178 149 521 86 435 66 214 221
is_linear=0
shrinkage=0.03


Tree=70
num_leaves=13
num_cat=0
split_feature=8 16 23 6 12 10 22 6 14 24 6 23
split_gain=50376.1 21387.1 25795.3 19116.4 21875.8 18480.9 31763.1 13145.2 8724.57 1132.02 860.901 763.138
threshold=157.25000000000003 108.50000000000001 1.0000000180025095e-35 247.50000000000003 187.75000000000003 58.500000000000007 -0.78656998276710499 164.50000000000003 94.500000000000014 -0.56174498796463002 37.500000000000007 1.0000000180025095e-35
decision_type=10 10 2 10 10 8 2 8 10 2 10 2
left_child=5 2 -2 4 -3 9 7 -7 -8 11 -11 -1
right_child=1 3 -4 -5 -6 6 8 -9 -10 10 -12 -13
leaf_value=-0.39815218411642928 0.13467500951555039 -0.052012172400296389 1.3850164604187012 -0.53380221395656979 0.57937664132979172 0.26973910719156263 -0.27014518235999979 1.1700842563211917 0.26229782614856956 -0.38892705803326633 -0.21559126821431246 -0.61579225671702409
leaf_weight=29 27 91 33 29 108 54 206 20 32 118 33 29
leaf_count=29 27 91 33 29 108 54 206 20 32 118 33 29
internal_value=1.52511e-10 0.318407 0.822363 0.185786 0.290651 -0.17601 -0.0297717 0.513076 -0.198556 -0.394317 -0.351046 -0.506972
internal_weight=809 288 60 228 199 521 312 74 238 209 151 58
internal_count=809 288 60 228 199 521 312 74 238 209 151 58
is_linear=0
shrinkage=0.03


Tree=71
num_leaves=10
num_cat=0
split_feature=15 9 14 23 19 20 5 16 21
split_gain=47838.6 27476 18828.7 21801.8 16360.8 14531.9 11657.8 6422.69 5638.83
threshold=1.825000047683716 306.63999938964849 96.500000000000014 -0.60785500705242146 992.54998779296886 487.50000000000006 159.50000000000003 288.50000000000006 0.60355499386787426
decision_type=8 10 10 2 10 10 8 10 2
left_child=1 2 3 -1 5 8 -7 -6 -2
right_child=4 -3 -4 -5 7 6 -8 -9 -10
leaf_value=-0.30165817348396079 -0.29362068982137007 1.1134009852409361 1.0394268458230156 0.25451591208457947 0.66025967756043313 -0.22160893321037292 0.63724115595817565 -0.027960026264190672 -0.58387789690936054
leaf_weight=85 235 30 21 250 23 33 25 26 81
leaf_count=85 235 30 21 250 23 33 25 26 81
internal_value=1.0394e-09 0.241497 0.168022 0.113397 -0.220374 -0.287907 0.148585 0.295082 -0.368022
internal_weight=809 386 356 335 423 374 58 49 316
internal_count=809 386 356 335 423 374 58 49 316
is_linear=0
shrinkage=0.03


Tree=72
num_leaves=10
num_cat=0
split_feature=15 10 14 5 19 20 5 16 21
split_gain=45011.3 24729.7 19914.8 20919.6 15393.9 13673 10968.9 6043.11 5305.58
threshold=1.825000047683716 303.50000000000006 96.500000000000014 145.50000000000003 992.54998779296886 487.50000000000006 159.50000000000003 288.50000000000006 0.60355499386787426
decision_type=8 10 10 10 10 10 8 10 2
left_child=1 2 3 -1 5 8 -7 -6 -2
right_child=4 -3 -4 -5 7 6 -8 -9 -10
leaf_value=0.36647509472370149 -0.28481206875756143 1.0196104916659268 1.0567789765766689 -0.11202902237628842 0.64045187799826908 -0.21496066445654088 0.61812392334938049 -0.0271212274982379 -0.56636156311741581
leaf_weight=150 235 33 21 182 23 33 25 26 81
leaf_count=150 235 33 21 182 23 33 25 26 81
internal_value=1.89653e-09 0.234253 0.160834 0.104163 -0.213762 -0.279269 0.144128 0.286229 -0.356981
internal_weight=809 386 353 332 423 374 58 49 316
internal_count=809 386 353 332 423 374 58 49 316
is_linear=0
shrinkage=0.03


Tree=73
num_leaves=13
num_cat=0
split_feature=7 16 6 23 23 22 10 11 6 14 21 24
split_gain=42796 23944.1 45044.9 18610.9 27077.7 17349.5 29248.2 14750.7 10875.5 10830.6 9841.5 963.606
threshold=155.87500000000003 108.50000000000001 131.50000000000003 -0.87838000059127797 -0.60785500705242146 -0.37940999865531916 58.500000000000007 258.41999816894537 184.50000000000003 94.500000000000014 -1.0000000180025095e-35 1.0000000180025095e-35
decision_type=10 10 10 2 2 2 10 10 8 10 2 2
left_child=5 2 -2 -3 -5 6 11 -4 -8 10 -7 -1
right_child=1 3 7 4 -6 9 8 -9 -10 -11 -12 -13
leaf_value=-0.44290533698688855 1.9805246858596799 0.88429419722821978 -0.2164005043029785 -0.97414094039372046 0.16324253391291274 -0.16073901966415546 0.1821672035224976 0.87667145311832428 0.83906197023391726 0.21614842841702123 -0.53079317329968168 -0.24646106918391425
leaf_weight=55 20 27 25 21 183 111 93 20 30 31 155 38
leaf_count=55 20 27 25 21 183 111 93 20 30 31 155 38
internal_value=6.95971e-10 0.287251 0.795906 0.144123 0.0461589 -0.165743 0.0388338 0.269409 0.342385 -0.314527 -0.376372 -0.362638
internal_weight=809 296 65 231 204 513 216 45 123 297 266 93
internal_count=809 296 65 231 204 513 216 45 123 297 266 93
is_linear=0
shrinkage=0.03


Tree=74
num_leaves=13
num_cat=0
split_feature=15 23 11 23 11 5 21 8 13 6 3 13
split_gain=40603.8 34036.6 29628.3 45231.5 35403.4 18188.8 11277.4 11080.3 10675.6 10139.3 7804.56 3996.85
threshold=1.485000014305115 0.87838000059127819 232.91999816894534 -0.60785500705242146 262.06999206542974 278.50000000000006 0.91597998142242443 91.000000000000014 9.7500000000000018 139.50000000000003 137.50000000000003 16.550000190734867
decision_type=8 2 10 2 10 8 2 8 10 10 10 10
left_child=1 2 3 -1 -4 6 7 -2 -7 -3 -10 -8
right_child=5 9 4 -5 -6 8 11 -9 10 -11 -12 -13
leaf_value=-0.36166032002866266 -0.31169810624189775 -0.0050507303976243534 2.0229719716852359 0.69263559016775578 0.4147778771817684 -0.25682794805243614 -0.41181894172321665 -0.0074565266414519842 1.018938235759735 -0.83638658787893205 0.23067253218247341 -0.94125105887651439
leaf_weight=60 213 31 22 94 28 20 33 218 20 23 26 21
leaf_count=60 213 31 22 94 28 20 33 218 20 23 26 21
internal_value=1.0988e-09 0.310596 0.487879 0.281871 1.12238 -0.145433 -0.209018 -0.157813 0.321814 -0.359138 0.573397 -0.617709
internal_weight=809 258 204 154 50 551 485 431 66 54 46 54
internal_count=809 258 204 154 50 551 485 431 66 54 46 54
is_linear=0
shrinkage=0.03


Tree=75
num_leaves=11
num_cat=0
split_feature=16 6 11 6 11 20 18 13 9 6
split_gain=38667.5 50614.9 27604.9 25965.8 43134.7 19245.8 19630 15669.6 13339.4 6247.66
threshold=114.50000000000001 131.50000000000003 205.79999542236331 221.00000000000003 259.50999450683599 37.500000000000007 -0.57499998807907093 16.849999427795414 195.56999969482425 221.00000000000003
decision_type=8 10 10 8 10 8 8 10 10 10
left_child=1 -1 5 4 -4 -2 -7 8 -3 -5
right_child=2 7 3 9 -6 6 -8 -9 -10 -11
leaf_value=1.7446413505077363 0.53469831496038855 -0.51483463710354227 1.582884961605072 0.26111888766288754 -0.2157544853389263 0.069465014140395548 -0.31594038225766835 0.80823446824550627 0.39726196977827283 -0.39850602124418533
leaf_weight=24 34 31 30 24 20 170 396 25 27 28
leaf_count=24 34 31 30 24 20 170 396 25 27 28
internal_value=1.41045e-09 0.531247 -0.0809736 0.375296 0.863429 -0.158539 -0.200183 0.180386 -0.0902379 -0.0940638
internal_weight=809 107 702 102 50 600 566 83 58 52
internal_count=809 107 702 102 50 600 566 83 58 52
is_linear=0
shrinkage=0.03


Tree=76
num_leaves=10
num_cat=0
split_feature=16 6 12 6 11 20 13 22 9
split_gain=36382.2 47623.5 27043.5 26086.4 23122.8 18971.1 14743.5 13205.9 12551.1
threshold=114.50000000000001 131.50000000000003 187.75000000000003 261.50000000000006 263.33999633789068 37.500000000000007 16.849999427795414 -0.37940999865531916 195.56999969482425
decision_type=8 10 8 10 8 8 10 2 10
left_child=1 -1 5 4 -4 -2 8 -7 -3
right_child=2 6 3 -5 -6 7 -8 -9 -10
leaf_value=1.6923021054267882 0.56116445025801653 -0.49938960775252306 0.68464072949074672 -0.66065561113032423 -0.31142678101857502 -0.028868612500183889 0.78398743972778318 -0.33547757401317357 0.38534410052829315
leaf_weight=24 30 31 94 22 27 209 25 320 27
leaf_count=24 30 31 94 22 27 209 25 320 27
internal_value=1.5428e-09 0.51531 -0.0785444 0.289603 0.462378 -0.172722 0.174975 -0.214341 -0.0875308
internal_weight=809 107 702 143 121 559 83 529 58
internal_count=809 107 702 143 121 559 83 529 58
is_linear=0
shrinkage=0.03


Tree=77
num_leaves=10
num_cat=0
split_feature=16 6 12 17 24 20 13 10 9
split_gain=34232.1 44809 25445.2 30669.2 19711.4 17849.9 13872.2 12794 11809.3
threshold=114.50000000000001 131.50000000000003 187.75000000000003 -0.34499999880790705 1.0000000180025095e-35 37.500000000000007 16.849999427795414 179.50000000000003 195.56999969482425
decision_type=8 10 8 10 2 8 10 10 10
left_child=1 -1 5 -4 -5 -2 8 -7 -3
right_child=2 6 3 4 -6 7 -8 -9 -10
leaf_value=1.6415330505371093 0.54432952299714088 -0.48440791890866336 -0.43653031966434075 0.75770419759025054 -0.27113729613167897 -0.17303236524479654 0.76046782793998713 -0.83198423100369323 0.3737837794091966
leaf_weight=24 30 31 39 83 21 501 25 28 27
leaf_count=24 30 31 39 83 21 501 25 28 27
internal_value=5.16383e-10 0.499851 -0.076188 0.280915 0.549957 -0.16754 0.169725 -0.207911 -0.0849049
internal_weight=809 107 702 143 104 559 83 529 58
internal_count=809 107 702 143 104 559 83 529 58
is_linear=0
shrinkage=0.03


Tree=78
num_leaves=12
num_cat=0
split_feature=17 5 11 17 11 24 6 10 4 14 6
split_gain=32768.1 40077.7 32655.6 26756.7 24092.6 20346.6 12510.6 9453.02 15586.2 10885.7 2099.15
threshold=0.71999999880790722 114.50000000000001 171.05999755859378 -0.60500001907348622 205.79999542236331 -0.56174498796463002 107.50000000000001 152.25000000000003 158.50000000000003 94.500000000000014 112.50000000000001
decision_type=8 10 10 10 10 2 10 10 8 10 10
left_child=1 -1 7 4 -3 -4 -5 9 -9 -2 -7
right_child=2 3 5 6 -6 10 -8 8 -10 -11 -12
leaf_value=1.5688627468943595 -0.21917947255479092 -0.72282676544300339 0.93877628242647326 1.1607452223300934 0.17940711907829557 0.19289491853713989 0.34208170934234344 -1.2394428399630955 -0.12030652701854705 0.49795882648229595 -0.20423191884289615
leaf_weight=20 401 43 37 20 70 25 105 21 24 20 23
leaf_count=20 401 43 37 20 70 25 105 21 24 20 23
internal_value=-8.47722e-10 0.279022 -0.130649 0.170632 -0.163921 0.410115 0.473068 -0.229286 -0.64257 -0.185111 0.00260498
internal_weight=809 258 551 238 113 85 125 466 45 421 48
internal_count=809 258 551 238 113 85 125 466 45 421 48
is_linear=0
shrinkage=0.03


Tree=79
num_leaves=9
num_cat=0
split_feature=15 14 22 7 13 11 12 16
split_gain=31710.7 22445.1 25594.9 34723.3 17919.3 5555.06 1707.11 1704.99
threshold=2.3950001001358037 97.500000000000014 -0.37940999865531916 284.50000000000006 14.150000095367433 136.69999694824222 95.000000000000014 277.50000000000006
decision_type=8 10 2 10 8 10 8 10
left_child=1 2 3 -1 -4 6 7 -2
right_child=5 -3 4 -5 -6 -7 -8 -9
leaf_value=0.22082196325317702 -0.31375584440609933 1.009753200817108 0.058770203915682238 1.5114433152335029 -0.44952204826649494 0.14037075526184503 -0.55353285849094391 -0.022975261995568871
leaf_weight=176 196 25 235 21 85 27 24 20
leaf_count=176 196 25 235 21 85 27 24 20
internal_value=4.35154e-11 0.131827 0.0893745 0.358401 -0.0762449 -0.267605 -0.313502 -0.286832
internal_weight=809 542 517 197 320 267 240 216
internal_count=809 542 517 197 320 267 240 216
is_linear=0
shrinkage=0.03


Tree=80
num_leaves=10
num_cat=0
split_feature=15 9 6 14 15 20 6 19 21
split_gain=29862 20534.9 15745.2 17335.7 12890.6 12023.8 13821.6 10346.2 4073.3
threshold=1.825000047683716 311.50000000000006 127.50000000000001 95.500000000000014 0.74500000476837169 432.50000000000006 89.500000000000014 993.35000610351574 0.60355499386787426
decision_type=8 10 10 10 10 10 8 10 2
left_child=1 2 4 -4 -1 7 -7 8 -2
right_child=5 -3 3 -5 -6 6 -8 -9 -10
leaf_value=1.0230068492889404 -0.23263069341202475 0.97321530620966645 -0.11774346051821068 0.66687519688287689 0.25167703055991575 -0.24913709897886621 0.6066474854605538 0.28894786334037775 -0.47918252162262798
leaf_weight=24 245 28 201 29 104 33 35 30 80
leaf_count=24 245 28 201 29 104 33 35 30 80
internal_value=1.59425e-09 0.190802 0.129608 -0.0188133 0.396301 -0.174112 0.19134 -0.244115 -0.29332
internal_weight=809 386 358 230 128 423 68 355 325
internal_count=809 386 358 230 128 423 68 355 325
is_linear=0
shrinkage=0.03


Tree=81
num_leaves=9
num_cat=0
split_feature=16 6 14 14 15 22 12 16
split_gain=29832.4 39044.1 21687 18846.9 18582.8 16977.8 11319.6 6703.74
threshold=114.50000000000001 131.50000000000003 97.500000000000014 83.500000000000014 0.87500000000000011 -0.37940999865531916 163.50000000000003 96.500000000000014
decision_type=8 10 10 10 10 2 8 10
left_child=1 -1 4 -3 6 -6 -2 -5
right_child=2 3 -4 7 5 -7 -8 -9
leaf_value=1.5323385751247405 -0.23823492427579532 0.65041202771036244 0.85591018015688114 -0.59946771025657652 0.24752781298184812 -0.1346580914282397 -0.87985344851855185 0.13448953032493591
leaf_weight=24 213 38 22 24 172 267 28 21
leaf_count=24 213 38 22 24 172 267 28 21
internal_value=-1.20669e-10 0.466625 -0.0711237 0.158466 -0.101116 0.0150822 -0.31278 -0.256954
internal_weight=809 107 702 83 680 439 241 45
internal_count=809 107 702 83 680 439 241 45
is_linear=0
shrinkage=0.03


Tree=82
num_leaves=12
num_cat=0
split_feature=16 6 5 17 24 14 18 21 12 3 16
split_gain=28069.3 36736.6 21274.3 25200.4 19513.5 17733.1 12985.6 17194.5 7620.82 6675.92 6307.55
threshold=114.50000000000001 131.50000000000003 189.50000000000003 -0.32000000774860377 1.0000000180025095e-35 83.500000000000014 -0.57499998807907093 -0.37940999865531916 140.50000000000003 188.50000000000003 96.500000000000014
decision_type=8 10 8 10 2 10 8 2 10 8 10
left_child=1 -1 6 9 -5 -3 8 -8 -2 -4 -7
right_child=2 5 3 4 -6 10 7 -9 -10 -11 -12
leaf_value=1.4863684296607971 0.29433272369205948 0.63089966711245082 0.012110457420349122 0.67926629345429446 -0.22757218961271325 -0.58148366987705236 -0.0010792048937464888 -0.41388988580380348 -0.13084339893316921 -0.68837533657550809 0.13045484423637391
leaf_weight=24 73 38 24 90 28 24 148 235 79 25 21
leaf_count=24 73 38 24 90 28 24 148 235 79 25 21
internal_value=9.95191e-10 0.452626 -0.06899 0.226606 0.464084 0.153712 -0.16126 -0.25437 0.073353 -0.34528 -0.249246
internal_weight=809 107 702 167 118 83 535 383 152 49 45
internal_count=809 107 702 167 118 83 535 383 152 49 45
is_linear=0
shrinkage=0.03


Tree=83
num_leaves=11
num_cat=0
split_feature=17 5 11 17 11 6 12 23 15 21
split_gain=26562.5 37051.1 27802.9 23617 21223.4 19133.9 13811.4 10040.1 9394.8 4833.12
threshold=0.71999999880790722 114.50000000000001 171.05999755859378 -0.60500001907348622 205.79999542236331 206.50000000000003 147.50000000000003 -0.60785500705242146 1.4550000429153445 -0.37940999865531916
decision_type=8 10 8 10 10 8 10 2 10 2
left_child=1 -1 6 4 -3 -4 8 -5 -2 -7
right_child=2 3 5 7 -6 9 -8 -9 -10 -11
leaf_value=1.4913986477851868 -0.29265051003937653 -0.69188404457513675 0.90283747379978496 0.072649753729502359 0.15492385940040859 -0.24456609714031219 -0.75849871871502772 0.63278584222868084 -0.009798654887806341 0.34084999217228457
leaf_weight=20 228 43 36 45 70 30 38 80 197 22
leaf_count=20 228 43 36 45 70 30 38 80 197 22
internal_value=-1.42095e-09 0.251216 -0.117629 0.146999 -0.167313 0.37118 -0.210535 0.431137 -0.16154 0.00310994
internal_weight=809 258 551 238 113 88 463 125 425 52
internal_count=809 258 551 238 113 88 463 125 425 52
is_linear=0
shrinkage=0.03


Tree=84
num_leaves=9
num_cat=0
split_feature=16 6 14 19 21 14 12 16
split_gain=25801.6 33579 20215.6 16844.3 16598.9 16474.2 8376.55 5867.21
threshold=114.50000000000001 131.50000000000003 97.500000000000014 993.64999389648449 0.78656998276710521 83.500000000000014 140.50000000000003 96.500000000000014
decision_type=8 10 10 10 2 10 10 10
left_child=1 -1 3 4 -2 -3 -5 -7
right_child=2 5 -4 6 -6 7 -8 -9
leaf_value=1.4222756260633467 -0.077393382161778879 0.6081159308082178 0.82888865362514152 0.80070241700519218 -0.48864300519227977 -0.5606437316536903 0.12345801351319713 0.12599480299279095
leaf_weight=24 485 38 22 22 108 24 65 21
leaf_count=24 485 38 22 22 108 24 65 21
internal_value=1.51099e-09 0.433958 -0.0661445 -0.0951015 -0.152292 0.148179 0.294715 -0.240212
internal_weight=809 107 702 680 593 83 87 45
internal_count=809 107 702 680 593 83 87 45
is_linear=0
shrinkage=0.03


Tree=85
num_leaves=12
num_cat=0
split_feature=16 6 11 6 11 14 19 21 11 11 6
split_gain=24276.8 31594.5 19468.9 22459 38226.6 15617.1 12992.7 14809.8 11227 6795.7 4583.65
threshold=114.50000000000001 131.50000000000003 205.79999542236331 221.00000000000003 259.50999450683599 86.500000000000014 994.25000000000011 0.78656998276710521 232.91999816894534 154.28499603271487 221.00000000000003
decision_type=8 10 8 8 10 10 10 2 10 10 10
left_child=1 -1 6 4 -4 8 7 -2 -3 -8 -5
right_child=2 5 3 10 -6 -7 9 -9 -10 -11 -12
leaf_value=1.3796073523163794 -0.095581201221394435 0.064075373113155365 1.450015070438385 0.17311787469519507 -0.24320510816574098 -0.31510544714492716 0.74764984905719756 -0.49033561881983057 1.0023169876228679 0.028089050112499129 -0.37471407005297286
leaf_weight=24 443 24 30 27 20 37 21 106 22 27 28
leaf_count=24 443 24 30 27 20 37 21 106 22 27 28
internal_value=-4.37537e-10 0.420939 -0.0641602 0.312558 0.772727 0.143734 -0.130417 -0.1718 0.5128 0.342897 -0.105778
internal_weight=809 107 702 105 50 83 597 549 46 48 55
internal_count=809 107 702 105 50 83 597 549 46 48 55
is_linear=0
shrinkage=0.03


Tree=86
num_leaves=11
num_cat=0
split_feature=15 9 6 16 10 20 6 10 2 15
split_gain=23126.7 18224.6 13452.5 60763.3 11821.3 10317 12640.9 3280.85 5189.28 2111.33
threshold=1.825000047683716 306.63999938964849 127.50000000000001 161.00000000000003 251.25000000000003 432.50000000000006 89.500000000000014 119.50000000000001 173.50000000000003 2.1350001096725468
decision_type=8 10 10 10 10 10 8 8 10 10
left_child=1 2 3 -1 -4 7 -7 9 -9 -2
right_child=5 -3 4 -5 -6 6 -8 8 -10 -11
leaf_value=1.750783873433652 -0.23649967261703844 0.87801459651440383 0.053978881045724403 0.048279672188418249 -0.58506159687042225 -0.23594504224983129 0.58247113037109377 0.064418699115514746 -0.44677337983623144 -0.47336065252125265
leaf_weight=23 221 30 198 105 30 33 35 70 24 40
leaf_count=23 221 30 198 105 30 33 35 70 24 40
internal_value=4.28524e-10 0.167911 0.108071 0.354198 -0.0301054 -0.153224 0.185299 -0.218068 -0.0660984 -0.2728
internal_weight=809 386 356 128 228 423 68 355 94 261
internal_count=809 386 356 128 228 423 68 355 94 261
is_linear=0
shrinkage=0.03


Tree=87
num_leaves=9
num_cat=0
split_feature=14 14 16 11 17 5 14 13
split_gain=22898.2 22683.7 34385.5 23299.3 18071.8 14232.6 11826.9 9762.54
threshold=97.500000000000014 89.500000000000014 114.50000000000001 165.31999969482425 1.4200000166893008 30.500000000000004 94.500000000000014 11.949999809265138
decision_type=10 8 10 10 10 10 10 10
left_child=1 2 3 -1 7 -4 -6 -3
right_child=-2 4 5 -5 6 -7 -8 -9
leaf_value=1.558791890825544 0.87587374228697557 -0.24234467244652264 0.7198843967914581 0.36802464087009429 -0.12680656297339332 -0.05143804736811259 0.77873265194892882 -0.83064594626426691
leaf_weight=21 26 272 23 50 27 337 25 28
leaf_count=21 26 272 23 50 27 337 25 28
internal_value=-1.09963e-10 -0.0290839 0.116841 0.720223 -0.207759 -0.00215911 0.308549 -0.297253
internal_weight=809 783 431 71 352 360 52 300
internal_count=809 783 431 71 352 360 52 300
is_linear=0
shrinkage=0.03


Tree=88
num_leaves=9
num_cat=0
split_feature=14 14 16 21 20 17 14 13
split_gain=21544.9 21343.1 32353.3 18972.6 18128 17003.7 11162.5 9185.57
threshold=97.500000000000014 89.500000000000014 114.50000000000001 0.78656998276710521 112.50000000000001 1.4200000166893008 93.500000000000014 11.949999809265138
decision_type=10 8 10 2 10 10 10 10
left_child=1 2 4 -4 -1 7 -7 -3
right_child=-2 5 3 -5 -6 6 -8 -9
leaf_value=1.3488602748870848 0.84959751055790822 -0.23507433194721886 0.12550823993536073 -0.37380619129894865 0.34522345584371816 -0.17546730179339648 0.70622921935149596 -0.80572656876274507
leaf_weight=25 26 272 268 92 46 24 28 28
leaf_count=25 26 272 268 92 46 24 28 28
internal_value=6.21097e-10 -0.0282114 0.113336 -0.00209434 0.698617 -0.201527 0.299292 -0.288335
internal_weight=809 783 431 360 71 352 52 300
internal_count=809 783 431 360 71 352 52 300
is_linear=0
shrinkage=0.03


Tree=89
num_leaves=13
num_cat=0
split_feature=15 23 14 23 23 5 13 6 13 9 20 8
split_gain=20705.9 26060.4 17767.3 51881.3 33096.7 12140.6 7361.28 7351.96 6892.16 7877.86 4851.54 4841.59
threshold=1.485000014305115 0.87838000059127819 83.500000000000014 -0.87838000059127797 -0.60785500705242146 278.50000000000006 9.7500000000000018 139.50000000000003 11.550000190734865 115.78499984741212 432.50000000000006 160.50000000000003
decision_type=8 2 10 2 2 8 10 10 8 10 10 10
left_child=1 2 4 -4 -1 8 -7 -3 9 -2 -10 -8
right_child=5 7 3 -5 -6 6 11 -9 10 -11 -12 -13
leaf_value=-0.11325826018197196 -0.40113570496439932 -0.062716097024179268 1.3639060299843548 -0.29289556637853381 1.0113599594620366 -0.20261373606417327 0.83771344166994088 -0.77062103748321531 -0.26081358174436559 0.22539766909541842 0.019850684568953159 0.21685529543803286
leaf_weight=35 24 31 22 75 72 20 20 23 321 73 67 26
leaf_count=35 24 31 22 75 72 20 20 23 321 73 67 26
internal_value=1.39778e-09 0.221799 0.376925 0.0828739 0.643494 -0.103855 0.277882 -0.364231 -0.155803 0.0703791 -0.212348 0.486794
internal_weight=809 258 204 97 107 551 66 54 485 97 388 46
internal_count=809 258 204 97 107 551 66 54 485 97 388 46
is_linear=0
shrinkage=0.03


Tree=90
num_leaves=12
num_cat=0
split_feature=11 19 19 21 17 23 3 15 14 14 21
split_gain=20404.6 36427.2 24863.9 20288.6 19188.2 18757 29837.6 22679.1 17233.8 15782 11473.7
threshold=232.91999816894534 991.75000000000011 992.75000000000011 0.78656998276710521 1.6449999809265139 -0.60785500705242146 148.50000000000003 0.81499999761581432 79.500000000000014 85.500000000000014 -0.60355499386787403
decision_type=10 10 10 2 8 2 10 10 8 10 2
left_child=2 -2 3 8 -5 6 -4 -7 -1 -3 -11
right_child=1 9 5 4 -6 7 -8 -9 -10 10 -12
leaf_value=0.17056163714126832 1.3473129007551405 0.68426709343086578 0.55507014665007592 -1.1231657729365609 -0.24153417629573276 1.3557923607392743 -1.0836444443687796 0.27764984191491687 -0.20403127464791276 -0.80345427649361745 0.18823966220021246
leaf_weight=179 27 22 20 33 68 22 20 87 289 21 21
leaf_count=179 27 22 20 33 68 22 20 87 289 21 21
internal_value=-1.43117e-10 0.423207 -0.0536376 -0.143978 -0.529592 0.291352 -0.264287 0.495257 -0.0607575 0.0333495 -0.307607
internal_weight=809 91 718 569 101 149 40 109 468 64 42
internal_count=809 91 718 569 101 149 40 109 468 64 42
is_linear=0
shrinkage=0.03


Tree=91
num_leaves=11
num_cat=0
split_feature=11 19 19 21 20 14 14 20 3 21
split_gain=19198.7 34274.4 23394.4 19089.5 19573.4 16215.3 14849.3 14792 13611.9 10795.6
threshold=232.91999816894534 991.75000000000011 992.75000000000011 0.78656998276710521 367.50000000000006 79.500000000000014 85.500000000000014 67.500000000000014 195.50000000000003 -0.60355499386787403
decision_type=10 10 10 2 8 8 10 10 10 2
left_child=2 -2 3 5 -5 -1 -3 -4 -9 -8
right_child=1 6 7 4 -6 -7 9 8 -10 -11
leaf_value=0.16544478548576211 1.3068935134675765 0.66373908974907614 0.87793782556056976 -1.1561884489059446 -0.24223206829909286 -0.19791033545174638 -0.7793506513323103 0.27674275047851327 -0.58132642543315882 0.18259246585624558
leaf_weight=179 27 22 30 30 71 289 21 99 20 21
leaf_count=179 27 22 30 30 71 289 21 99 20 21
internal_value=1.03661e-09 0.410511 -0.0520285 -0.139658 -0.513704 -0.0589348 0.032349 0.282612 0.132529 -0.298379
internal_weight=809 91 718 569 101 468 64 149 119 42
internal_count=809 91 718 569 101 468 64 149 119 42
is_linear=0
shrinkage=0.03


Tree=92
num_leaves=8
num_cat=0
split_feature=14 14 11 21 13 17 14
split_gain=18381.9 17478.3 29121.7 23321.9 10673.2 13822.8 12429.6
threshold=97.500000000000014 85.500000000000014 232.91999816894534 0.78656998276710521 11.449999809265138 1.4200000166893008 91.500000000000014
decision_type=10 8 10 2 8 10 10
left_child=1 2 3 -1 5 -3 -6
right_child=-2 4 -4 -5 6 -7 -8
leaf_value=0.18964695784954294 0.78476007865025443 -0.14099016896641717 0.94497689946208685 -0.3631460306017022 -0.20059483250234966 0.54484904290814151 -0.87774638838238184
leaf_weight=248 26 87 35 95 253 38 27
leaf_count=248 26 87 35 95 253 38 27
internal_value=-1.65428e-11 -0.0260584 0.120655 0.036541 -0.162991 0.067505 -0.265892
internal_weight=809 783 378 343 405 125 280
internal_count=809 783 378 343 405 125 280
is_linear=0
shrinkage=0.03


Tree=93
num_leaves=11
num_cat=0
split_feature=15 14 13 13 4 18 5 14 14 19
split_gain=17657 15525.5 27773.8 21548.7 21145.5 10178.1 6740.76 7887.87 7801.72 6109.08
threshold=1.5649999976158144 83.500000000000014 14.150000095367433 9.2500000000000018 157.50000000000003 -0.17499999701976773 342.00000000000006 94.500000000000014 76.500000000000014 988.64999389648449
decision_type=8 10 10 10 8 10 8 10 8 8
left_child=1 2 -1 -3 -4 -5 7 9 -8 -2
right_child=6 3 4 5 -6 -7 8 -9 -10 -11
leaf_value=1.2816450950834486 0.073483028892721791 0.6364011079072952 -0.16607302737300145 -0.51188798717622241 0.66615460998415943 0.060084114425948694 0.68658767786622044 0.31648575659841299 -0.073398421517302914 -0.2220955513081834
leaf_weight=27 76 34 61 56 50 56 20 32 31 366
leaf_count=27 76 34 61 56 50 56 20 32 31 366
internal_value=-8.52868e-10 0.190557 0.418708 -0.0250916 0.208804 -0.225902 -0.103083 -0.138343 0.224635 -0.171272
internal_weight=809 284 138 146 111 112 525 474 51 442
internal_count=809 284 138 146 111 112 525 474 51 442
is_linear=0
shrinkage=0.03


Tree=94
num_leaves=10
num_cat=0
split_feature=15 9 13 5 5 19 13 21 15
split_gain=16625.6 14137.4 11856.6 22285 18391.2 7824.48 5591.02 7730.3 2762.52
threshold=1.825000047683716 311.50000000000006 9.2500000000000018 145.50000000000003 176.50000000000003 993.35000610351574 17.44999980926514 0.78656998276710521 2.304999947547913
decision_type=8 10 10 10 10 10 10 2 10
left_child=1 2 4 -4 -1 6 8 -8 -2
right_child=5 -3 3 -5 -6 -7 7 -9 -10
leaf_value=-0.048413859350340704 -0.18893664434920629 0.79156287252902979 0.32345094990708045 -0.18573783542411249 1.2227258014976978 0.29312667917460206 0.28220933573586598 -0.38448030103807862 -0.45028704400573455
leaf_weight=21 273 28 134 183 20 36 49 23 42
leaf_count=21 273 28 134 183 20 36 49 23 42
internal_value=5.09752e-11 0.142368 0.0915928 0.0295028 0.571654 -0.129915 -0.169268 0.069239 -0.223783
internal_weight=809 386 358 317 41 423 387 72 315
internal_count=809 386 358 317 41 423 387 72 315
is_linear=0
shrinkage=0.03


Tree=95
num_leaves=9
num_cat=0
split_feature=14 14 16 11 21 17 14 3
split_gain=16082.4 15561 25905 21280 14662.3 13826 9590.18 8412.33
threshold=97.500000000000014 89.500000000000014 114.50000000000001 165.31999969482425 0.78656998276710521 1.4200000166893008 94.500000000000014 198.50000000000003
decision_type=10 8 10 10 2 10 10 10
left_child=1 2 3 -1 -4 7 -7 -3
right_child=-2 5 4 -5 -6 6 -8 -9
leaf_value=1.4216121305738176 0.73403589028578542 -0.17874401375606477 0.10537525990202939 0.28361450612246986 -0.33357225965263082 -0.11279029488563537 0.70263532347679136 -0.60166119217872616
leaf_weight=21 26 249 268 50 92 27 25 51
leaf_count=21 26 249 268 50 92 27 25 51
internal_value=-1.73129e-10 -0.0243741 0.0964884 0.620205 -0.00680022 -0.172362 0.279241 -0.25064
internal_weight=809 783 431 71 360 352 52 300
internal_count=809 783 431 71 360 352 52 300
is_linear=0
shrinkage=0.03


Tree=96
num_leaves=11
num_cat=0
split_feature=11 12 15 19 23 3 15 21 20 13
split_gain=15885.9 33724.5 24333.2 21222 16626.6 27188 19070.3 15919.4 18387.2 12559.9
threshold=232.91999816894534 263.00000000000006 1.2400000095367434 992.75000000000011 -0.60785500705242146 148.50000000000003 1.0349999666213991 0.78656998276710521 367.50000000000006 18.050000190734867
decision_type=10 10 10 10 2 10 10 2 8 10
left_child=3 2 -2 7 5 -5 -6 9 -9 -1
right_child=1 -3 -4 4 6 -7 -8 8 -10 -11
leaf_value=-0.12059933217562865 1.3398979291188367 -0.3242830689895797 0.021146723985671995 0.53039504577219476 1.0527288626747973 -1.0338689133524894 0.19619759303331374 -1.0950801920890807 -0.20925014499417491 0.3231400727247124
leaf_weight=401 34 37 20 20 34 20 75 30 71 67
leaf_count=401 34 37 20 20 34 20 75 30 71 67
internal_value=7.25396e-10 0.373417 0.851472 -0.0473273 0.271397 -0.251737 0.463372 -0.130789 -0.472368 -0.0570725
internal_weight=809 91 54 718 149 40 109 569 101 468
internal_count=809 91 54 718 149 40 109 569 101 468
is_linear=0
shrinkage=0.03


Tree=97
num_leaves=10
num_cat=0
split_feature=11 12 15 20 21 5 17 16 21
split_gain=14947.1 31731.3 22986.7 14668.4 22523.3 20344.7 18351.5 17785.8 8973.59
threshold=232.91999816894534 263.00000000000006 1.1549999713897707 47.500000000000007 -0.37940999865531916 257.00000000000006 0.55500000715255748 306.50000000000006 0.91597998142242443
decision_type=10 10 10 8 2 8 10 8 2
left_child=3 2 -2 4 6 8 -1 -7 -5
right_child=1 -3 -4 5 -6 7 -8 -9 -10
leaf_value=1.4696697832345962 1.4223724122558321 -0.31455457288268451 0.18360202913100904 -0.10040397129214462 -0.30711760523227544 0.71523992968723171 0.18451116634905337 -0.34958219289779663 -0.44798936552041535
leaf_weight=20 28 37 26 507 26 48 20 20 77
leaf_count=20 28 37 26 507 26 48 20 20 77
internal_value=6.63023e-10 0.362215 0.825927 -0.0459075 0.380281 -0.0890493 0.82709 0.402057 -0.146233
internal_weight=809 91 54 718 66 652 40 68 584
internal_count=809 91 54 718 66 652 40 68 584
is_linear=0
shrinkage=0.03


Tree=98
num_leaves=11
num_cat=0
split_feature=11 12 21 19 23 3 20 21 17 13
split_gain=14063.7 29856 19789 19720.7 15478.3 25437.8 16662.6 14444.5 17272.6 11762.1
threshold=232.91999816894534 263.00000000000006 -1.0000000180025095e-35 992.75000000000011 -0.60785500705242146 148.50000000000003 67.500000000000014 0.78656998276710521 1.6449999809265139 18.050000190734867
decision_type=10 10 2 10 2 10 10 2 8 10
left_child=3 2 -2 7 5 -5 -6 9 -9 -1
right_child=1 -3 -4 4 6 -7 -8 8 -10 -11
leaf_value=-0.11624315340578222 0.28748248529434206 -0.30511793754390765 1.443233446329832 0.51450624078512186 1.1278468161821364 -0.99856985485553751 0.24558882041701249 -1.0135226458852939 -0.1770556254860233 0.31317106915498849
leaf_weight=401 30 37 24 20 25 20 84 33 68 67
leaf_count=401 30 37 24 20 25 20 84 33 68 67
internal_value=-1.35727e-10 0.351349 0.80115 -0.0445302 0.262714 -0.242032 0.447942 -0.124986 -0.450357 -0.0547672
internal_weight=809 91 54 718 149 40 109 569 101 468
internal_count=809 91 54 718 149 40 109 569 101 468
is_linear=0
shrinkage=0.03


Tree=99
num_leaves=9
num_cat=0
split_feature=14 14 21 17 22 13 14 21
split_gain=13851.2 14006.1 22112.4 29349.2 9834.7 9591.69 12831 10200.4
threshold=97.500000000000014 82.500000000000014 0.78656998276710521 1.0000000180025095e-35 1.0000000180025095e-35 11.34999990463257 91.500000000000014 -0.60355499386787403
decision_type=10 8 2 10 2 8 10 2
left_child=1 2 3 -1 -4 7 -7 -3
right_child=-2 5 4 -5 -6 6 -8 -9
leaf_value=0.83684342697743441 0.68121730850293083 -0.25646395323872567 -0.103720038941032 0.082129672249455166 -0.83717113784381325 -0.16482372298995793 -0.83826346393142426 0.28846366594235101
leaf_weight=62 26 50 76 184 21 281 28 81
leaf_count=62 26 50 76 184 21 281 28 81
internal_value=1.80776e-09 -0.0226202 0.121087 0.272342 -0.262508 -0.134647 -0.225847 0.080476
internal_weight=809 783 343 246 97 440 309 131
internal_count=809 783 343 246 97 440 309 131
is_linear=0
shrinkage=0.03


Tree=100
num_leaves=11
num_cat=0
split_feature=15 9 10 14 12 12 16 7 12 4
split_gain=13210.3 11577.8 10962.6 13622 11002.1 5507.35 6908.1 8222.31 6215.88 3916.05
threshold=1.825000047683716 311.50000000000006 232.50000000000003 95.500000000000014 217.75000000000003 156.50000000000003 284.50000000000006 164.37500000000003 147.50000000000003 121.50000000000001
decision_type=8 10 10 10 10 8 10 10 10 8
left_child=1 2 3 -1 -4 8 7 -7 9 -2
right_child=5 -3 4 -5 -6 6 -8 -9 -10 -11
leaf_value=0.079268131437380013 -0.17591138003346593 0.7143999447354249 0.22222962959110737 0.72444391684098675 -0.68027269703726612 0.31321898899295114 0.52761174348592754 -0.50698499216274784 -0.62974223285913467 0.10139175321839072
leaf_weight=274 275 28 20 33 31 22 25 22 24 55
leaf_count=274 275 28 20 33 31 22 25 22 24 55
internal_value=-5.53207e-10 0.126905 0.080956 0.148619 -0.32635 -0.115805 0.129383 -0.096883 -0.163596 -0.129694
internal_weight=809 386 358 307 51 423 69 44 354 330
internal_count=809 386 358 307 51 423 69 44 354 330
is_linear=0
shrinkage=0.03


Tree=101
num_leaves=11
num_cat=0
split_feature=11 12 15 19 23 8 15 21 14 23
split_gain=12865.7 28030.7 20666.4 18003.1 14406.7 20161.3 16498 13053 23919.5 12665.6
threshold=232.91999816894534 263.00000000000006 1.1549999713897707 992.75000000000011 -0.60785500705242146 146.25000000000003 1.0349999666213991 0.60355499386787426 66.500000000000014 0.60785500705242168
decision_type=10 10 10 10 2 10 10 2 10 2
left_child=3 2 -2 7 5 -5 -6 9 -9 -1
right_child=1 -3 -4 4 6 -7 -8 8 -10 -11
leaf_value=-0.14602945771146217 1.3374281174795968 -0.30003121496857826 0.16284115241124081 0.43752713960409162 0.97783793154884779 -0.90951427209377289 0.18116540715694426 -0.13437600639191541 -0.99906845239492559 0.20812504344199664
leaf_weight=287 28 37 26 20 34 20 75 110 39 133
leaf_count=287 28 37 26 20 34 20 75 110 39 133
internal_value=1.14463e-09 0.336052 0.771886 -0.0425915 0.250967 -0.235994 0.429669 -0.119464 -0.360705 -0.0338805
internal_weight=809 91 54 718 149 40 109 569 149 420
internal_count=809 91 54 718 149 40 109 569 149 420
is_linear=0
shrinkage=0.03


end of trees

feature_importances:
pm25_lag_24h=105
relative_humidity_2m=95
pm25_roll_mean_24h=84
wind_u=74
hour_cos=70
pm25_roll_median_24h=69
wind_speed_10m=64
wind_direction_10m=59
surface_pressure=55
boundary_layer_height=53
day_of_week_sin=52
temperature_2m=45
pm25_lag_12h=43
hour_sin=43
pm25_roll_mean_6h=39
day_of_week_cos=34
pm25_roll_median_6h=33
pm25_roll_median_3h=26
pm25_roll_mean_3h=25
wind_v=24
pm25_lag_3h=18
pm25_lag_1h=16
pm25_lag_6h=11
month_sin=6

parameters:
[boosting: gbdt]
[objective: regression]
[metric: l1]
[tree_learner: serial]
[device_type: cpu]
[data_sample_strategy: bagging]
[data: ]
[valid: ]
[num_iterations: 150]
[learning_rate: 0.03]
[num_leaves: 15]
[num_threads: 0]
[seed: 42]
[deterministic: 0]
[force_col_wise: 0]
[force_row_wise: 0]
[histogram_pool_size: -1]
[max_depth: 4]
[min_data_in_leaf: 20]
[min_sum_hessian_in_leaf: 0.001]
[bagging_fraction: 1]
[pos_bagging_fraction: 1]
[neg_bagging_fraction: 1]
[bagging_freq: 0]
[bagging_seed: 400]
[bagging_by_query: 0]
[feature_fraction: 0.8]
[feature_fraction_bynode: 1]
[feature_fraction_seed: 30056]
[extra_trees: 0]
[extra_seed: 12879]
[early_stopping_round: 0]
[early_stopping_min_delta: 0]
[first_metric_only: 0]
[max_delta_step: 0]
[lambda_l1: 0]
[lambda_l2: 0]
[linear_lambda: 0]
[min_gain_to_split: 0]
[drop_rate: 0.1]
[max_drop: 50]
[skip_drop: 0.5]
[xgboost_dart_mode: 0]
[uniform_drop: 0]
[drop_seed: 17869]
[top_rate: 0.2]
[other_rate: 0.1]
[min_data_per_group: 100]
[max_cat_threshold: 32]
[cat_l2: 10]
[cat_smooth: 10]
[max_cat_to_onehot: 4]
[top_k: 20]
[monotone_constraints: ]
[monotone_constraints_method: basic]
[monotone_penalty: 0]
[feature_contri: ]
[forcedsplits_filename: ]
[refit_decay_rate: 0.9]
[cegb_tradeoff: 1]
[cegb_penalty_split: 0]
[cegb_penalty_feature_lazy: ]
[cegb_penalty_feature_coupled: ]
[path_smooth: 0]
[interaction_constraints: ]
[verbosity: -1]
[saved_feature_importance_type: 0]
[use_quantized_grad: 0]
[num_grad_quant_bins: 4]
[quant_train_renew_leaf: 0]
[stochastic_rounding: 1]
[linear_tree: 0]
[max_bin: 255]
[max_bin_by_feature: ]
[min_data_in_bin: 3]
[bin_construct_sample_cnt: 200000]
[data_random_seed: 175]
[is_enable_sparse: 1]
[enable_bundle: 1]
[use_missing: 1]
[zero_as_missing: 0]
[feature_pre_filter: 1]
[pre_partition: 0]
[two_round: 0]
[header: 0]
[label_column: ]
[weight_column: ]
[group_column: ]
[ignore_column: ]
[categorical_feature: ]
[forcedbins_filename: ]
[precise_float_parser: 0]
[parser_config_file: ]
[objective_seed: 16083]
[num_class: 1]
[is_unbalance: 0]
[scale_pos_weight: 1]
[sigmoid: 1]
[boost_from_average: 1]
[reg_sqrt: 0]
[alpha: 0.9]
[fair_c: 1]
[poisson_max_delta_step: 0.7]
[tweedie_variance_power: 1.5]
[lambdarank_truncation_level: 30]
[lambdarank_norm: 1]
[label_gain: ]
[lambdarank_position_bias_regularization: 0]
[eval_at: ]
[multi_error_top_k: 1]
[auc_mu_weights: ]
[num_machines: 1]
[local_listen_port: 12400]
[time_out: 120]
[machine_list_filename: ]
[machines: ]
[gpu_platform_id: -1]
[gpu_device_id: -1]
[gpu_device_id_list: ]
[gpu_use_dp: 0]
[num_gpu: 1]

end of parameters

pandas_categorical:null
