tree
version=v4
num_class=1
num_tree_per_iteration=1
label_index=0
max_feature_idx=26
objective=regression
feature_names=latitude longitude pm25_lag_1h pm25_lag_3h pm25_lag_6h pm25_lag_12h pm25_lag_24h pm25_roll_mean_3h pm25_roll_median_3h pm25_roll_mean_6h pm25_roll_median_6h pm25_roll_mean_24h pm25_roll_median_24h temperature_2m relative_humidity_2m wind_speed_10m wind_direction_10m wind_u wind_v surface_pressure boundary_layer_height hour_sin hour_cos day_of_week_sin day_of_week_cos month_sin month_cos
feature_infos=none none [0:442] [0:442] [0:442] [0:431] [0:431] [7.25:407] [6:408] [9.7100000381469727:373.57000732421875] [11:370] [20.399999618530273:357] [20.5:357] [7.8000001907348633:26.299999237060547] [25:100] [0:3.9100000858306885] [2:360] [-3.5499999523162842:3.2000000476837158] [-2.1099998950958252:2.25] [984.29998779296875:997.70001220703125] [10:2325] [-1:1] [-1:1] [-0.97492998838424683:0.97492998838424683] [-0.9009699821472168:1] [-0.86602997779846191:0] [-0.86602997779846191:1]
tree_sizes=1258 1290 1371 1293 1293 1207 1295 1289 1300 1292 1295 1291 1293 1296 1219 1211 1291 1293 1291 1298 1293 1210 1288 1292 1288 1208 1294 1294 1377 1285 1290 1211 1209 1387 1376 1296 1375 1309 1380 1311 1388 1388 1384 1382 1387 1380 1304 1392 1302 1309 1226 1145 1232 1067 1388 1226 1231 1308 1232 1218 1058 1304 1058 1051 1143 1055 1219 1144 973 1067 1147 1146 1149 1151 891 1153 1223 1147 1155 1058 1222 1142 976 1217 977 894 1139 980 1056 1222 1226 1050 1065 896 1066 1141 977

Tree=0
num_leaves=14
num_cat=0
split_feature=11 7 19 15 17 7 2 21 17 11 17 10 22
split_gain=3.32492e+06 799963 338707 294805 94935.3 93282.1 73923.2 69192.3 47290.4 39569 13681 4523.77 2326.6
threshold=109.50000000000001 170.37500000000003 991.35000610351574 0.92500001192092907 1.3450000286102297 211.58499908447268 277.50000000000006 0.37940999865531927 1.794999957084656 169.33499908447268 2.5249999761581425 43.500000000000007 0.78656998276710521
decision_type=8 10 8 10 10 10 8 2 10 8 10 10 2
left_child=2 4 8 5 7 -3 -5 -2 -1 -6 -10 12 -4
right_child=1 3 11 6 9 -7 -8 -9 10 -11 -12 -13 -14
leaf_value=137.99164160119321 139.61928092276085 141.17864697341435 134.83182884881663 139.81009201349079 137.60776512178049 143.28864686157434 141.20394336702367 138.2564651309477 136.90578427716329 138.96421513775752 135.98475091509644 135.29632729307784 135.10100576859909
leaf_weight=34 76 33 132 134 100 44 46 60 47 24 21 29 37
leaf_count=34 76 33 132 134 100 44 46 60 47 24 21 29 37
internal_value=138.186 139.644 135.674 140.831 138.471 142.384 140.166 139.018 137.078 137.87 136.621 134.95 134.891
internal_weight=817 517 300 257 260 77 180 136 102 124 68 198 169
internal_count=817 517 300 257 260 77 180 136 102 124 68 198 169
is_linear=0
shrinkage=1


Tree=1
num_leaves=14
num_cat=0
split_feature=11 7 19 15 17 7 2 21 17 11 21 10 22
split_gain=3.12842e+06 752685 318711 277382 89324.6 87769.1 69554.3 65585.1 46433 37281.5 9158.38 8598.86 2189.1
threshold=109.50000000000001 170.37500000000003 990.85000610351574 0.92500001192092907 1.3450000286102297 211.58499908447268 277.50000000000006 1.0000000180025095e-35 1.9049999713897707 169.33499908447268 0.37940999865531927 43.500000000000007 0.78656998276710521
decision_type=8 10 8 10 10 10 8 2 10 10 2 10 2
left_child=2 4 8 5 7 -3 -5 -2 -1 -6 -10 12 -4
right_child=1 3 11 6 9 -7 -8 -9 10 -11 -12 -13 -14
leaf_value=-0.21396836001139419 1.5057965952157975 2.9028223705291749 -3.2535911282626064 1.5753241231548252 -0.54785439755110177 4.949522326209328 2.9273599060722018 0.18590863796571891 -1.2558653603962489 0.81380080981688063 -2.0369943757490674 -2.6797970319475444 -2.9924896260854359
leaf_weight=39 64 33 132 134 102 44 46 72 35 22 22 35 37
leaf_count=39 64 33 132 134 102 44 46 72 35 22 22 35 37
internal_value=1.33673e-08 1.41413 -2.43701 2.56546 0.276073 4.07237 1.92084 0.807032 -1.0116 -0.30627 -1.55735 -3.10779 -3.19643
internal_weight=817 517 300 257 260 77 180 136 96 124 57 204 169
internal_count=817 517 300 257 260 77 180 136 96 124 57 204 169
is_linear=0
shrinkage=0.03


Tree=2
num_leaves=15
num_cat=0
split_feature=9 8 17 2 5 22 19 21 17 17 21 19 6 8
split_gain=2.87358e+06 561501 475496 122567 94803.2 90352.9 69929.7 68238.9 58295.6 52911.4 36240.4 20657.5 10611 2763.97
threshold=118.35499954223634 171.00000000000003 2.5249999761581425 277.50000000000006 195.50000000000003 -0.60355499386787403 990.75000000000011 0.37940999865531927 1.7549999952316286 0.55500000715255748 1.0000000180025095e-35 991.35000610351574 102.50000000000001 25.750000000000004
decision_type=8 10 8 10 8 2 10 2 10 10 2 8 8 10
left_child=2 5 7 6 -5 10 -3 8 -1 -7 -2 -4 -9 -13
right_child=1 3 11 4 -6 9 -8 12 -10 -11 -12 13 -14 -15
leaf_value=0.77474430779048375 2.0840293062816966 1.1524786561727525 -2.0771691676548549 4.6394524105616979 2.4614209618439546 0.83661856547841484 2.4412999765164272 -2.0703000043786091 -0.82161088056564335 -0.31225603563661597 0.55190989390015599 -3.2058143571706919 -1.1254693837165832 -2.9740540715267785
leaf_weight=35 33 54 21 35 37 53 127 23 50 113 24 78 20 114
leaf_count=35 33 54 21 35 37 53 127 23 50 113 24 78 20 114
internal_value=-8.14156e-09 1.5059 -2.10207 2.47325 3.52019 0.408407 2.05679 -0.656959 -0.164288 0.0545533 1.43893 -2.9705 -1.63084 -3.06821
internal_weight=817 476 341 253 72 223 181 128 85 166 57 213 43 192
internal_count=817 476 341 253 72 223 181 128 85 166 57 213 43 192
is_linear=0
shrinkage=0.03


Tree=3
num_leaves=14
num_cat=0
split_feature=11 7 19 15 17 7 2 21 21 17 12 6 12
split_gain=2.77292e+06 668281 281947 257208 79963.7 79792.4 61086.6 59871.4 39807.2 38813.7 35498.8 4357.57 1796.25
threshold=109.50000000000001 170.37500000000003 991.35000610351574 0.92500001192092907 1.3450000286102297 211.58499908447268 277.50000000000006 0.37940999865531927 0.37940999865531927 1.794999957084656 155.50000000000003 46.000000000000007 23.250000000000004
decision_type=8 10 8 10 10 10 8 2 2 10 10 10 10
left_child=2 4 8 5 7 -3 -5 -2 9 -1 -6 12 -4
right_child=1 3 11 6 10 -7 -8 -9 -10 -11 -12 -13 -14
leaf_value=0.43529922599377835 1.3206597658678105 2.7521591681783848 -3.2017870521545411 1.4716813408127472 -0.52117146881749321 4.7036395054513758 2.7387472698351609 0.052955134987831116 -1.766246014374953 -1.1113437180519103 0.83217961277280528 -2.6214292755126953 -2.9627193754369565
leaf_weight=23 76 33 36 134 103 44 46 60 39 40 21 30 132
leaf_count=23 76 33 36 134 103 44 46 60 39 40 21 30 132
internal_value=-6.15562e-09 1.33136 -2.29437 2.41622 0.25901 3.86729 1.79549 0.761378 -1.01299 -0.546696 -0.291975 -2.95448 -3.01395
internal_weight=817 517 300 257 260 77 180 136 102 63 124 198 168
internal_count=817 517 300 257 260 77 180 136 102 63 124 198 168
is_linear=0
shrinkage=0.03


Tree=4
num_leaves=14
num_cat=0
split_feature=11 7 17 15 17 7 2 20 12 17 11 11 24
split_gain=2.60904e+06 628786 266075 242007 75237.8 75076.7 57476.4 48050.1 33484.2 26902.1 16704.7 3796.14 2690.92
threshold=109.50000000000001 170.37500000000003 2.5249999761581425 0.92500001192092907 1.3450000286102297 211.58499908447268 277.50000000000006 67.500000000000014 155.50000000000003 1.794999957084656 71.700000762939467 78.880001068115249 0.81174498796463024
decision_type=8 10 8 10 10 10 8 10 8 10 10 10 2
left_child=2 4 9 5 7 -3 -5 -2 -6 -1 12 -11 -4
right_child=1 3 10 6 8 -7 -8 -9 -10 11 -12 -13 -14
leaf_value=-0.16893923626226537 1.7763350777472218 2.6695943294871936 -2.9398974097589528 1.4275308898847494 -0.51846797374953135 4.562530350468375 2.6565848092022146 0.43213940380300792 0.74984881515088286 -1.5400852103855298 -2.0679843933105468 -1.0278072544336319 -2.6162621561686197
leaf_weight=34 31 33 161 134 101 44 46 105 23 23 25 30 27
leaf_count=34 31 33 161 134 101 44 46 105 23 23 25 30 27
internal_value=-1.41426e-08 1.29142 -2.22554 2.34374 0.25124 3.75127 1.74162 0.738537 -0.283216 -0.827587 -2.79654 -1.25012 -2.89342
internal_weight=817 517 300 257 260 77 180 136 124 87 213 53 188
internal_count=817 517 300 257 260 77 180 136 124 87 213 53 188
is_linear=0
shrinkage=0.03


Tree=5
num_leaves=13
num_cat=0
split_feature=11 7 19 15 7 20 7 12 15 21 6 10
split_gain=2.45485e+06 591624 250637 227705 70639.7 65701.2 54271.8 43168.1 36621.4 8094.52 6931.23 2369.83
threshold=109.50000000000001 170.37500000000003 990.85000610351574 0.92500001192092907 211.58499908447268 67.500000000000014 287.37500000000006 157.50000000000003 1.8949999809265139 0.37940999865531927 52.500000000000007 43.500000000000007
decision_type=8 10 8 10 10 10 10 10 10 2 10 10
left_child=2 5 8 4 -3 -2 -5 -7 -1 -10 11 -4
right_child=1 3 10 6 -6 7 -8 -9 9 -11 -12 -13
leaf_value=-0.1548195740983293 1.4332831621170044 2.5895065741105512 -2.8587666907491562 1.4198981001805251 4.4256544351035894 -0.21087613008543848 2.696361866091427 0.71100937996990976 -1.0877820296384193 -1.8144411784952337 -2.285703872680664 -2.5195572771344867
leaf_weight=37 36 33 158 142 44 160 38 64 37 22 25 21
leaf_count=37 36 33 158 142 44 160 38 64 37 22 25 21
internal_value=5.5417e-09 1.25267 -2.15877 2.27342 3.63873 0.243702 1.68937 0.0525197 -0.894729 -1.35874 -2.75362 -2.81897
internal_weight=817 517 300 257 77 260 180 224 96 59 204 179
internal_count=817 517 300 257 77 260 180 224 96 59 204 179
is_linear=0
shrinkage=0.03


Tree=6
num_leaves=14
num_cat=0
split_feature=11 7 17 15 17 7 21 15 21 11 17 19 8
split_gain=2.30977e+06 556659 236554 214247 68661.8 66464.9 54433.6 52879.3 36311.6 29923.3 26001.5 15675.7 2407.52
threshold=109.50000000000001 170.37500000000003 2.5249999761581425 0.92500001192092907 1.3450000286102297 211.58499908447268 1.0000000180025095e-35 1.8750000000000002 0.60355499386787426 169.33499908447268 1.794999957084656 991.35000610351574 25.250000000000004
decision_type=8 10 8 10 10 10 2 10 2 8 10 8 10
left_child=2 4 8 5 6 -3 -2 -5 10 -6 -1 -4 -13
right_child=1 3 11 7 9 -7 -8 -9 -10 -11 -12 12 -14
leaf_value=0.34678128805160519 1.3384987264126538 2.5118213468248194 -1.8542089353288922 1.9046888781349423 -0.50248144925236704 4.2928848682750358 0.13604618812600772 0.64470640634235588 -1.798263697416886 0.67710992060601705 -0.89260865023502933 -2.8546595795949297 -2.6352274208068844
leaf_weight=25 64 33 21 142 100 44 72 38 23 24 39 72 120
leaf_count=25 64 33 21 142 100 44 72 38 23 24 39 72 120
internal_value=2.35281e-09 1.21509 -2.09401 2.20522 0.236391 3.52957 0.701906 1.63869 -0.775888 -0.274173 -0.408472 -2.6324 -2.71751
internal_weight=817 517 300 257 260 77 136 180 87 124 64 213 192
internal_count=817 517 300 257 260 77 136 180 87 124 64 213 192
is_linear=0
shrinkage=0.03


Tree=7
num_leaves=14
num_cat=0
split_feature=11 7 17 15 17 7 21 2 21 12 15 19 12
split_gain=2.17326e+06 523761 222574 201585 64603.9 62536.8 51622.6 51377.2 34165.6 29478.3 24596 14749.3 2277.44
threshold=109.50000000000001 170.37500000000003 2.5249999761581425 0.92500001192092907 1.3450000286102297 211.58499908447268 0.37940999865531927 277.50000000000006 0.60355499386787426 155.50000000000003 1.794999957084656 991.35000610351574 23.250000000000004
decision_type=8 10 8 10 10 10 2 8 2 10 10 8 10
left_child=2 4 8 5 6 -3 -2 -5 10 -6 -1 -4 -13
right_child=1 3 11 7 9 -7 -8 -9 -10 -11 -12 12 -14
leaf_value=0.41638238538395272 1.2001754279042545 2.4364667190204967 -1.7985826492309569 1.292572609454171 -0.47480692574926153 4.1640982246398925 0.023035564482212067 2.4545868489534959 -1.7443157909227454 0.75845388242176603 -0.82186551732676361 -2.8374011192321777 -2.5829858448630887
leaf_weight=22 76 33 21 134 103 44 60 46 23 21 42 40 152
leaf_count=22 76 33 21 134 103 44 60 46 23 21 42 40 152
internal_value=2.00253e-09 1.17864 -2.03119 2.13906 0.2293 3.42368 0.680849 1.58953 -0.752612 -0.265948 -0.396218 -2.55343 -2.63599
internal_weight=817 517 300 257 260 77 136 180 87 124 64 213 192
internal_count=817 517 300 257 260 77 136 180 87 124 64 213 192
is_linear=0
shrinkage=0.03


Tree=8
num_leaves=14
num_cat=0
split_feature=11 8 17 17 2 20 14 22 21 21 17 19 24
split_gain=2.04482e+06 462728 209420 98904.6 75249.5 64518.6 80272.1 43143.3 39033.9 32146.4 23152.4 13877.6 2258.73
threshold=109.50000000000001 169.25000000000003 2.5249999761581425 0.66999998688697826 295.50000000000006 77.500000000000014 89.500000000000014 -0.91597998142242421 -1.0000000180025095e-35 0.60355499386787426 1.794999957084656 991.35000610351574 0.81174498796463024
decision_type=8 10 8 10 8 10 10 2 2 2 10 8 2
left_child=2 5 9 4 -3 6 -2 -7 -5 10 -1 -4 -13
right_child=1 3 11 8 -6 7 -8 -9 -10 -11 -12 12 -14
leaf_value=0.32834405822753909 2.6431376041684831 2.1047369178059774 -1.7446251651218958 0.82786876805493093 3.5600845498388463 0.99385699272155748 0.050052442333915016 -0.14277285221923183 2.0963953016786014 -1.6919863128662109 -0.84117442286931554 -2.5985332863547583 -2.3025409274631077
leaf_weight=25 21 117 21 61 44 36 22 182 34 23 39 165 27
leaf_count=25 21 117 21 61 44 36 22 182 34 23 39 165 27
internal_value=-1.53261e-09 1.14328 -1.97026 2.04951 2.50247 0.254411 1.31644 0.0449275 1.28187 -0.730033 -0.384331 -2.47683 -2.55691
internal_weight=817 517 300 256 161 261 43 218 95 87 64 213 192
internal_count=817 517 300 256 161 261 43 218 95 87 64 213 192
is_linear=0
shrinkage=0.03


Tree=9
num_leaves=14
num_cat=0
split_feature=11 8 19 17 18 20 14 22 12 21 17 6 24
split_gain=1.92397e+06 435381 197144 93059.4 86022.7 60705.6 75528 40593.5 37955 30047.4 28305.5 3261.22 2037.92
threshold=109.50000000000001 169.25000000000003 991.35000610351574 0.66999998688697826 0.45499999821186071 77.500000000000014 89.500000000000014 -0.91597998142242421 175.00000000000003 0.37940999865531927 1.794999957084656 46.000000000000007 0.81174498796463024
decision_type=8 10 8 10 10 10 10 2 10 2 10 10 2
left_child=2 5 9 4 -3 6 -2 -7 -5 10 -1 12 -4
right_child=1 3 11 8 -6 7 -8 -9 -10 -11 -12 -13 -14
leaf_value=0.4040530994016191 2.5638435115133009 2.9477650610683033 -2.5572302333513894 0.24001382206678393 1.5032965397089719 0.96404126564661663 0.048550872152501888 -0.13848965887594353 1.6017680769988469 -1.49409410403325 -0.9167335399389267 -2.1750044364929195 -2.2586348819732667
leaf_weight=23 21 103 144 25 58 36 22 182 70 39 40 30 24
leaf_count=23 21 103 144 25 58 36 22 182 70 39 40 30 24
internal_value=-2.59685e-09 1.10898 -1.91115 1.98803 2.4274 0.246779 1.27695 0.0435797 1.24341 -0.839665 -0.434542 -2.46312 -2.51457
internal_weight=817 517 300 256 161 261 43 218 95 102 63 198 168
internal_count=817 517 300 256 161 261 43 218 95 102 63 198 168
is_linear=0
shrinkage=0.03


Tree=10
num_leaves=14
num_cat=0
split_feature=11 7 17 15 17 7 15 22 12 22 20 19 8
split_gain=1.81027e+06 439396 186405 178785 57464.5 57176.1 48287.1 44050.4 27138.3 22138.6 16922.2 11945.7 2126
threshold=109.50000000000001 170.37500000000003 2.5249999761581425 0.92500001192092907 1.3049999475479128 211.58499908447268 1.8750000000000002 -0.60355499386787403 155.50000000000003 -0.78656998276710499 147.50000000000003 991.35000610351574 25.250000000000004
decision_type=8 10 8 10 10 10 10 2 8 2 10 8 10
left_child=2 4 9 5 7 -3 -5 -2 -6 -1 -11 -4 -13
right_child=1 3 11 6 8 -7 -8 -9 -10 10 -12 12 -14
leaf_value=0.091632539145648478 1.3094076935412748 2.2212299578298222 -1.6524124499729702 1.692053648376129 -0.46721606437335994 3.8731558486006477 0.48802396390783159 0.19967502061913653 0.6735691276322241 -0.58029505198331255 -1.5852779479980468 -2.5349156983693439 -2.3287118368148803
leaf_weight=24 53 33 21 142 102 44 38 82 23 38 25 72 120
leaf_count=24 53 33 21 142 102 44 38 82 23 38 25 72 120
internal_value=-7.86168e-09 1.07571 -1.85381 1.95539 0.206185 3.16519 1.43787 0.635348 -0.257312 -0.683724 -0.979098 -2.33174 -2.40604
internal_weight=817 517 300 257 260 77 180 135 125 87 63 213 192
internal_count=817 517 300 257 260 77 180 135 125 87 63 213 192
is_linear=0
shrinkage=0.03


Tree=11
num_leaves=14
num_cat=0
split_feature=2 18 2 5 22 21 20 16 5 12 2 8 22
split_gain=1.70257e+06 340528 226618 123961 68209.9 67014.5 55329.2 48474 47106.2 22043.8 2240.95 2014.55 1404.01
threshold=124.50000000000001 -1.689999997615814 202.50000000000003 259.50000000000006 -0.60355499386787403 0.60355499386787426 22.500000000000004 114.50000000000001 187.50000000000003 128.00000000000003 32.500000000000007 46.250000000000007 0.78656998276710521
decision_type=10 10 10 10 2 2 10 10 8 10 10 10 2
left_child=1 10 3 4 -2 8 -4 -8 -3 -7 12 -12 -1
right_child=2 5 6 -5 -6 9 7 -9 -10 -11 11 -13 -14
leaf_value=-2.4500135621746768 1.426085435979896 -0.39940462627405421 3.5375079091087631 2.415795139636312 0.20304362891666719 -1.7426529380253382 2.7563314346645189 1.5758344747460618 1.1844923961013556 -0.63115740620172933 -2.0533103799819945 -2.4161678695678712 -2.2137069846843853
leaf_weight=103 54 109 23 35 171 42 46 98 20 26 40 21 29
leaf_count=103 54 109 23 35 171 42 46 98 20 26 40 21 29
internal_value=-2.22286e-09 -1.43299 1.30882 0.75493 0.496574 -0.555567 2.17117 1.95294 -0.153839 -1.31767 -2.32861 -2.17823 -2.3981
internal_weight=817 390 427 260 225 197 167 144 129 68 193 61 132
internal_count=817 390 427 260 225 197 167 144 129 68 193 61 132
is_linear=0
shrinkage=0.03


Tree=12
num_leaves=14
num_cat=0
split_feature=7 15 15 8 11 22 22 14 22 14 20 16 24
split_gain=1.6096e+06 359305 233593 113484 71509.7 66831.3 64227.7 36470.3 31545 30994.9 22001.5 13089.8 1981.12
threshold=130.62500000000003 2.6800000667572026 0.82499998807907116 200.50000000000003 159.73999786376956 -0.78656998276710499 -0.60355499386787403 65.500000000000014 -0.37940999865531916 62.500000000000007 47.500000000000007 301.50000000000006 0.81174498796463024
decision_type=8 8 10 10 10 2 2 8 2 10 10 8 2
left_child=1 5 4 8 -2 7 -5 -1 -4 -7 -6 -3 -13
right_child=2 11 3 6 10 9 -8 -9 -10 -11 -12 12 -14
leaf_value=-0.11009271445662476 1.2896236752186503 -1.4781759807041712 1.0889905735900847 2.789443485953591 2.8759766060113905 -1.6589270444574027 1.2704035787613919 1.4151437773874826 0.25835924214135636 -0.54498635961413389 4.0801775550842283 -2.3060493136319247 -2.0288425615098737
leaf_weight=43 21 21 59 33 36 29 104 21 136 100 22 165 27
leaf_count=43 21 21 59 33 36 29 104 21 136 100 22 165 27
internal_value=6.92165e-11 -1.33976 1.32346 0.974581 2.78963 -0.402194 1.6363 0.390376 0.509678 -0.795407 3.33274 -2.18929 -2.26707
internal_weight=817 406 411 332 79 193 137 64 195 129 58 213 192
internal_count=817 406 411 332 79 193 137 64 195 129 58 213 192
is_linear=0
shrinkage=0.03


Tree=13
num_leaves=14
num_cat=0
split_feature=11 7 15 17 17 7 9 22 12 22 20 19 12
split_gain=1.51462e+06 369799 155159 154572 50245.2 50065.6 43218.3 38407.6 24311.7 19113.7 14263.1 9414.78 1956.79
threshold=109.50000000000001 170.37500000000003 0.92500001192092907 2.5249999761581425 1.3049999475479128 211.58499908447268 293.71499633789068 -0.60355499386787403 155.50000000000003 -0.78656998276710499 147.50000000000003 991.35000610351574 23.250000000000004
decision_type=8 10 10 8 10 10 10 2 8 2 10 8 10
left_child=3 4 5 9 7 -3 -4 -2 -6 -1 -11 -5 -13
right_child=1 2 6 11 8 -7 -8 -9 -10 10 -12 12 -14
leaf_value=0.090259594023227682 1.2169689107840915 2.0346818048303779 1.1009615418612957 -1.5278124591282434 -0.44581686899285106 3.5804804917086255 2.3483017349243163 0.18074965250564784 0.63392555361208713 -0.5385061951687462 -1.4611548408508301 -2.3835541934967042 -2.1477277181023045
leaf_weight=24 53 33 150 21 102 44 30 82 23 38 25 40 152
leaf_count=24 53 33 150 21 102 44 30 82 23 38 25 40 152
internal_value=-4.06353e-09 0.983959 1.79097 -1.69569 0.186261 2.918 1.30885 0.587562 -0.247144 -0.630182 -0.904637 -2.1309 -2.19686
internal_weight=817 517 257 300 260 77 180 135 125 87 63 213 192
internal_count=817 517 257 300 260 77 180 135 125 87 63 213 192
is_linear=0
shrinkage=0.03


Tree=14
num_leaves=13
num_cat=0
split_feature=7 17 7 7 22 22 18 14 14 17 19 8
split_gain=1.42969e+06 322066 182931 71344.3 57816.1 53579.8 51346.2 38088.7 30501.1 17382.7 8858.36 1840.87
threshold=130.62500000000003 2.5249999761581425 170.37500000000003 322.87500000000006 -0.60355499386787403 -0.78656998276710499 -0.8149999976158141 66.500000000000014 62.500000000000007 -0.97499999403953541 991.35000610351574 25.250000000000004
decision_type=8 8 10 10 2 2 10 10 10 10 8 10
left_child=1 5 4 6 -2 7 -4 -1 -7 -6 -3 -12
right_child=2 10 3 -5 9 8 -8 -9 -10 -11 11 -13
leaf_value=-0.1719049838692584 1.4633484258925591 -1.4819781058175223 0.44405702959407456 2.975691914955775 0.82262313768267625 -1.6159202083519528 1.727083870659166 1.3648865633351461 -0.49191375902018591 -0.082953458375507785 -2.2508766500155133 -2.0589979944229126
leaf_weight=47 37 21 33 36 24 28 188 21 97 93 72 120
leaf_count=47 37 21 33 36 24 28 188 21 97 93 72 120
internal_value=-1.45929e-09 -1.26267 1.24731 1.73724 0.429689 -0.375017 1.5355 0.302692 -0.743691 0.102806 -2.06697 -2.13095
internal_weight=817 406 411 257 154 193 221 68 125 117 213 192
internal_count=817 406 411 257 154 193 221 68 125 117 213 192
is_linear=0
shrinkage=0.03


Tree=15
num_leaves=13
num_cat=0
split_feature=2 17 15 2 11 12 11 17 20 13 19 12
split_gain=1.34738e+06 279834 206622 109942 69335.8 36411.1 34044.7 26812.1 21507.4 21482 8289.27 1835.98
threshold=124.50000000000001 2.5249999761581425 0.82499998807907116 256.50000000000006 159.73999786376956 187.75000000000003 163.58999633789065 0.84499999880790722 47.500000000000007 20.750000000000004 991.35000610351574 23.250000000000004
decision_type=10 8 10 10 10 10 8 10 10 10 8 8
left_child=1 6 4 5 -2 -4 9 -5 -6 -1 -3 -12
right_child=2 10 3 7 8 -7 -8 -9 -10 -11 11 -13
leaf_value=-0.41780380756323854 1.1618170797079801 -1.4375187764848982 0.32202218017259304 2.4582093579769135 2.6274967835843559 1.0152197811455852 0.55072651517802262 1.1129151191711424 3.8180990201776677 -1.4160616275538569 -2.2461042938232421 -2.0178295086879356
leaf_weight=124 24 21 172 40 36 113 29 20 22 23 40 153
leaf_count=124 24 21 172 40 36 113 29 20 22 23 40 153
internal_value=-2.43845e-09 -1.27478 1.16432 0.842592 2.51795 0.596869 -0.388671 2.00978 3.0791 -0.573994 -2.00355 -2.06514
internal_weight=817 390 427 345 82 285 176 60 58 147 214 193
internal_count=817 390 427 345 82 285 176 60 58 147 214 193
is_linear=0
shrinkage=0.03


Tree=16
num_leaves=14
num_cat=0
split_feature=7 17 7 6 9 22 22 14 3 14 17 19 8
split_gain=1.26847e+06 252742 192928 64548.3 77915.7 63775.7 53238.7 37902.4 20613 20441.6 16624.6 7843.51 1701.38
threshold=127.12500000000001 2.5249999761581425 170.37500000000003 125.50000000000001 305.56999206542974 -0.60355499386787403 -0.78656998276710499 66.500000000000014 137.50000000000003 73.500000000000014 0.95499998331069957 991.35000610351574 25.750000000000004
decision_type=8 8 10 8 10 2 2 10 8 10 10 8 10
left_child=1 6 5 -4 -5 8 7 -1 -2 -8 -7 -3 -13
right_child=2 11 3 4 -6 10 9 -9 -10 -11 -12 12 -14
leaf_value=-0.21971153048674266 2.0820114190578463 -1.3943932042803084 2.8759332864934746 1.230513033862636 2.8508234831594654 0.45983715284042631 -1.1443020183673271 1.3238019953455242 0.71996450213156638 -0.28234213719516987 -0.22269860889762638 -2.1130256454761209 -1.9311926189221833
leaf_weight=45 20 21 33 193 31 52 65 21 20 40 84 78 114
leaf_count=45 20 21 33 193 31 52 65 21 20 40 84 78 114
internal_value=-8.00094e-10 -1.25525 1.1132 1.63724 1.45475 0.347979 -0.39626 0.271406 1.40099 -0.815936 0.0382709 -1.94486 -2.00506
internal_weight=817 384 433 257 224 176 171 66 40 105 136 213 192
internal_count=817 384 433 257 224 176 171 66 40 105 136 213 192
is_linear=0
shrinkage=0.03


Tree=17
num_leaves=14
num_cat=0
split_feature=2 17 15 2 11 22 21 5 17 20 11 19 24
split_gain=1.19521e+06 247012 188513 98021.1 62694.9 52994.1 43299.5 37832.9 33314.2 20540.6 15777.2 7343.91 1701.04
threshold=124.50000000000001 2.5249999761581425 0.82499998807907116 256.50000000000006 159.73999786376956 -0.78656998276710499 0.60355499386787426 219.50000000000003 1.7549999952316286 47.500000000000007 132.90000152587893 991.35000610351574 0.81174498796463024
decision_type=10 8 10 10 10 2 2 8 10 10 10 8 2
left_child=1 6 4 5 -2 -4 8 -5 -1 -6 -8 -3 -13
right_child=2 11 3 7 9 -7 10 -9 -10 -11 -12 12 -14
leaf_value=0.50124449539929627 1.1000018003582954 -1.3525614139011928 1.5277582269629766 2.4240710746049881 2.4818206119537356 0.38483927905405602 -1.5340474681854248 0.82603437638282773 -0.49683288163998551 3.6453542577136644 -0.50207877993583683 -1.9792305551092308 -1.7224743715922037
leaf_weight=54 24 21 43 40 36 242 30 20 68 22 24 166 27
leaf_count=54 24 21 43 40 36 242 30 20 68 22 24 166 27
internal_value=1.06971e-09 -1.20065 1.09661 0.789299 2.38955 0.55728 -0.368118 1.89139 -0.0550609 2.92316 -1.07539 -1.88534 -1.94331
internal_weight=817 390 427 345 82 285 176 60 122 58 54 214 193
internal_count=817 390 427 345 82 285 176 60 122 58 54 214 193
is_linear=0
shrinkage=0.03


Tree=18
num_leaves=14
num_cat=0
split_feature=2 17 2 5 22 17 5 21 5 5 6 19 12
split_gain=1.12458e+06 232414 154796 100217 51462.1 42478.6 58133.1 40740.5 32607.1 14029.6 12895.7 6909.89 1667.12
threshold=124.50000000000001 2.5249999761581425 202.50000000000003 259.50000000000006 -0.60355499386787403 0.66999998688697826 219.50000000000003 0.60355499386787426 187.50000000000003 175.50000000000003 117.50000000000001 991.35000610351574 23.250000000000004
decision_type=10 8 10 10 2 10 10 2 8 10 10 8 8
left_child=1 7 3 4 -2 6 -4 8 -1 -7 -9 -3 -13
right_child=2 11 5 -5 -6 9 -8 10 -10 -11 -12 12 -14
leaf_value=-0.2705854225772269 1.1810019526547855 -1.3119845826285226 2.6215568691492082 2.0992790032114299 0.11866762261886737 0.59274186338369661 1.1834335972712589 -1.473578830916306 1.0541901024095715 1.5448581433296202 -0.54381557979583739 -2.0574535646438599 -1.8399291973488003
leaf_weight=102 54 21 72 35 171 26 39 29 20 30 25 40 153
leaf_count=102 54 21 72 35 171 26 39 29 20 30 25 40 153
internal_value=-1.24566e-09 -1.16463 1.06371 0.605927 0.373628 1.77643 2.11627 -0.357074 -0.0534091 1.1028 -1.04313 -1.82878 -1.88501
internal_weight=817 390 427 260 225 167 111 176 122 56 54 214 193
internal_count=817 390 427 260 225 167 111 176 122 56 54 214 193
is_linear=0
shrinkage=0.03


Tree=19
num_leaves=14
num_cat=0
split_feature=11 8 15 17 20 9 22 22 5 17 15 11 24
split_gain=1.05819e+06 242083 123393 104450 48618.4 42737.6 38961.4 29366.1 24869.3 16047.6 6493.85 3217.35 1625.85
threshold=109.50000000000001 169.25000000000003 0.82499998807907116 2.5249999761581425 77.500000000000014 293.71499633789068 0.60355499386787426 -0.91597998142242421 160.50000000000003 1.794999957084656 3.2150000333786015 78.880001068115249 0.81174498796463024
decision_type=8 10 10 8 10 10 2 2 8 10 8 10 2
left_child=3 4 8 9 6 -4 -2 -6 -3 -1 -5 -11 -12
right_child=1 2 5 10 7 -7 -8 -9 -10 11 12 -13 -14
leaf_value=-0.032764094095019729 2.0698445613384249 1.6981091269254682 0.88210623003744104 -1.2870243475653906 0.78056663711865737 2.0850137588381767 0.25936393018002096 -0.15718110258107656 2.9611754437710376 -1.1347561535627946 -1.8668336408894237 -0.66314550450444221 -1.6156022686428493
leaf_weight=34 20 20 157 22 36 32 23 182 47 23 164 30 27
leaf_count=34 20 20 157 22 36 32 23 182 47 23 164 30 27
internal_value=-3.90465e-09 0.822445 1.47792 -1.41735 0.179524 1.08577 1.10145 -0.00232368 2.58414 -0.541468 -1.7751 -0.867807 -1.83132
internal_weight=817 517 256 300 261 189 43 218 67 87 213 53 191
internal_count=817 517 256 300 261 189 43 218 67 87 213 53 191
is_linear=0
shrinkage=0.03


Tree=20
num_leaves=14
num_cat=0
split_feature=7 15 15 2 11 22 22 21 14 14 14 20 24
split_gain=1.00499e+06 219063 156930 77559.4 49226 45468.8 43416.8 35814.1 28384.8 22340.5 19680.3 10276.1 1586.96
threshold=130.62500000000003 2.6550000905990605 0.82499998807907116 244.00000000000003 159.73999786376956 -0.78656998276710499 -0.78656998276710499 -0.78656998276710499 66.500000000000014 73.500000000000014 86.500000000000014 852.50000000000011 1.0000000180025095e-35
decision_type=8 8 10 10 10 2 2 2 10 10 10 8 2
left_child=1 5 4 6 -2 8 -4 -5 -1 -7 -6 -3 -13
right_child=2 11 3 7 10 9 -8 -9 -10 -11 -12 12 -14
leaf_value=-0.10698893530028207 1.0029539551053728 -1.0816659961427959 1.4560813753421489 0.84043901390499542 3.3558483693003653 -1.0072988430831742 0.37253928498820388 2.2618059473771313 1.2438388734204426 -0.20851202103341449 2.2338155932987438 -1.8643929204073819 -1.6932070684432983
leaf_weight=42 21 21 39 27 24 69 227 39 21 58 34 99 96
leaf_count=42 21 21 39 27 24 69 227 39 21 58 34 99 96
internal_value=9.82916e-10 -1.05864 1.04576 0.759807 2.2475 -0.315633 0.531404 1.68034 0.343287 -0.642499 2.69811 -1.71221 -1.78012
internal_weight=817 406 411 332 79 190 266 66 63 127 58 216 195
internal_count=817 406 411 332 79 190 266 66 63 127 58 216 195
is_linear=0
shrinkage=0.03


Tree=21
num_leaves=13
num_cat=0
split_feature=7 17 7 6 4 22 22 14 14 17 12 8
split_gain=945593 206507 124200 51446.5 63524.1 44843 40328.6 29491.4 23145.4 15230.1 5735.58 1496.5
threshold=130.62500000000003 2.5249999761581425 170.37500000000003 125.50000000000001 348.00000000000006 -0.60355499386787403 -0.78656998276710499 66.500000000000014 62.500000000000007 -0.97499999403953541 71.500000000000014 25.750000000000004
decision_type=8 8 10 8 10 2 2 10 10 10 10 10
left_child=1 6 5 -4 -5 -2 7 -1 -8 -7 11 -3
right_child=2 10 3 4 -6 9 8 -9 -10 -11 -12 -13
leaf_value=-0.14575096186805278 1.2510192580480832 -1.8224704654400166 2.5239446561986751 1.0926785572717344 2.825910906791687 0.72657959461212152 -1.3957611015864779 1.2065237226017882 -0.41662413680061849 -0.12107432375031132 -1.1873259015083313 -1.6522382344784943
leaf_weight=47 37 78 33 203 21 24 28 21 97 93 20 115
leaf_count=47 37 78 33 203 21 24 28 21 97 93 20 115
internal_value=1.05603e-10 -1.02688 1.01439 1.41809 1.25517 0.340686 -0.316099 0.271863 -0.635951 0.0528034 -1.67092 -1.72104
internal_weight=817 406 411 257 224 154 193 68 125 117 213 193
internal_count=817 406 411 257 224 154 193 68 125 117 213 193
is_linear=0
shrinkage=0.03


Tree=22
num_leaves=14
num_cat=0
split_feature=7 15 15 2 22 11 22 21 14 20 14 20 24
split_gain=890154 175665 155522 76335.9 46752 44912.5 42255.2 32792.1 27011.6 19222.5 14781.9 7161.11 1527.85
threshold=127.12500000000001 2.6550000905990605 0.82499998807907116 244.00000000000003 -0.60355499386787403 159.73999786376956 -0.78656998276710499 -0.78656998276710499 66.500000000000014 47.500000000000007 73.500000000000014 820.00000000000011 0.81174498796463024
decision_type=8 8 10 10 2 10 2 2 10 10 10 8 2
left_child=1 6 5 4 -4 -2 8 -5 -1 -7 -8 -3 -13
right_child=2 11 3 7 -6 9 10 -9 -10 -11 -12 12 -14
leaf_value=-0.15276649717150664 0.94731291115283967 -1.0797889108657837 1.1681417873455211 0.78051967779795328 0.2487441048052694 2.1395464164018629 -0.97233826751892372 2.1405966106744914 1.1703279951640537 3.2651290333271024 -0.25023930451699661 -1.7095248750277927 -1.4663925488789877
leaf_weight=41 21 20 64 27 224 36 65 39 21 22 42 168 27
leaf_count=41 21 20 64 27 224 36 65 39 21 22 42 168 27
internal_value=1.3898e-09 -1.05153 0.932534 0.663946 0.453055 2.13608 -0.327802 1.5842 0.295378 2.56649 -0.688898 -1.62041 -1.67586
internal_weight=817 384 433 354 288 79 169 66 62 58 107 215 195
internal_count=817 384 433 354 288 79 169 66 62 58 107 215 195
is_linear=0
shrinkage=0.03


Tree=23
num_leaves=14
num_cat=0
split_feature=7 17 15 8 22 5 22 20 14 15 14 11 24
split_gain=838260 182713 135558 63526.5 50195.8 43684.6 35975.5 27441.3 26033.6 24751.2 21020 5002.23 1373.14
threshold=130.62500000000003 2.5249999761581425 0.82499998807907116 200.50000000000003 -0.60355499386787403 137.50000000000003 -0.78656998276710499 82.500000000000014 66.500000000000014 0.61000001430511486 62.500000000000007 73.56000137329103 0.81174498796463024
decision_type=8 8 10 10 2 8 2 10 10 10 10 10 2
left_child=1 6 5 7 -5 -2 8 -4 -1 -7 -8 12 -3
right_child=2 11 3 4 -6 9 10 -9 -10 -11 -12 -13 -14
leaf_value=-0.13531091159169978 0.86032907952368254 -1.6531842174530029 0.96427303485572324 2.203829581629146 0.86093557631740203 2.0089188294797329 -1.3244467428752353 0.13811762060875035 1.1352181564058577 3.2795909066904674 -0.39134822815963899 -1.133053090231759 -1.4224007606506348
leaf_weight=47 20 165 48 33 104 37 28 147 21 22 97 21 27
leaf_count=47 20 165 48 33 104 37 28 147 21 22 97 21 27
internal_value=5.59717e-10 -0.966846 0.955084 0.689313 1.18441 2.07199 -0.298266 0.341479 0.257058 2.48273 -0.600362 -1.57265 -1.62073
internal_weight=817 406 411 332 137 79 193 195 68 59 125 213 192
internal_count=817 406 411 332 137 79 193 195 68 59 125 213 192
is_linear=0
shrinkage=0.03


Tree=24
num_leaves=14
num_cat=0
split_feature=2 17 15 2 7 5 21 21 5 5 14 15 22
split_gain=792009 158318 131084 67892.9 45131.9 43859.2 31915.9 30133.6 27047.5 19118.1 8798.16 4445.65 1344.79
threshold=124.50000000000001 2.5249999761581425 0.82499998807907116 244.00000000000003 211.58499908447268 271.50000000000006 0.60355499386787426 -0.78656998276710499 181.50000000000003 146.50000000000003 62.500000000000007 3.2150000333786015 0.91597998142242443
decision_type=10 8 10 10 10 8 2 2 8 8 10 8 2
left_child=1 6 4 5 9 -4 8 -5 -1 -2 -8 -3 -13
right_child=2 11 3 7 -6 -7 10 -9 -10 -11 -12 12 -14
leaf_value=-0.2457691453116955 0.71068558604820919 -1.1314846814197042 0.23484727303255093 0.7312760234210226 2.7098610408489519 1.1503423254564404 -1.3010172282324897 2.0350556915539961 0.93753012378300937 1.9789194248914717 -0.53515545527140296 -1.602422868183681 -1.3578284006533414
leaf_weight=101 23 23 219 27 39 60 27 39 21 20 27 168 23
leaf_count=101 23 23 219 27 39 60 27 39 21 20 27 168 23
internal_value=-2.17827e-09 -0.977365 0.892676 0.636417 1.97084 0.431728 -0.310859 1.50169 -0.0420865 1.30056 -0.918086 -1.52552 -1.57297
internal_weight=817 390 427 345 82 279 176 66 122 43 54 214 191
internal_count=817 390 427 345 82 279 176 66 122 43 54 214 191
is_linear=0
shrinkage=0.03


Tree=25
num_leaves=13
num_cat=0
split_feature=2 15 15 22 7 7 7 5 21 5 16 24
split_gain=745201 149110 123337 63960 50137.4 42464.6 30726.3 28853.6 18717.3 17988.3 7397.53 1567.35
threshold=124.50000000000001 2.6550000905990605 0.82499998807907116 -0.60355499386787403 154.37500000000003 211.58499908447268 201.12500000000003 197.00000000000003 0.78656998276710521 146.50000000000003 301.50000000000006 1.0000000180025095e-35
decision_type=10 8 10 2 10 10 10 8 2 8 8 2
left_child=1 7 5 6 -5 9 -4 8 -1 -2 -3 -12
right_child=2 10 3 4 -6 -7 -8 -9 -10 -11 11 -13
leaf_value=-0.26691705107496216 0.68936502612155404 -0.99419564283811135 0.88949519086391371 -0.18483646291820857 0.68723601444613902 2.6285652175316443 2.106224750472653 0.67725489616394041 -1.0864563971757888 1.9195518003702163 -1.6191170325875281 -1.4476884913444519
leaf_weight=116 23 26 47 89 178 39 31 24 32 20 96 96
leaf_count=116 23 26 47 89 178 39 31 24 32 20 96 96
internal_value=-5.37044e-10 -0.948044 0.865895 0.617324 0.396545 1.91171 1.37307 -0.287645 -0.444115 1.26154 -1.46909 -1.5334
internal_weight=817 390 427 345 267 82 78 172 148 43 218 192
internal_count=817 390 427 345 267 82 78 172 148 43 218 192
is_linear=0
shrinkage=0.03


Tree=26
num_leaves=14
num_cat=0
split_feature=7 15 15 11 22 7 22 20 14 19 14 20 24
split_gain=700581 137431 121527 50927.3 49592.6 46769.1 35239.6 34422.5 23409.3 17039.2 12730.8 5652.86 1380.1
threshold=127.12500000000001 2.6550000905990605 1.0349999666213991 159.73999786376956 -0.60355499386787403 154.37500000000003 -0.78656998276710499 152.50000000000003 66.500000000000014 994.04998779296886 73.500000000000014 820.00000000000011 1.0000000180025095e-35
decision_type=8 8 10 10 2 8 2 10 10 10 10 8 2
left_child=1 6 3 -2 7 -6 8 -4 -1 -5 -8 -3 -13
right_child=2 11 4 9 5 -7 10 -9 -10 -11 -12 12 -14
leaf_value=-0.14081723582817285 0.71979162425608245 -0.95571273136138912 2.0985235543892933 1.814969167257509 -0.25746958741402048 0.61559313206374644 -0.88552577481590777 0.69636268186569217 1.0908970403671263 2.8219968881607054 -0.21539558342524937 -1.5638975784995339 -1.4042578296363355
leaf_weight=41 37 20 26 62 83 165 65 40 21 20 42 99 96
leaf_count=41 37 20 26 62 83 165 65 40 21 20 42 99 96
internal_value=2.10851e-09 -0.932863 0.827296 1.6437 0.517895 0.323399 -0.292725 1.24873 0.276376 2.06059 -0.622484 -1.43604 -1.48531
internal_weight=817 384 433 119 314 248 169 66 62 82 107 215 195
internal_count=817 384 433 119 314 248 169 66 62 82 107 215 195
is_linear=0
shrinkage=0.03


Tree=27
num_leaves=14
num_cat=0
split_feature=2 15 15 2 7 22 21 21 15 20 11 20 22
split_gain=661238 131745 110248 60804.9 38391.2 36222.1 26999.7 26103.5 22565.3 13315.9 10166.3 6893.55 1326.36
threshold=124.50000000000001 2.6550000905990605 0.82499998807907116 244.00000000000003 211.58499908447268 -0.60355499386787403 -0.78656998276710499 0.60355499386787426 1.8550000190734866 47.500000000000007 129.09999847412112 852.50000000000011 0.91597998142242443
decision_type=10 8 10 10 10 2 2 2 10 10 10 8 2
left_child=1 7 4 5 9 -4 -5 8 -1 -2 -9 -3 -13
right_child=2 11 3 6 -6 -7 -8 10 -10 -11 -12 12 -14
leaf_value=0.49477499212907705 0.69393653445917625 -0.89159798321516615 1.019875462197122 0.67025286952654517 2.4860313312823954 0.20232750991980233 1.9043765732875235 -1.2040535994233756 -0.35357523350274722 1.7523655196428298 -0.36934406340122222 -1.4693576513196147 -1.2267850318162337
leaf_weight=46 23 23 63 27 39 216 39 29 73 20 24 172 23
leaf_count=46 23 23 63 27 39 216 39 29 73 20 24 172 23
internal_value=3.69228e-09 -0.89304 0.815657 0.580645 1.80443 0.386935 1.39951 -0.272286 -0.0256415 1.18623 -0.826072 -1.38281 -1.44075
internal_weight=817 390 427 345 82 279 66 172 119 43 53 218 195
internal_count=817 390 427 345 82 279 66 172 119 43 53 218 195
is_linear=0
shrinkage=0.03


Tree=28
num_leaves=15
num_cat=0
split_feature=2 17 17 2 5 5 11 21 5 6 10 11 19 12
split_gain=622159 124431 98575.3 59909.5 71364.9 65072.5 33762.8 26443.1 23443.4 16454.4 11325.2 10352.6 3785.55 1255.66
threshold=124.50000000000001 2.5249999761581425 1.0049999952316286 238.50000000000003 259.50000000000006 195.50000000000003 175.76999664306643 0.60355499386787426 181.50000000000003 204.50000000000003 129.50000000000003 132.90000152587893 991.35000610351574 23.250000000000004
decision_type=10 8 10 10 8 10 10 2 8 8 10 10 8 10
left_child=1 7 3 4 -2 -5 10 8 -1 -8 -4 -9 -3 -14
right_child=2 12 6 5 -6 -7 9 11 -10 -11 -12 -13 13 -15
leaf_value=-0.22034341467968602 0.52001420148648314 -0.96969669614519394 0.44034789090806786 2.6421182836805071 1.8557250538468362 0.90395228226979563 1.3786560179876246 -1.1996114654541015 0.8813002354758126 0.36200563413728226 -0.33492076046664165 -0.36366765096783638 -1.5411675132193214 -1.3540899525112227
leaf_weight=101 144 21 22 42 48 36 23 30 21 38 74 24 41 152
leaf_count=101 144 21 22 42 48 36 23 30 21 38 74 24 41 152
internal_value=-1.78198e-09 -0.866249 0.791187 1.13877 0.853942 1.83989 0.193432 -0.275362 -0.0307162 0.745333 -0.157255 -0.828081 -1.35221 -1.39383
internal_weight=817 390 427 270 192 78 157 176 122 61 96 54 214 193
internal_count=817 390 427 270 192 78 157 176 122 61 96 54 214 193
is_linear=0
shrinkage=0.03


Tree=29
num_leaves=14
num_cat=0
split_feature=7 11 15 2 7 5 22 5 14 20 5 14 8
split_gain=586105 127674 97760.1 50517.7 32551 32039.6 30180.4 26387.9 19601.7 16011.3 15188.5 4277.31 1287.43
threshold=130.62500000000003 78.880001068115249 0.82499998807907116 244.00000000000003 211.58499908447268 259.50000000000006 -0.78656998276710499 219.50000000000003 66.500000000000014 137.50000000000003 146.50000000000003 45.500000000000007 24.750000000000004
decision_type=8 10 10 10 10 8 2 8 10 10 8 10 10
left_child=1 11 4 5 10 -4 8 -5 -3 -8 -2 12 -1
right_child=2 6 3 7 -6 -7 9 -9 -10 -11 -12 -13 -14
leaf_value=-1.4571448265955997 0.56123111289739602 -0.072614007402550085 0.20516944694768618 1.7545581382928892 2.363837446799645 0.97960895741269705 -0.1185364985016157 0.49564058066710182 1.0413953978674753 -0.80973043503080089 1.7304033919572828 -0.91556395738021179 -1.2936244833882038
leaf_weight=65 20 44 203 43 39 63 53 23 21 70 20 23 130
leaf_count=65 20 44 203 43 39 63 53 23 21 70 20 23 130
internal_value=5.37864e-10 -0.808455 0.79862 0.572923 1.74712 0.388589 -0.235581 1.31584 0.287297 -0.511899 1.14582 -1.30249 -1.34813
internal_weight=817 406 411 332 79 266 188 66 65 123 40 218 195
internal_count=817 406 411 332 79 266 188 66 65 123 40 218 195
is_linear=0
shrinkage=0.03


Tree=30
num_leaves=14
num_cat=0
split_feature=2 15 15 7 22 16 19 5 15 21 8 20 22
split_gain=552110 110543 95829.8 57421.5 39936.7 37777.7 29354 23375 20390.8 14356 7543.41 5570.71 1266.24
threshold=124.50000000000001 2.6550000905990605 1.1749999523162844 173.37500000000003 -0.60355499386787403 110.50000000000001 991.54998779296886 197.00000000000003 1.9249999523162844 0.78656998276710521 146.25000000000003 852.50000000000011 0.91597998142242443
decision_type=10 8 10 10 2 10 10 8 10 2 10 8 2
left_child=1 7 3 10 8 -6 -5 9 -4 -1 -2 -3 -13
right_child=2 11 4 6 5 -7 -8 -9 -10 -11 -12 12 -14
leaf_value=-0.23306049924472283 0.80337951672077168 -0.8230865198632944 1.5435039117529585 0.94251606310567548 1.1897106735873968 0.0755092035726595 2.0358197705157393 0.62106340661644932 0.35456251922249793 -0.95079623406752944 -0.020578311771154403 -1.3446965347958166 -1.1076851337370666
leaf_weight=116 20 23 37 31 32 190 77 24 20 32 20 172 23
leaf_count=116 20 23 37 31 32 190 77 24 20 32 20 172 23
internal_value=2.54155e-09 -0.816027 0.745317 1.36238 0.417987 0.236115 1.722 -0.247413 1.12633 -0.388247 0.391401 -1.26466 -1.31674
internal_weight=817 390 427 148 279 222 108 172 57 148 40 218 195
internal_count=817 390 427 148 279 222 108 172 57 148 40 218 195
is_linear=0
shrinkage=0.03


Tree=31
num_leaves=13
num_cat=0
split_feature=7 17 15 16 5 5 6 4 21 7 21 10
split_gain=521373 176814 76132.3 38696.9 38219.2 29020.4 25858.6 24958.1 16783.9 2681.39 1445.83 1042.58
threshold=155.87500000000003 2.5249999761581425 1.1749999523162844 114.50000000000001 259.50000000000006 134.50000000000003 104.50000000000001 195.50000000000003 0.78656998276710521 39.625000000000007 0.78656998276710521 31.500000000000004
decision_type=10 8 10 10 8 8 10 10 2 10 2 8
left_child=1 4 5 -4 6 -2 -1 -7 -5 11 -11 -3
right_child=2 9 3 8 -6 7 -8 -9 -10 10 -12 -13
leaf_value=-0.62815745749256824 0.55840158426761632 -1.2692828687124473 1.5315932498258702 0.55485403593834925 1.1244632407597133 2.3983958314015315 -0.0066187440342616033 1.4099272160870688 -0.281759735254141 -0.95893430764858545 -1.2630938712033357 -1.4809588256835937
leaf_weight=88 20 129 34 127 21 39 191 56 26 39 22 25
leaf_count=88 20 129 34 127 21 39 191 56 26 39 22 25
internal_value=1.18461e-09 -0.580342 0.989657 0.616122 -0.109761 1.59706 -0.20266 1.81572 0.412684 -1.23697 -1.06863 -1.30365
internal_weight=817 515 302 187 300 115 279 95 153 215 61 154
internal_count=817 515 302 187 300 115 279 95 153 215 61 154
is_linear=0
shrinkage=0.03


Tree=32
num_leaves=13
num_cat=0
split_feature=7 17 15 6 22 4 2 14 12 4 19 24
split_gain=490560 166364 71905 67915.8 39825.6 37556.9 29819.8 23007.6 21624.7 13520.5 2621.47 1199.48
threshold=155.87500000000003 2.5249999761581425 1.7050000429153445 124.50000000000001 -0.78656998276710499 350.00000000000006 77.500000000000014 68.500000000000014 178.75000000000003 186.50000000000003 991.35000610351574 0.81174498796463024
decision_type=10 8 10 8 2 8 10 10 10 8 8 2
left_child=1 4 3 -2 6 -5 -1 -6 -4 -10 -3 -12
right_child=2 10 8 5 7 -7 -8 -9 9 -11 11 -13
leaf_value=-0.33120477414131161 2.5822621202468872 -0.88958653742616822 -0.35092555119710811 0.89175546296535091 -0.81396214036691572 2.2692281200289726 0.83731335195663725 -0.12758624993758089 1.2100089318411691 0.24184410878388646 -1.2653885109991911 -1.0497825031810337
leaf_weight=30 30 22 34 163 62 20 57 151 21 34 166 27
leaf_count=30 30 22 34 163 62 20 57 151 21 34 166 27
internal_value=2.63989e-09 -0.562932 0.959967 1.2592 -0.106468 1.0423 0.434376 -0.327376 0.243836 0.611507 -1.19986 -1.23523
internal_weight=817 515 302 213 300 183 87 213 89 55 215 193
internal_count=817 515 302 213 300 183 87 213 89 55 215 193
is_linear=0
shrinkage=0.03


Tree=33
num_leaves=15
num_cat=0
split_feature=17 2 7 15 14 21 14 15 23 11 20 22 10 5
split_gain=463286 99785 86332.5 44072.2 36091.5 26544.4 27455.7 22749.3 18693.6 14890.3 12890.5 4835.58 2998.89 1929.28
threshold=1.7549999952316286 166.50000000000003 102.62500000000001 0.82499998807907116 67.500000000000014 0.60355499386787426 83.500000000000014 0.61000001430511486 -1.0000000180025095e-35 154.31999969482425 820.00000000000011 -0.78656998276710499 125.50000000000001 155.50000000000003
decision_type=8 10 8 10 10 2 10 10 2 8 8 2 10 10
left_child=1 5 10 7 -5 6 -1 -3 -7 12 11 -2 -4 -11
right_child=2 3 9 4 -6 8 -8 -9 -10 13 -12 -13 -14 -15
leaf_value=0.79571892490323914 -0.33185561692714688 1.340586155316104 -0.15622860105200245 -0.34937773602349415 0.98191844059775268 0.35192329348325729 -0.025813207088605218 2.5135093233802102 -0.67537336522713298 0.16241485100984573 -1.2034665506252875 -0.88707496188580992 -0.57066137400269501 0.56953033585440027
leaf_weight=78 20 46 33 21 144 25 69 22 44 20 195 48 30 22
leaf_count=78 20 46 33 21 144 25 69 22 44 20 195 48 30 22
internal_value=2.25474e-09 0.646749 -0.789104 1.07735 0.812481 0.182253 0.410102 1.72006 -0.303164 -0.0618802 -1.07944 -0.723775 -0.353578 0.375666
internal_weight=817 449 368 233 165 216 147 68 69 105 263 68 63 42
internal_count=817 449 368 233 165 216 147 68 69 105 263 68 63 42
is_linear=0
shrinkage=0.03


Tree=34
num_leaves=15
num_cat=0
split_feature=7 11 15 22 20 7 5 5 10 22 20 20 2 9
split_gain=437780 83385.7 81850.3 38352.1 39417.7 34525.1 44855.4 39510.6 33036.1 25027.8 18327 12167.2 2671.61 1328.72
threshold=127.12500000000001 78.880001068115249 1.0349999666213991 -0.37940999865531916 172.50000000000003 211.58499908447268 208.50000000000003 210.50000000000003 158.50000000000003 -0.78656998276710499 237.50000000000003 137.50000000000003 32.500000000000007 30.835000038146976
decision_type=8 10 10 2 10 10 8 8 8 2 10 10 10 10
left_child=1 12 5 4 -4 6 -2 -7 -5 10 -3 -11 13 -1
right_child=2 9 3 8 -6 7 -8 -9 -10 11 -12 -13 -14 -15
leaf_value=-1.1653953036936846 0.33283815278609591 0.91497575562933209 1.5934748128056524 -0.24746031005097471 0.3410119431845996 2.5069896942026473 2.0403509101867674 0.82655864810943602 0.49425684184973478 -0.074081333759095286 -0.14780354453623296 -0.75790982824652942 -0.99307980050874312 -1.4207932662963867
leaf_weight=110 45 23 42 92 49 34 20 20 131 36 40 67 86 22
leaf_count=110 45 23 42 92 49 34 20 20 131 36 40 67 86 22
internal_value=-1.54553e-09 -0.737423 0.653973 0.400054 0.919072 1.32398 0.858227 1.88461 0.188257 -0.230811 0.240195 -0.518902 -1.12319 -1.20796
internal_weight=817 384 433 314 91 119 65 54 223 166 63 103 218 132
internal_count=817 384 433 314 91 119 65 54 223 166 63 103 218 132
is_linear=0
shrinkage=0.03


Tree=35
num_leaves=14
num_cat=0
split_feature=15 7 11 6 4 22 14 12 6 14 19 4 24
split_gain=415490 115838 92389.5 58066.1 43932.3 29858.8 44177.9 17009.5 15447.6 9789.03 7304.29 2091.97 1240.53
threshold=1.8849999904632571 155.87500000000003 95.239997863769545 124.50000000000001 355.50000000000006 -0.60355499386787403 70.500000000000014 178.75000000000003 94.500000000000014 68.500000000000014 991.35000610351574 62.500000000000007 1.0000000180025095e-35
decision_type=8 8 8 8 8 2 10 8 10 10 8 10 2
left_child=1 5 10 -3 -5 6 -1 8 -4 -7 11 -2 -12
right_child=2 3 7 4 -6 9 -8 -9 -10 -11 12 -13 -14
leaf_value=-0.022561491053355368 -0.48561316604912286 2.2331026742388218 -0.93514289177381071 0.75065311464824169 2.166750820333307 -0.83696409112215042 1.6666971406069668 0.440304220601132 -0.1059844016889622 -0.1016945607215166 -1.2025505622227985 -0.87915236696120225 -1.0519843687694901
leaf_weight=38 20 34 26 190 22 20 22 38 91 88 99 31 98
leaf_count=38 20 34 26 190 22 20 22 38 91 88 99 31 98
internal_value=2.65458e-09 0.667487 -0.685706 1.08219 0.897607 0.0602476 0.596833 -0.11114 -0.290242 -0.237856 -1.04481 -0.724823 -1.12765
internal_weight=817 414 403 246 212 168 60 155 117 108 248 51 197
internal_count=817 414 403 246 212 168 60 155 117 108 248 51 197
is_linear=0
shrinkage=0.03


Tree=36
num_leaves=15
num_cat=0
split_feature=15 7 11 6 4 22 14 5 6 14 19 4 22 22
split_gain=390935 109032 86929.3 54465.4 44061.4 27698.2 41567 15622.2 15298.7 9415.5 6872.61 5099.77 2022.22 1150.01
threshold=1.8849999904632571 155.87500000000003 95.239997863769545 124.50000000000001 355.50000000000006 -0.60355499386787403 70.500000000000014 176.50000000000003 104.50000000000001 68.500000000000014 991.35000610351574 157.50000000000003 -0.60355499386787403 0.91597998142242443
decision_type=8 10 8 8 8 2 8 8 10 10 8 10 2 2
left_child=1 5 10 -3 -5 6 -1 8 -4 -7 12 -9 -2 -12
right_child=2 3 7 4 -6 9 -8 11 -10 -11 13 -13 -14 -15
leaf_value=-0.021884644972650628 -0.46789005111157889 2.1661095871294247 -1.055248123577663 0.72813351780568292 2.1762558787209647 -0.81185517371445892 1.61669621294195 -0.03393577351570129 -0.14175161538766576 -0.091500651541720601 -1.1201730438861353 0.53792331995442511 -0.8548131064445742 -0.89445456877998675
leaf_weight=38 20 34 21 190 21 20 22 25 77 89 174 32 31 23
leaf_count=38 20 34 21 190 21 20 22 25 77 89 174 32 31 23
internal_value=1.70552e-09 0.647463 -0.665135 1.05181 0.872259 0.0612724 0.578928 -0.107806 -0.337501 -0.223676 -1.01347 0.287108 -0.703079 -1.09382
internal_weight=817 414 403 245 211 169 60 155 98 109 248 57 51 197
internal_count=817 414 403 245 211 169 60 155 98 109 248 57 51 197
is_linear=0
shrinkage=0.03


Tree=37
num_leaves=14
num_cat=0
split_feature=15 7 11 6 9 22 14 12 6 14 19 22 24
split_gain=367830 102591 81791.8 51448.4 36649.3 26445.5 39110.4 15346.8 13787.7 8660.79 6470.22 1702.62 1266.35
threshold=1.8849999904632571 155.87500000000003 95.239997863769545 125.50000000000001 293.71499633789068 -0.60355499386787403 70.500000000000014 178.75000000000003 94.500000000000014 68.500000000000014 990.54998779296886 -0.60355499386787403 1.0000000180025095e-35
decision_type=8 8 8 8 10 2 10 8 10 10 8 2 2
left_child=1 5 10 -3 -5 6 -1 8 -4 -7 11 -2 -12
right_child=2 3 7 4 -6 9 -8 -9 -10 -11 12 -13 -14
leaf_value=-0.021228106649298414 -0.45385335016250605 2.0661543580392996 -0.88396271247130176 0.66143667733669276 1.724871196797916 -0.78749951264262197 1.568195345618508 0.41922817880385799 -0.10061841382757647 -0.095898706958713845 -1.1305599306611454 -0.82203057839320248 -0.98032408919334413
leaf_weight=38 20 36 26 175 35 20 22 38 91 88 102 26 100
leaf_count=38 20 36 26 175 35 20 22 38 91 88 102 26 100
internal_value=1.37175e-09 0.628039 -0.645181 1.01831 0.838676 0.0565747 0.56156 -0.104572 -0.274695 -0.223973 -0.983062 -0.661954 -1.05619
internal_weight=817 414 403 246 210 168 60 155 117 108 248 46 202
internal_count=817 414 403 246 210 168 60 155 117 108 248 46 202
is_linear=0
shrinkage=0.03


Tree=38
num_leaves=15
num_cat=0
split_feature=15 7 11 6 4 22 20 5 6 19 19 4 4 24
split_gain=346092 96533.1 76957.9 48313 40639.5 24523.2 32588.8 14201.4 13596.4 6109.32 5506.37 4763.86 1884.81 1095.1
threshold=1.8849999904632571 155.87500000000003 95.239997863769545 124.50000000000001 355.50000000000006 -0.60355499386787403 237.50000000000003 176.50000000000003 104.50000000000001 991.35000610351574 993.45001220703136 157.50000000000003 62.500000000000007 1.0000000180025095e-35
decision_type=8 10 8 8 8 2 10 8 10 8 10 10 10 2
left_child=1 5 9 -3 -5 6 -1 8 -4 12 -7 -9 -2 -11
right_child=2 3 7 4 -6 10 -8 11 -10 13 -12 -13 -14 -15
leaf_value=1.2209494986072662 -0.43386846703290938 2.0391416853315687 -0.99707178660801477 0.68214086249000139 2.0728947707584924 -0.36022755286567015 -0.17815911399907078 -0.035197294878959659 -0.13589828435089682 -1.0997044619646941 0.09314440765728553 0.51750724747544152 -0.80741490587111431 -0.95823910263119916
leaf_weight=31 20 34 21 190 21 73 29 25 77 99 36 32 31 98
leaf_count=31 20 34 21 190 21 73 29 25 77 99 36 32 31 98
internal_value=-2.75881e-09 0.609198 -0.625826 0.989667 0.820557 0.0576296 0.544714 -0.101435 -0.320435 -0.95357 -0.21049 0.275093 -0.660926 -1.02933
internal_weight=817 414 403 245 211 169 60 155 98 248 109 57 51 197
internal_count=817 414 403 245 211 169 60 155 98 248 109 57 51 197
is_linear=0
shrinkage=0.03


Tree=39
num_leaves=14
num_cat=0
split_feature=15 7 11 6 4 22 14 6 14 22 19 4 22
split_gain=325638 90876.3 72409.7 45649.1 36388.4 23427.5 35709.4 10908.7 8054.59 7038.55 5748.26 1773.42 1090.01
threshold=1.8849999904632571 155.87500000000003 95.239997863769545 125.50000000000001 355.50000000000006 -0.60355499386787403 70.500000000000014 101.50000000000001 68.500000000000014 -0.78656998276710499 991.35000610351574 62.500000000000007 0.78656998276710521
decision_type=8 8 8 8 8 2 10 8 10 2 8 10 2
left_child=1 5 10 -3 -5 6 -1 -4 -7 -9 11 -2 -12
right_child=2 3 7 4 -6 8 -8 9 -10 -11 12 -13 -14
leaf_value=-0.028501204636536145 -0.42085241138935087 1.9452571451663969 -0.73413851397378105 0.65393722103710505 1.9434393349560826 -0.75442780530452724 1.4902446113933216 0.46672036774456499 -0.087469911387359559 -0.10031895671920342 -1.0329490888343666 -0.78319245561476669 -0.85410322496765534
leaf_weight=38 20 36 21 188 22 20 22 24 88 110 159 31 38
leaf_count=38 20 36 21 188 22 20 22 24 88 110 159 31 38
internal_value=3.47998e-10 0.590922 -0.607051 0.958232 0.789028 0.053074 0.528372 -0.0983916 -0.210981 0.00124033 -0.924963 -0.641098 -0.998451
internal_weight=817 414 403 246 210 168 60 155 108 134 248 51 197
internal_count=817 414 403 246 210 168 60 155 108 134 248 51 197
is_linear=0
shrinkage=0.03


Tree=40
num_leaves=15
num_cat=0
split_feature=2 17 14 2 4 11 15 21 22 21 10 15 16 3
split_gain=306480 73204.4 41649.3 38700.3 49368.4 25771.5 24530.4 17503.3 16217 12942.2 5513.89 3874.25 2477.74 2247.77
threshold=111.50000000000001 1.0049999952316286 45.500000000000007 238.50000000000003 190.50000000000003 175.76999664306643 0.72500002384185802 0.78656998276710521 -0.60355499386787403 -1.0000000180025095e-35 70.000000000000014 2.0449999570846562 304.50000000000006 51.500000000000007
decision_type=10 10 10 10 8 10 10 2 2 2 8 10 8 8
left_child=2 3 12 6 -5 7 -2 -3 10 -7 -4 -10 -1 -14
right_child=1 5 8 4 -6 9 -8 -9 11 -11 -12 -13 13 -15
leaf_value=-0.65746572701827333 1.2103869173693103 -0.027054396091389054 -0.18280044647780333 2.643834439694881 0.91535600769108738 0.12277637877771931 0.40434251434273188 -0.91517199143767347 -0.33619632564046797 0.9896559716809179 0.45701566802130805 -0.8039368320703506 -0.94829188775734075 -1.258552370071411
leaf_weight=23 43 119 22 20 58 31 162 24 34 31 27 30 169 24
leaf_count=23 43 119 22 20 58 31 162 24 34 31 27 30 169 24
internal_value=-6.22675e-10 0.477089 -0.707657 0.789814 1.35856 0.0453746 0.573415 -0.176109 -0.240982 0.556216 0.169751 -0.55545 -0.951798 -0.986874
internal_weight=817 488 329 283 78 205 205 143 113 62 49 64 216 193
internal_count=817 488 329 283 78 205 205 143 113 62 49 64 216 193
is_linear=0
shrinkage=0.03


Tree=41
num_leaves=15
num_cat=0
split_feature=15 7 11 6 4 22 21 5 6 23 19 3 22 8
split_gain=291107 81758 63262.4 42183.3 34166.1 21702.9 26344.5 12823.6 13303.3 6754.27 4969.49 4362.17 1338.42 1111.18
threshold=1.8849999904632571 155.87500000000003 95.239997863769545 125.50000000000001 355.50000000000006 -0.60355499386787403 1.0000000180025095e-35 181.50000000000003 104.50000000000001 -0.60785500705242146 990.35000610351574 176.50000000000003 -0.60355499386787403 24.750000000000004
decision_type=8 8 8 8 8 2 2 8 10 2 8 8 2 10
left_child=1 5 10 -3 -5 6 -1 8 -4 -7 12 -9 -2 -12
right_child=2 3 7 4 -6 9 -8 11 -10 -11 13 -13 -14 -15
leaf_value=0.98434152678439479 -0.39841028237342835 1.855925769408544 -0.94660524650053546 0.61355444042329133 1.8630595337260851 0.16831835769837902 -0.32014172153039411 0.50274902243167163 -0.11471641306523923 -0.35612190375854441 -1.0351268771244928 -0.062037411332130428 -0.73397230314171824 -0.8850305354041712
leaf_weight=38 20 36 22 188 22 31 22 32 81 77 65 20 23 140
leaf_count=38 20 36 22 188 22 31 22 32 81 77 65 20 23 140
internal_value=-1.17367e-10 0.558713 -0.573963 0.907109 0.744455 0.0485616 0.506031 -0.0985169 -0.292401 -0.205588 -0.871117 0.285523 -0.577897 -0.932622
internal_weight=817 414 403 246 210 168 60 155 103 108 248 52 43 205
internal_count=817 414 403 246 210 168 60 155 103 108 248 52 43 205
is_linear=0
shrinkage=0.03


Tree=42
num_leaves=15
num_cat=0
split_feature=2 14 17 20 14 11 22 5 14 24 10 14 16 11
split_gain=272139 55330.2 52952.3 42006.2 47979 20270.1 20189.5 19429.1 18747.8 12899 10896.1 8089.74 5984.72 2227.16
threshold=125.50000000000001 50.000000000000007 1.0049999952316286 157.50000000000003 88.500000000000014 179.51499938964847 -0.60355499386787403 244.00000000000003 66.500000000000014 -0.56174498796463002 129.50000000000003 93.500000000000014 304.50000000000006 39.420000076293952
decision_type=10 10 10 10 10 10 2 8 10 2 10 10 8 10
left_child=1 12 3 4 -2 10 8 -5 -3 -7 -4 -8 -1 -14
right_child=2 6 5 7 -6 9 11 -9 -10 -11 -12 -13 13 -15
leaf_value=-0.50459567284584039 1.5916094894927959 -0.11925285045917218 0.40202255097302519 -0.038119788189088143 0.60253613760330016 1.0244881990437325 -0.53963497916736258 0.92607472757498421 0.96067747592926023 0.13101565512743862 -0.3596110988479771 0.10823378823020241 -0.89636622946602951 -1.2305458488464354
leaf_weight=35 81 39 22 62 97 26 82 27 23 33 73 22 175 20
leaf_count=35 81 39 22 62 97 26 82 27 23 33 73 22 175 20
internal_value=7.56184e-10 -0.564546 0.531022 0.786543 1.05262 0.0880071 -0.147134 0.254389 0.281366 0.524749 -0.183233 -0.402586 -0.865808 -0.930641
internal_weight=817 396 421 267 178 154 166 89 62 59 95 104 230 195
internal_count=817 396 421 267 178 154 166 89 62 59 95 104 230 195
is_linear=0
shrinkage=0.03


Tree=43
num_leaves=15
num_cat=0
split_feature=15 7 11 6 13 21 14 12 22 23 9 14 22 6
split_gain=260256 67805 62299 43386.6 29995 27677.1 26822.4 13346 12652.8 9647.68 6058.01 4064.42 1548.08 1331.69
threshold=1.8450000286102297 170.37500000000003 95.239997863769545 124.50000000000001 9.0500001907348651 1.0000000180025095e-35 85.500000000000014 178.75000000000003 -0.78656998276710499 -0.60785500705242146 182.92500305175784 45.500000000000007 -1.0000000180025095e-35 46.000000000000007
decision_type=8 10 8 8 10 2 10 8 2 2 8 10 2 10
left_child=1 5 11 -3 -5 6 -1 8 -4 -7 -9 13 -13 -2
right_child=2 3 7 4 -6 9 -8 10 -10 -11 -12 12 -14 -15
leaf_value=0.92014262991131468 -0.90921978356474531 2.0843359491348266 0.24718941450119017 -0.28659746850078754 0.8902364152065364 0.33520615911483759 -0.17979073556140066 0.75921553266048425 -0.41325708827023444 -0.41074300364709232 0.045308533803276395 -0.38313594383852823 -0.7213521815990579 -0.66173362125049928
leaf_weight=53 177 25 36 22 171 20 32 20 95 71 23 21 29 22
leaf_count=53 177 25 36 22 171 20 32 20 95 71 23 21 29 22
internal_value=2.61887e-10 0.554795 -0.51676 0.908411 0.75609 0.116793 0.50605 -0.081231 -0.23176 -0.246798 0.377358 -0.821105 -0.579301 -0.88186
internal_weight=817 394 423 218 193 176 85 174 131 91 43 249 50 199
internal_count=817 394 423 218 193 176 85 174 131 91 43 249 50 199
is_linear=0
shrinkage=0.03


Tree=44
num_leaves=15
num_cat=0
split_feature=15 7 11 6 4 21 14 12 22 4 5 14 4 6
split_gain=244875 63797.7 58617.1 40822.4 30214.2 26041.3 25237.2 12557.3 11905 10297.4 8314.46 3824.22 1597.03 1252.98
threshold=1.8450000286102297 170.37500000000003 95.239997863769545 124.50000000000001 355.50000000000006 1.0000000180025095e-35 85.500000000000014 178.75000000000003 -0.78656998276710499 194.50000000000003 155.50000000000003 45.500000000000007 66.500000000000014 46.000000000000007
decision_type=8 10 8 8 8 2 10 8 2 8 10 10 10 10
left_child=1 5 11 -3 -5 6 -1 8 -4 -9 -7 13 -13 -2
right_child=2 3 7 4 -6 10 -8 9 -10 -11 -12 12 -14 -15
leaf_value=0.89253834985337166 -0.88194320088725975 2.0218058681488036 0.2397737368941307 0.60578066931294561 1.8373734655380247 -0.0073943934007124467 -0.17439700881019235 0.86388829278945922 -0.40085937583132791 -0.066876142284144513 -0.59383830895026524 -0.35426911821216345 -0.70035779416561117 -0.64188161763277918
leaf_weight=53 177 25 36 173 20 55 32 20 95 23 36 20 30 22
leaf_count=53 177 25 36 173 20 55 32 20 95 23 36 20 30 22
internal_value=-7.5892e-10 0.538151 -0.501257 0.881159 0.733407 0.11329 0.490869 -0.0787941 -0.224808 0.366038 -0.239394 -0.796472 -0.561922 -0.855404
internal_weight=817 394 423 218 193 176 85 174 131 43 91 249 50 199
internal_count=817 394 423 218 193 176 85 174 131 43 91 249 50 199
is_linear=0
shrinkage=0.03


Tree=45
num_leaves=15
num_cat=0
split_feature=15 7 11 6 15 12 22 14 19 4 19 19 22 12
split_gain=230424 58858.9 56505.6 40452.4 29136 14539.6 13937.9 32560.6 13187.7 7820.6 5806.18 3926.59 1117.44 1051.43
threshold=1.825000047683716 155.87500000000003 95.239997863769545 124.50000000000001 1.1749999523162844 178.75000000000003 -0.60355499386787403 70.500000000000014 989.35000610351574 194.50000000000003 993.54998779296886 990.25000000000011 -0.60355499386787403 23.250000000000004
decision_type=8 8 8 8 10 8 2 10 10 8 10 8 2 10
left_child=1 6 11 -3 -5 8 7 -1 -4 -7 -8 12 -2 -13
right_child=2 3 5 4 -6 9 10 -9 -10 -11 -12 13 -14 -15
leaf_value=-0.10580937552452087 -0.34580460054427387 1.7972277153622018 0.14648766283805553 1.0503363475799561 0.33311206021769479 0.83797164773941035 -0.3102771496772766 1.4115887675285339 -0.46281431509787774 0.034728646427392956 0.19307241320610044 -0.96439083623886113 -0.65564005461606112 -0.79314974050321974
leaf_weight=35 20 33 52 95 110 20 66 20 83 24 30 40 22 167
leaf_count=35 20 33 52 95 110 20 66 20 83 24 30 40 22 167
internal_value=-6.93807e-10 0.528471 -0.480316 0.822407 0.665484 -0.0737615 0.065181 0.445972 -0.22812 0.399839 -0.15298 -0.772578 -0.508099 -0.82624
internal_weight=817 389 428 238 205 179 151 55 135 44 96 249 42 207
internal_count=817 389 428 238 205 179 151 55 135 44 96 249 42 207
is_linear=0
shrinkage=0.03


Tree=46
num_leaves=14
num_cat=0
split_feature=15 2 16 6 4 12 21 19 14 5 21 24 21
split_gain=216871 56193.3 50144.3 27574.5 26912.1 16216.6 13489 16030 14976.9 8724.97 1909.89 1505.38 2456.31
threshold=1.8450000286102297 166.50000000000003 306.50000000000006 121.50000000000001 355.50000000000006 116.50000000000001 0.60355499386787426 992.35000610351574 83.500000000000014 259.50000000000006 0.60355499386787426 0.81174498796463024 0.37940999865531927
decision_type=8 10 8 8 8 8 2 10 10 8 2 2 2
left_child=1 6 5 -3 -5 10 8 -8 -1 -7 -2 12 -4
right_child=2 3 11 4 -6 9 7 -9 -10 -11 -12 -13 -14
leaf_value=0.62384178575922233 -0.40882389348872161 1.8645757429940357 -0.75465497185343078 0.60130258885196275 1.7629604101181029 -0.0845711658283686 -0.77942791074514384 0.21084419788852812 -0.049485304818071167 0.50497162699699405 -0.7333668798208236 -0.60661270182708216 -0.98649232578277579
leaf_weight=61 47 21 112 175 20 117 28 31 58 28 25 29 65
leaf_count=61 47 21 112 175 20 117 28 31 58 28 25 29 65
internal_value=-5.77808e-10 0.506446 -0.471725 0.831682 0.720447 -0.153477 0.111777 -0.259115 0.295666 0.0292716 -0.521512 -0.806967 -0.839793
internal_weight=817 394 423 216 195 217 178 59 119 145 72 206 177
internal_count=817 394 423 216 195 217 178 59 119 145 72 206 177
is_linear=0
shrinkage=0.03


Tree=47
num_leaves=15
num_cat=0
split_feature=15 7 7 18 13 22 20 13 5 17 20 22 9 3
split_gain=204126 58601.7 43894.6 38233.5 43629.6 23258.5 30143.9 11802.5 9579.01 9628.06 5569.35 3570.95 3362.89 1401.73
threshold=1.8849999904632571 169.62500000000003 102.62500000000001 -0.8149999976158141 8.9499998092651385 -0.60355499386787403 237.50000000000003 14.050000190734865 176.50000000000003 1.8299999833106997 820.00000000000011 -0.78656998276710499 178.00000000000003 50.500000000000007
decision_type=8 8 8 10 10 2 10 10 8 10 8 2 8 8
left_child=1 5 10 -3 -5 6 -1 -7 9 -4 11 -2 -10 -12
right_child=2 3 8 4 -6 7 -8 -9 12 -11 13 -13 -14 -15
leaf_value=1.125551640888055 -0.15019409375531331 -0.33103312730789181 -0.83014107236266133 -0.35601667021002087 1.0902493706446581 0.050394164238657273 -0.16204918444156646 -0.5655333067689623 0.44489049521359531 -0.077429931301337018 -0.7598384932512362 -0.62232420592690296 -0.027662780362626781 -0.99645271457158602
leaf_weight=36 21 24 20 21 177 84 30 42 33 65 169 46 23 26
leaf_count=36 21 24 20 21 177 84 30 42 33 65 169 46 23 26
internal_value=-2.50082e-09 0.467855 -0.480626 0.799788 0.936858 0.0840578 0.540279 -0.154915 -0.0538342 -0.254538 -0.710311 -0.474343 0.250806 -0.791387
internal_weight=817 414 403 222 198 192 66 126 141 85 262 67 56 195
internal_count=817 414 403 222 198 192 66 126 141 85 262 67 56 195
is_linear=0
shrinkage=0.03


Tree=48
num_leaves=14
num_cat=0
split_feature=2 15 19 6 22 16 14 20 22 6 15 22 3
split_gain=192990 48848.5 30543.6 31082.7 29247 31433.5 26106.8 24817.3 9042.09 5296.45 3193.07 2405.58 1533
threshold=111.50000000000001 1.0349999666213991 990.75000000000011 202.50000000000003 -0.60355499386787403 102.50000000000001 50.000000000000007 152.50000000000003 -0.60355499386787403 119.50000000000001 2.0449999570846562 -0.91597998142242421 48.500000000000007
decision_type=10 10 10 10 2 10 10 10 2 8 10 2 8
left_child=6 2 -2 -4 7 -6 11 -3 9 -8 -10 -1 -13
right_child=1 4 3 -5 5 -7 8 -9 10 -11 -12 12 -14
leaf_value=-0.50370315263047816 -0.12461645884947342 1.4033527299864539 0.80397187626981115 2.0036562626178447 1.0275212845537398 -0.049532521562207311 -0.16807456911905952 0.31878226187012415 -0.20760338930413128 0.48302111992104479 -0.6462829621349061 -0.7384327797068132 -0.94012352163141422
leaf_weight=32 22 29 77 26 27 252 23 55 32 22 28 148 44
leaf_count=32 22 29 77 26 27 252 23 55 32 22 28 148 44
internal_value=-1.28967e-09 0.378587 0.890075 1.1068 0.202455 0.0546985 -0.561552 0.693217 -0.171224 0.150239 -0.412321 -0.744518 -0.784654
internal_weight=817 488 125 103 363 279 329 84 105 45 60 224 192
internal_count=817 488 125 103 363 279 329 84 105 45 60 224 192
is_linear=0
shrinkage=0.03


Tree=49
num_leaves=14
num_cat=0
split_feature=15 8 16 18 6 12 22 22 20 4 23 24 21
split_gain=182245 48440.1 43357.3 38745.6 52202.5 15865.2 14545.7 11632.3 25236.8 7130.46 6716.34 1430.65 2267.56
threshold=1.825000047683716 156.25000000000003 306.50000000000006 -0.8149999976158141 127.50000000000001 178.75000000000003 -0.78656998276710499 -0.60355499386787403 127.50000000000001 194.50000000000003 -1.0000000180025095e-35 0.81174498796463024 0.37940999865531927
decision_type=8 8 8 10 8 8 2 2 10 8 2 2 2
left_child=1 7 5 -3 -5 6 -2 8 -1 -7 -9 12 -4
right_child=2 3 11 4 -6 9 -8 10 -10 -11 -12 -13 -14
leaf_value=1.2123070880344935 0.21115926395424386 -0.31336567257131848 -0.6897753616244392 1.9903794708475471 0.67483164335429335 0.79323077487945559 -0.41809000343420449 0.13588576906337971 -0.11042114974821314 0.026247977241873739 -0.37339888003137373 -0.54375581675562357 -0.91216529318002548
leaf_weight=21 44 28 113 32 179 20 133 41 34 24 54 29 65
leaf_count=21 44 28 113 32 179 20 133 41 34 24 54 29 65
internal_value=8.14183e-10 0.469986 -0.42716 0.7352 0.874346 -0.134934 -0.261666 0.0474127 0.394621 0.374877 -0.153602 -0.739151 -0.770985
internal_weight=817 389 428 239 211 221 177 150 55 44 95 207 178
internal_count=817 389 428 239 211 221 177 150 55 44 95 207 178
is_linear=0
shrinkage=0.03


Tree=50
num_leaves=13
num_cat=0
split_feature=9 20 11 13 14 14 3 5 23 22 7 22
split_gain=172364 41936.5 44425.7 43595.9 37411.3 23974.3 17711.7 13465.8 13198.4 2086.41 1836.46 1323.1
threshold=118.35499954223634 72.500000000000014 212.63499450683597 8.8499999046325701 86.500000000000014 50.000000000000007 169.50000000000003 259.50000000000006 0.60785500705242168 -0.91597998142242421 103.12500000000001 0.78656998276710521
decision_type=8 10 10 10 10 10 10 8 2 2 10 2
left_child=5 3 7 -2 -5 9 -4 -3 10 -1 -7 -11
right_child=1 2 6 4 -6 8 -8 -9 -10 11 -12 -13
leaf_value=-0.47361888793297108 -0.51456376335024834 -0.12457532002712074 1.4896471937213625 1.6321302782535552 0.58090571413533043 -0.46970138633251191 0.50536338804583802 0.62610195308923722 0.34018251635811542 -0.77471633805948137 -0.17790503644943237 -0.57693006837054295
leaf_weight=32 20 207 21 50 78 55 76 24 33 153 30 38
leaf_count=32 20 207 21 50 78 55 76 24 33 153 30 38
internal_value=-3.06071e-09 0.368814 0.179663 0.788013 0.99154 -0.514825 0.718456 -0.0465829 -0.169023 -0.697806 -0.366714 -0.735366
internal_weight=817 476 328 148 128 341 97 231 118 223 85 191
internal_count=817 476 328 148 128 341 97 231 118 223 85 191
is_linear=0
shrinkage=0.03


Tree=51
num_leaves=12
num_cat=0
split_feature=15 8 18 17 6 15 6 14 9 24 21
split_gain=162776 59094.3 25113.8 22714.6 42721.5 22601.7 19659.3 9986.13 3374.55 2084.06 2829.14
threshold=2.3950001001358037 196.75000000000003 -0.8149999976158141 0.50499999523162853 127.50000000000001 1.1749999523162844 159.50000000000003 45.500000000000007 110.57500076293947 0.81174498796463024 0.60355499386787426
decision_type=8 8 10 10 8 10 8 10 10 2 2
left_child=1 3 -3 4 -1 -4 -5 9 -9 10 -2
right_child=7 2 5 6 -6 -7 -8 8 -10 -11 -12
leaf_value=1.4620515282948812 -0.66539336810781324 -0.22171155225146902 1.2320889997327482 -0.27262557899899031 0.10485733652892321 0.52640716966498513 0.30832310135329238 -0.45067911836008229 0.0085697979480028157 -0.47972347261444215 -0.92488948827981943
leaf_weight=27 121 22 77 169 92 87 76 36 24 31 55
leaf_count=27 121 22 77 169 92 87 76 36 24 31 55
internal_value=1.84785e-09 0.295039 0.730057 0.0727503 0.412792 0.857733 -0.0924129 -0.607759 -0.26698 -0.706536 -0.746486
internal_weight=817 550 186 364 119 164 245 267 60 207 176
internal_count=817 550 186 364 119 164 245 267 60 207 176
is_linear=0
shrinkage=0.03


Tree=52
num_leaves=13
num_cat=0
split_feature=15 2 16 12 12 12 22 4 23 4 24 21
split_gain=153990 39897.8 36174.4 24327.6 50138.9 13492.7 13235.4 11887.8 15081.2 6680.88 1260.32 1969.58
threshold=1.825000047683716 166.50000000000003 306.50000000000006 272.50000000000006 236.00000000000003 178.75000000000003 -0.78656998276710499 113.50000000000001 0.87838000059127819 194.50000000000003 0.81174498796463024 0.37940999865531927
decision_type=8 10 8 10 10 8 2 8 2 8 2 2
left_child=1 7 5 4 -3 6 -2 -1 -9 -7 11 -4
right_child=2 3 10 -5 -6 9 -8 8 -10 -11 -12 -13
leaf_value=0.55777607853596034 0.20842468671839343 0.62789946180258716 -0.63182432316573323 -0.11763914082731519 2.0261496409649649 0.74936988115310665 -0.39181345032794135 0.094811323938313222 -0.7971889007985592 0.0069598647952079772 -0.49423626897663903 -0.83908758404621708
leaf_weight=39 44 159 113 28 27 20 133 116 20 24 29 65
leaf_count=39 44 159 113 28 27 20 133 116 20 24 29 65
internal_value=-2.05187e-10 0.43202 -0.392654 0.706767 0.830871 -0.125729 -0.242602 0.0960434 -0.0363652 0.344419 -0.677631 -0.70751
internal_weight=817 389 428 214 186 221 177 175 136 44 207 178
internal_count=817 389 428 214 186 221 177 175 136 44 207 178
is_linear=0
shrinkage=0.03


Tree=53
num_leaves=11
num_cat=0
split_feature=14 7 5 18 3 18 22 22 14 6
split_gain=145708 61120.2 44711.6 28500.7 32354.5 13290.2 11397.7 6611.41 3691.54 2731.82
threshold=50.000000000000007 183.87500000000003 257.00000000000006 -0.8149999976158141 173.50000000000003 -0.25499999523162836 -0.60355499386787403 -0.91597998142242421 35.500000000000007 52.500000000000007
decision_type=10 10 8 10 10 10 2 2 10 10
left_child=7 2 6 -3 -5 -4 -2 -1 9 -9
right_child=1 3 5 4 -6 -7 -8 8 -10 -11
leaf_value=-0.25035962034212911 0.19430063877561513 -0.29096432962417601 0.38892478048801421 1.8683657936616376 0.64487813490842061 1.4440420636263762 -0.21224787676091428 -0.67705037522625611 -1.0012234502179282 -0.33294482503086331
leaf_weight=38 85 25 21 22 168 22 230 154 28 24
leaf_count=38 85 25 21 22 168 22 230 154 28 24
internal_value=-1.77378e-09 0.261439 0.0213265 0.661253 0.786545 0.928752 -0.102544 -0.613952 -0.681023 -0.630654
internal_weight=817 573 358 215 190 43 315 244 206 178
internal_count=817 573 358 215 190 43 315 244 206 178
is_linear=0
shrinkage=0.03


Tree=54
num_leaves=15
num_cat=0
split_feature=15 7 5 5 17 11 10 12 21 5 6 14 19 24
split_gain=138590 41606.9 64661.8 44267 37801.7 28886.2 23277 21138.7 17855.5 6881.59 8940.1 2666.61 1994.18 1034.24
threshold=1.8849999904632571 201.12500000000003 257.00000000000006 219.50000000000003 0.66999998688697826 95.239997863769545 236.50000000000003 147.50000000000003 -1.0000000180025095e-35 176.50000000000003 104.50000000000001 88.500000000000014 990.25000000000011 1.0000000180025095e-35
decision_type=8 10 8 10 10 8 10 10 2 8 10 10 8 2
left_child=1 2 7 4 -3 12 -5 -1 -4 10 -7 -11 -2 -14
right_child=5 3 8 6 -6 9 -8 -9 -10 11 -12 -13 13 -15
leaf_value=0.18080305350605738 -0.40841916339738027 1.5577250739322466 0.62335018301010137 0.7909763043267386 0.40641471739326207 -0.77587680305753426 -0.52050245299421505 -0.42797768184649088 1.8910220943689346 0.012362238927321001 -0.077563426064980498 0.42796269729733466 -0.70052369543403947 -0.5660267267871647
leaf_weight=132 42 66 20 21 42 21 29 84 20 33 77 24 106 100
leaf_count=132 42 66 20 21 42 21 29 84 20 33 77 24 106 100
internal_value=3.55521e-10 0.385504 0.149232 0.768324 1.10999 -0.396026 0.0303186 -0.055945 1.25719 -0.0747531 -0.227202 0.187352 -0.596822 -0.635234
internal_weight=817 414 256 158 108 403 50 216 40 155 98 57 248 206
internal_count=817 414 256 158 108 403 50 216 40 155 98 57 248 206
is_linear=0
shrinkage=0.03


Tree=55
num_leaves=13
num_cat=0
split_feature=17 20 14 21 16 15 5 5 17 4 24 22
split_gain=131118 45146.7 45716.4 46526.4 38800.5 35774.2 17873.8 14134.9 18710.7 7968.68 1150.62 1561.89
threshold=1.3049999475479128 157.50000000000003 88.500000000000014 0.37940999865531927 99.500000000000014 2.6550000905990605 257.00000000000006 244.00000000000003 -1.1050000190734861 161.50000000000003 0.81174498796463024 0.91597998142242443
decision_type=8 10 10 2 10 8 8 8 10 8 2 2
left_child=1 2 4 -4 -1 6 9 8 -3 -2 11 -7
right_child=5 7 3 -5 -6 10 -8 -9 -10 -11 -12 -13
leaf_value=2.269940632906827 -0.26853316922408305 -1.0272832505106926 -0.02273880984908656 1.3501045800694103 0.85108521158738826 -0.66833428766556124 0.60377778668701643 0.50800104227933018 0.011543717426313481 0.18780222499093344 -0.43353603472740482 -0.40464006885238313
leaf_weight=22 173 20 95 29 82 167 30 33 71 43 29 23
leaf_count=22 173 20 95 29 82 167 30 33 71 43 29 23
internal_value=-1.40594e-09 0.436814 0.687371 0.298329 1.15123 -0.330663 -0.0823878 -0.0238873 -0.21677 -0.177689 -0.609548 -0.636413
internal_weight=817 352 228 124 104 465 246 124 91 216 219 190
internal_count=817 352 228 124 104 465 246 124 91 216 219 190
is_linear=0
shrinkage=0.03


Tree=56
num_leaves=13
num_cat=0
split_feature=17 15 8 13 6 21 12 12 21 12 8 21
split_gain=123369 33659.9 32137.8 29594.1 25257.6 22526.1 17336.3 15796.6 13206.6 1134.02 807.581 500.863
threshold=1.3049999475479128 2.6550000905990605 339.50000000000006 17.849999427795414 214.50000000000003 0.37940999865531927 155.50000000000003 146.25000000000003 1.0000000180025095e-35 23.250000000000004 25.750000000000004 1.0000000180025095e-35
decision_type=8 8 10 10 8 2 8 10 2 10 8 2
left_child=2 6 3 4 -1 -5 7 -2 -8 11 -11 -3
right_child=1 9 -4 5 -6 -7 8 -9 -10 10 -12 -13
leaf_value=0.70107845559626991 -0.12330705166934619 -0.62605959320068361 1.398814554257052 0.52110523386435081 0.088378247530836798 -0.67403529015183439 -0.016432159060941025 -0.9966011769430978 0.89187607698440541 -0.6621797339770259 -0.51911543419194772 -0.83583189146859305
leaf_weight=167 166 20 28 22 95 40 34 21 25 49 129 21
leaf_count=167 166 20 28 22 95 40 34 21 25 49 129 21
internal_value=3.93242e-10 -0.320744 0.42371 0.339441 0.478916 -0.249953 -0.0799162 -0.221378 0.368444 -0.591262 -0.558498 -0.733504
internal_weight=817 465 352 324 262 62 246 187 59 219 178 41
internal_count=817 465 352 324 262 62 246 187 59 219 178 41
is_linear=0
shrinkage=0.03


Tree=57
num_leaves=14
num_cat=0
split_feature=2 15 19 22 13 20 14 13 17 21 24 4 6
split_gain=116173 33389.8 28711.3 23728.3 24438 18685 16213.4 15426.4 8706.64 2903.7 2140.96 1934.87 1926.51
threshold=112.50000000000001 0.92500001192092907 991.54998779296886 -0.60355499386787403 12.750000000000002 172.50000000000003 86.500000000000014 20.94999980926514 1.7549999952316286 0.78656998276710521 1.0000000180025095e-35 30.500000000000004 46.000000000000007
decision_type=10 10 10 2 10 10 10 8 10 2 2 10 10
left_child=7 2 -2 5 -5 -3 -4 8 -1 -10 11 -9 -12
right_child=1 3 6 4 -6 -7 -8 10 9 -11 12 -13 -14
leaf_value=0.21425340209352342 -0.039099934979759408 1.1463692156006309 1.4763490826036871 0.25392793496505595 -0.30715754965401215 0.24858372992939418 0.6038577309250831 -0.60227040161689116 -0.23290349680185318 -0.65030252122879029 -0.56389166143361258 -0.88903123855590815 -0.26430376807451245
leaf_weight=38 29 34 41 178 115 54 36 72 60 20 85 30 25
leaf_count=38 29 34 41 178 115 54 36 72 60 20 85 30 25
internal_value=-1.10664e-09 0.294479 0.765427 0.163454 0.0337067 0.595455 1.06843 -0.43458 -0.159649 -0.337253 -0.587608 -0.686612 -0.495804
internal_weight=817 487 106 381 293 88 77 330 118 80 212 102 110
internal_count=817 487 106 381 293 88 77 330 118 80 212 102 110
is_linear=0
shrinkage=0.03


Tree=58
num_leaves=13
num_cat=0
split_feature=17 20 14 21 16 12 16 5 17 23 21 24
split_gain=110330 40336.1 42166.4 43499.8 35485.8 30475.9 15814.4 13189.2 17077.6 10503.2 9740.79 2002.9
threshold=1.3049999475479128 157.50000000000003 88.500000000000014 0.37940999865531927 99.500000000000014 155.50000000000003 301.50000000000006 244.00000000000003 -1.1050000190734861 0.60785500705242168 1.0000000180025095e-35 -0.56174498796463002
decision_type=8 10 10 2 10 8 8 8 10 2 2 2
left_child=1 2 4 -4 -1 6 9 8 -3 -2 -7 -8
right_child=5 7 3 -5 -6 10 11 -9 -10 -11 -12 -13
leaf_value=2.1528700785203414 -0.32612640349471822 -0.99542290281504386 -0.046554999006421939 1.2808849085199421 0.79597225128877447 -0.023469804691416876 -0.71103993800149035 0.47901475277813993 -0.0029681784838018282 0.19592534325207056 0.72724587449005673 -0.51334189120881468
leaf_weight=22 141 20 95 29 82 35 67 33 71 46 28 148
leaf_count=22 141 20 95 29 82 35 67 33 71 46 28 148
internal_value=4.41837e-10 0.400693 0.637525 0.263895 1.08301 -0.303321 -0.399466 -0.0347719 -0.22109 -0.197707 0.310182 -0.57495
internal_weight=817 352 228 124 104 465 402 124 91 187 63 215
internal_count=817 352 228 124 104 465 402 124 91 187 63 215
is_linear=0
shrinkage=0.03


Tree=59
num_leaves=13
num_cat=0
split_feature=15 7 5 5 21 15 10 20 14 5 24 21
split_gain=103789 42862.1 54375 34328.6 23651.6 23519.3 16489.3 10321.7 5690.27 2788.53 1610.15 2412.24
threshold=2.3950001001358037 201.12500000000003 257.00000000000006 219.50000000000003 0.37940999865531927 1.0049999952316286 229.00000000000003 67.500000000000014 45.500000000000007 175.50000000000003 0.81174498796463024 0.60355499386787426
decision_type=8 8 8 8 2 10 10 8 10 8 2 2
left_child=1 2 7 5 -4 -3 -5 -1 10 -10 11 -2
right_child=8 3 4 6 -6 -7 -8 -9 9 -11 -12 -13
leaf_value=0.25987585941950475 -0.52010045574223696 1.5779360843698182 0.44912096493186487 0.71077831164650285 1.7723665781021116 0.64094742187490195 -0.29731121881306166 -0.16748808856206859 -0.37813631362639938 0.050651513614824839 -0.36050226930649049 -0.75971560088070955
leaf_weight=63 121 36 31 23 20 73 40 264 39 21 31 55
leaf_count=63 121 36 31 23 20 73 40 264 39 21 31 55
internal_value=6.12279e-10 0.235592 0.0569455 0.628199 0.968041 0.950412 0.0707215 -0.0851519 -0.485302 -0.228061 -0.559865 -0.59498
internal_weight=817 550 378 172 51 109 63 327 267 60 207 176
internal_count=817 550 378 172 51 109 63 327 267 60 207 176
is_linear=0
shrinkage=0.03


Tree=60
num_leaves=11
num_cat=0
split_feature=17 12 7 13 6 21 16 6 22 12
split_gain=98074.7 27449.5 25417.2 22558.6 22853.1 22567.5 14046.2 10483.3 8251.34 2067.38
threshold=1.3049999475479128 155.50000000000003 338.37500000000006 17.849999427795414 214.50000000000003 0.78656998276710521 301.50000000000006 204.50000000000003 -0.60355499386787403 137.50000000000003
decision_type=8 8 10 10 8 2 8 8 2 10
left_child=2 6 3 4 -1 -5 8 -3 -2 -8
right_child=1 7 -4 5 -6 -7 9 -9 -10 -11
leaf_value=0.63819186558442964 0.1216422831253572 0.74312264588144084 1.2622350475523207 0.18183887671592622 0.055384822895652365 -1.0379474823474883 -0.51281538500694124 -0.038878344297409058 -0.31571471311829302 -0.83308706697821611
leaf_weight=167 55 27 27 43 95 20 195 36 132 20
leaf_count=167 55 27 27 43 95 20 195 36 132 20
internal_value=1.38542e-09 -0.285979 0.377784 0.304307 0.426869 -0.205395 -0.377226 0.296265 -0.18708 -0.542608
internal_weight=817 465 352 325 262 63 402 63 187 215
internal_count=817 465 352 325 262 63 402 63 187 215
is_linear=0
shrinkage=0.03


Tree=61
num_leaves=14
num_cat=0
split_feature=15 7 5 5 17 21 3 19 14 5 24 11 2
split_gain=92740 38802.2 50616.7 31628.3 29085.5 22111.6 19955.1 9973.64 4945.68 2450.31 1508.68 1326.79 1168.15
threshold=2.3950001001358037 201.12500000000003 257.00000000000006 219.50000000000003 0.66999998688697826 0.37940999865531927 225.50000000000003 994.14999389648449 45.500000000000007 175.50000000000003 1.0000000180025095e-35 33.574998855590827 24.500000000000004
decision_type=8 8 8 8 10 2 10 10 10 8 2 10 10
left_child=1 2 7 4 -3 -4 -5 -1 10 -10 11 -2 -12
right_child=8 3 5 6 -6 -7 -8 -9 9 -11 12 -13 -14
leaf_value=-0.15225581290712581 -0.55590248190123459 1.2786529447203099 0.43002616668901134 0.79002919931303361 0.26189372053742405 1.7094688929319382 -0.32996220178720431 0.32001822816564679 -0.35960214867041662 0.042342038207820482 -0.6495483026504516 -0.82688386380672452 -0.39321191320940851
leaf_weight=280 87 69 31 22 40 20 41 47 39 21 20 20 80
leaf_count=280 87 69 31 22 40 20 41 47 39 21 20 20 80
internal_value=-1.28823e-09 0.222699 0.0527233 0.59625 0.90553 0.931768 0.0611459 -0.0843754 -0.458743 -0.218922 -0.528257 -0.606553 -0.444479
internal_weight=817 550 378 172 109 51 63 327 267 60 207 107 100
internal_count=817 550 378 172 109 51 63 327 267 60 207 107 100
is_linear=0
shrinkage=0.03


Tree=62
num_leaves=11
num_cat=0
split_feature=2 8 5 3 7 16 22 6 3 9
split_gain=87637.1 28297.2 21719.2 49312.2 21267.2 11190.2 9065.33 4414.73 2023.18 1300.44
threshold=112.50000000000001 339.50000000000006 259.50000000000006 192.50000000000003 201.12500000000003 304.50000000000006 -0.91597998142242421 121.50000000000001 51.500000000000007 36.284999847412116
decision_type=10 10 8 10 10 8 2 8 10 10
left_child=5 2 4 -4 -2 6 -1 -8 9 -7
right_child=1 -3 3 -5 -6 8 7 -9 -10 -11
leaf_value=0.35816139963269233 -0.050027321774569401 1.1483042557239531 1.2032776500369018 -0.21280819531334072 0.45702103356042728 -0.51259561845008905 -0.44962083645935713 -0.042910542447665116 -0.76036361783169781 -0.29325726344667635
leaf_weight=25 262 30 53 38 104 151 58 41 26 29
leaf_count=25 262 30 53 38 104 151 58 41 26 29
internal_value=2.48885e-09 0.255768 0.197177 0.611945 0.094052 -0.377452 -0.152285 -0.281185 -0.51299 -0.477258
internal_weight=817 487 457 91 366 330 124 99 206 180
internal_count=817 487 457 91 366 330 124 99 206 180
is_linear=0
shrinkage=0.03


Tree=63
num_leaves=11
num_cat=0
split_feature=14 9 20 6 5 6 5 6 10 13
split_gain=83674.8 36700.7 24038.2 34470.1 25584 19084.9 8637.04 8943.14 6257.39 3220.32
threshold=58.500000000000007 293.71499633789068 72.500000000000014 210.50000000000003 249.00000000000003 194.50000000000003 181.50000000000003 125.50000000000001 108.50000000000001 20.750000000000004
decision_type=10 10 10 8 8 10 8 8 10 8
left_child=6 2 3 -2 -4 -3 8 -8 9 -1
right_child=1 5 4 -5 -6 -7 7 -9 -10 -11
leaf_value=-0.11142030871432761 0.79605819578351156 0.47515130529036886 -0.10896325160845269 -0.22767341785652692 0.55353240657714198 1.691110897064209 0.43011350655555725 -0.42884461745619773 -0.97816836833953857 -0.4874905871662083
leaf_weight=23 95 26 291 43 64 21 20 24 22 188
leaf_count=23 95 26 291 43 64 21 20 24 22 188
internal_value=-8.39729e-11 0.217446 0.141082 0.477069 0.0104726 1.01845 -0.423901 -0.0384091 -0.496698 -0.446497
internal_weight=817 540 493 138 355 47 277 44 233 211
internal_count=817 540 493 138 355 47 277 44 233 211
is_linear=0
shrinkage=0.03


Tree=64
num_leaves=12
num_cat=0
split_feature=17 20 14 21 19 12 10 11 6 5 17
split_gain=79005.4 33773 38699.4 38586.2 27702.8 22712.1 12706.1 15178.7 10407.7 10065.2 15741
threshold=1.3049999475479128 157.50000000000003 88.500000000000014 0.37940999865531927 991.45001220703136 155.50000000000003 147.50000000000003 78.880001068115249 204.50000000000003 244.00000000000003 -1.1050000190734861
decision_type=8 10 10 2 10 8 10 10 8 8 10
left_child=1 2 4 -4 -1 6 7 -2 -7 10 -3
right_child=5 9 3 -5 -6 8 -8 -9 -10 -11 -12
leaf_value=0.57147007150728191 -0.46510472198640668 -0.96556955292820923 -0.094549266175219887 1.1556733965668184 1.5657320711224578 0.71819105545679729 -1.076782573699951 -0.083054916248088917 -0.060985869833578663 0.38944083273410796 -0.012744215613519641
leaf_weight=61 218 20 95 29 43 27 20 164 36 33 71
leaf_count=61 218 20 95 29 43 27 20 164 36 33 71
internal_value=-1.47037e-09 0.339073 0.555783 0.197842 0.982559 -0.256675 -0.339675 -0.301083 0.272947 -0.0593926 -0.222156
internal_weight=817 352 228 124 104 465 402 382 63 124 91
internal_count=817 352 228 124 104 465 402 382 63 124 91
is_linear=0
shrinkage=0.03


Tree=65
num_leaves=11
num_cat=0
split_feature=15 8 5 3 8 11 21 5 5 24
split_gain=75003.5 27935.3 19890.4 53679.9 21139.3 17733.6 8218.12 6310 1139.47 976.446
threshold=1.825000047683716 339.50000000000006 259.50000000000006 181.50000000000003 201.25000000000003 95.239997863769545 0.91597998142242443 168.00000000000003 104.50000000000001 0.81174498796463024
decision_type=8 10 8 10 8 8 2 10 8 2
left_child=1 2 4 -4 -1 8 7 -7 9 -2
right_child=5 -3 3 -5 -6 6 -8 -9 -10 -11
leaf_value=-0.057107996230119279 -0.48317863621197787 1.2514332065215477 1.736211000813378 0.029499329903791116 0.4816354554349726 -0.090739122723628371 -0.58930175347761682 0.32986221107840535 -0.26100156105797861 -0.28044630154967309
leaf_weight=194 196 26 27 43 99 112 22 45 29 24
leaf_count=194 196 26 27 43 99 112 22 45 29 24
internal_value=4.50865e-10 0.301507 0.233469 0.687802 0.124925 -0.274034 -0.0462772 0.0298154 -0.437762 -0.461062
internal_weight=817 389 363 70 293 428 179 157 249 220
internal_count=817 389 363 70 293 428 179 157 249 220
is_linear=0
shrinkage=0.03


Tree=66
num_leaves=13
num_cat=0
split_feature=20 17 4 9 9 11 6 22 16 21 3 2
split_gain=71403.5 42573.1 39939.1 42702.6 33108.5 27075.6 28671.8 22147.3 2506.9 3787.98 2089.5 1106.95
threshold=615.00000000000011 0.55500000715255748 184.50000000000003 158.26999664306643 293.71499633789068 175.76999664306643 204.50000000000003 -0.37940999865531916 306.50000000000006 0.60355499386787426 57.500000000000007 32.500000000000007
decision_type=8 10 8 10 10 10 8 2 8 2 8 10
left_child=1 2 3 -1 -4 7 -7 -3 9 -2 11 -10
right_child=8 5 4 -5 -6 6 -8 -9 10 -11 -12 -13
leaf_value=0.36574090207815169 0.043945534229278563 0.27212914853096004 -0.19072498653508438 1.6252475374049329 0.92891160186599286 1.1452002419124949 0.01032885441008736 -0.33855300544731076 -0.47185077846050261 -0.43674863899747529 -0.73521987701004199 -0.30557413435578346
leaf_weight=50 25 75 79 47 34 33 51 186 129 36 22 50
leaf_count=50 25 75 79 47 34 33 51 186 129 36 22 50
internal_value=-6.21581e-10 0.192697 0.529473 0.976017 0.146157 -0.012298 0.456171 -0.16307 -0.408193 -0.239743 -0.459315 -0.425405
internal_weight=817 555 210 97 113 345 84 261 262 61 201 179
internal_count=817 555 210 97 113 345 84 261 262 61 201 179
is_linear=0
shrinkage=0.03


Tree=67
num_leaves=12
num_cat=0
split_feature=14 22 10 6 3 3 16 22 10 2 4
split_gain=68152.4 30049.7 29407.8 40433.9 24883.7 22840.2 21774.3 10375.9 9687.68 8198.73 5979.52
threshold=68.500000000000014 -0.37940999865531916 158.50000000000003 125.50000000000001 207.50000000000003 173.50000000000003 117.50000000000001 -0.78656998276710499 43.500000000000007 156.50000000000003 149.50000000000003
decision_type=10 2 8 8 10 10 8 2 10 8 10
left_child=6 4 9 -4 5 -2 -1 8 -8 -3 -9
right_child=1 2 3 -5 -6 -7 7 10 -10 -11 -12
leaf_value=0.54875499079227452 0.7723368968897395 -0.095053678298877051 1.5718684458732604 0.20017145193926991 1.4284588281990125 -0.27145686555011522 -0.49298877147527836 -0.43293527311363883 0.10509060662984847 -0.66880582438574887 -0.97525319570302949
leaf_weight=25 54 132 22 160 29 29 39 215 65 27 20
leaf_count=25 54 132 22 160 29 29 39 215 65 27 20
internal_value=-1.03524e-09 0.245614 0.105583 0.365981 0.671958 0.407638 -0.305667 -0.368678 -0.119189 -0.192483 -0.47909
internal_weight=817 453 341 182 112 83 364 339 104 159 235
internal_count=817 453 341 182 112 83 364 339 104 159 235
is_linear=0
shrinkage=0.03


Tree=68
num_leaves=10
num_cat=0
split_feature=14 9 3 7 16 5 21 11 4
split_gain=64124.6 28386.6 25026.7 31572.6 20487.5 16910.5 7123.87 9908.89 5417.26
threshold=68.500000000000014 293.71499633789068 260.50000000000006 209.50000000000003 117.50000000000001 219.50000000000003 0.78656998276710521 135.18000030517581 129.50000000000003
decision_type=10 8 10 10 8 8 2 10 10
left_child=4 2 3 -2 -1 -3 7 -6 -8
right_child=1 5 -4 -5 6 -7 8 -9 -10
leaf_value=0.53229234466552733 0.097402513009469754 1.4973200178146362 -0.76027324962615972 0.82751571156084536 -0.35485209218984426 0.33160952976771763 -0.46233495915113987 0.17666088291116661 -1.0249588093757629
leaf_weight=25 319 24 25 64 215 21 67 37 20
leaf_count=25 319 24 25 64 215 21 67 37 20
internal_value=-5.93846e-10 0.238245 0.159376 0.219406 -0.296497 0.953322 -0.357618 -0.276812 -0.591674
internal_weight=817 453 408 383 364 45 339 252 87
internal_count=817 453 408 383 364 45 339 252 87
is_linear=0
shrinkage=0.03


Tree=69
num_leaves=11
num_cat=0
split_feature=15 8 20 14 11 16 22 4 5 24
split_gain=60998.1 23069.7 23422.1 24330.4 13905.6 6579.18 7059.8 4259.48 982.551 905.581
threshold=1.825000047683716 339.50000000000006 187.50000000000003 85.500000000000014 95.239997863769545 304.50000000000006 -0.78656998276710499 122.50000000000001 104.50000000000001 0.81174498796463024
decision_type=8 10 10 10 8 10 2 10 8 2
left_child=1 2 3 -1 8 6 -6 -4 9 -2
right_child=4 -3 7 -5 5 -7 -8 -9 -10 -11
leaf_value=0.71486391819153838 -0.43504684329337001 1.1351488863504848 0.12990718842617102 0.1254494341132231 0.42964655664659313 -0.51911928114683736 -0.076112655455321074 -0.30702003831594765 -0.22797286711890119 -0.23980961427092551
leaf_weight=104 196 26 28 160 31 23 125 71 29 24
leaf_count=104 196 26 28 160 31 23 125 71 29 24
internal_value=-9.37638e-10 0.271904 0.210074 0.357643 -0.247128 -0.0454457 0.0243908 -0.183445 -0.392112 -0.413748
internal_weight=817 389 363 264 428 179 156 99 249 220
internal_count=817 389 363 264 428 179 156 99 249 220
is_linear=0
shrinkage=0.03


Tree=70
num_leaves=12
num_cat=0
split_feature=14 22 10 16 3 3 16 22 10 13 21
split_gain=57560.4 27282.5 26464.2 37789.1 22085.8 21354.4 18850.3 9333.22 8953.64 6824.25 3674.91
threshold=68.500000000000014 -0.37940999865531916 158.50000000000003 99.500000000000014 207.50000000000003 173.50000000000003 117.50000000000001 -0.91597998142242421 43.500000000000007 14.250000000000002 0.91597998142242443
decision_type=10 2 8 10 10 10 8 2 10 10 2
left_child=6 4 9 -4 5 -2 -1 8 -8 -3 -9
right_child=1 2 3 -5 -6 -7 7 10 -10 -11 -12
leaf_value=0.51407421333789827 0.7355814351638158 -0.1035628436080047 1.5362560074669973 0.18319437458139398 1.3446646736716403 -0.27368924178825366 -0.45478229165077211 -0.36033739018837607 0.28922910149033004 -0.63497888514628775 -0.63801300338697875
leaf_weight=25 54 133 21 161 29 29 24 225 37 26 53
leaf_count=25 54 133 21 161 29 29 24 225 37 26 53
internal_value=1.70292e-09 0.225722 0.0922943 0.339317 0.631961 0.382945 -0.280912 -0.33954 -0.00349669 -0.190461 -0.413276
internal_weight=817 453 341 182 112 83 364 339 61 159 278
internal_count=817 453 341 182 112 83 364 339 61 159 278
is_linear=0
shrinkage=0.03


Tree=71
num_leaves=12
num_cat=0
split_feature=20 17 4 10 9 22 20 14 5 18 18
split_gain=54530.1 34193.6 38021.2 37013.8 27855.4 22137.9 16647.8 15184.1 1800.64 1558.24 1532.46
threshold=615.00000000000011 0.55500000715255748 184.50000000000003 158.50000000000003 293.71499633789068 -0.60355499386787403 102.50000000000001 91.500000000000014 159.50000000000003 -0.8149999976158141 -1.689999997615814
decision_type=8 10 8 10 10 2 10 10 10 10 10
left_child=1 2 3 -1 -4 6 -3 -7 9 10 -2
right_child=8 5 4 -5 -6 7 -8 -9 -10 -11 -12
leaf_value=0.36074883039181049 -0.38743113826669284 1.1676736312508582 -0.21278650833647461 1.5358653813203174 0.8141932879475986 -0.29886924074719784 0.17227942457602868 0.19837705369614347 -0.12935812999095234 -0.63715663003921508 -0.12309201068498871
leaf_weight=52 192 20 79 45 34 184 62 79 28 20 22
leaf_count=52 192 20 79 45 34 184 62 79 28 20 22
internal_value=-1.9356e-10 0.168396 0.470216 0.905906 0.0962163 -0.0153199 0.415058 -0.149506 -0.356717 -0.383923 -0.360256
internal_weight=817 555 210 97 113 345 82 263 262 234 214
internal_count=817 555 210 97 113 345 82 263 262 234 214
is_linear=0
shrinkage=0.03


Tree=72
num_leaves=12
num_cat=0
split_feature=14 22 10 16 20 16 24 22 10 2 21
split_gain=51880.7 24641.9 24081.9 34407.8 22505.8 16759 15660.2 8526.99 8134.36 7693.8 3455.98
threshold=68.500000000000014 -0.37940999865531916 158.50000000000003 99.500000000000014 172.50000000000003 117.50000000000001 -0.56174498796463002 -0.91597998142242421 43.500000000000007 156.50000000000003 0.91597998142242443
decision_type=10 2 8 10 10 8 2 2 10 8 2
left_child=5 4 9 -4 6 -1 -2 8 -7 -3 -9
right_child=1 2 3 -5 -6 7 -8 10 -10 -11 -12
leaf_value=0.48289902863502498 1.5390543933212757 -0.087856856361031535 1.4652665526526314 0.17415783555796427 0.018556600281825431 -0.43091516286134718 0.60369628531592234 -0.34111474932034808 0.2782403539644705 -0.64366051528188917 -0.61039223806756848
leaf_weight=25 24 132 21 161 39 24 49 225 37 27 53
leaf_count=25 24 132 21 161 39 24 49 225 37 27 53
internal_value=-1.5928e-09 0.214296 0.0874899 0.323132 0.600376 -0.266693 0.911211 -0.321973 -0.000771653 -0.182239 -0.392452
internal_weight=817 453 341 182 112 364 73 339 61 159 278
internal_count=817 453 341 182 112 364 73 339 61 159 278
is_linear=0
shrinkage=0.03


Tree=73
num_leaves=12
num_cat=0
split_feature=14 22 17 12 20 3 16 12 22 10 21
split_gain=48814.5 23185.5 22749.3 50071.5 21175.7 16615.6 15768.6 15228.1 8023.04 7653.62 3251.73
threshold=68.500000000000014 -0.37940999865531916 0.60500001907348644 146.25000000000003 172.50000000000003 207.50000000000003 117.50000000000001 176.50000000000003 -0.91597998142242421 43.500000000000007 0.91597998142242443
decision_type=10 2 10 10 10 10 8 8 2 10 2
left_child=6 4 3 -3 5 -2 -1 -4 9 -8 -10
right_child=1 2 7 -5 -6 -7 8 -9 10 -11 -12
leaf_value=0.4684120608687401 0.59625072034505699 1.6633945133375085 -0.26898214063600984 0.12543934660988884 0.017999900969175191 1.5960873218945095 -0.41798770993947981 0.31024127188803891 -0.33088130545715488 0.26989314258098601 -0.59208047288768695
leaf_weight=25 52 23 151 111 39 21 24 56 225 37 53
leaf_count=25 52 23 151 111 39 21 24 56 225 37 53
internal_value=7.26363e-10 0.207867 0.0848652 0.389417 0.582365 0.883875 -0.258692 -0.112284 -0.312313 -0.000748504 -0.380678
internal_weight=817 453 341 134 112 73 364 207 339 61 278
internal_count=817 453 341 134 112 73 364 207 339 61 278
is_linear=0
shrinkage=0.03


Tree=74
num_leaves=9
num_cat=0
split_feature=15 4 12 12 16 4 24 6
split_gain=45993.2 23325.2 15997.6 47904 2305.9 1958.68 1364.22 990.263
threshold=2.3950001001358037 351.50000000000006 272.50000000000006 236.00000000000003 280.50000000000006 146.50000000000003 -0.56174498796463002 41.500000000000007
decision_type=8 10 10 8 10 8 2 10
left_child=1 2 3 -1 5 7 -6 -2
right_child=4 -3 -4 -5 6 -7 -8 -9
leaf_value=0.091885075800512972 -0.36684015191754987 1.1625474994182587 -0.5539963750839233 1.4392199319362642 -0.28202298008582805 -0.61730618484318256 0.060320598363876342 -0.20833264255005379
leaf_weight=475 155 20 30 25 22 24 20 46
leaf_count=475 155 20 30 25 22 24 20 46
internal_value=1.10664e-09 0.156831 0.118879 0.159252 -0.32306 -0.361151 -0.119002 -0.330565
internal_weight=817 550 530 500 267 225 42 201
internal_count=817 550 530 500 267 225 42 201
is_linear=0
shrinkage=0.03


Tree=75
num_leaves=12
num_cat=0
split_feature=20 22 16 3 15 16 11 3 18 9 19
split_gain=43818 27113.5 26195.5 25335.1 19141.9 15914.2 11513.6 9507.84 9875.33 2149.74 2514.26
threshold=172.50000000000003 -0.37940999865531916 99.500000000000014 207.50000000000003 0.82499998807907116 276.50000000000006 129.68000030517581 225.50000000000003 -0.90500000119209278 89.784999847412124 990.25000000000011
decision_type=8 2 10 10 10 10 10 10 10 8 8
left_child=1 3 -3 5 -4 -1 9 8 -8 10 -2
right_child=6 2 4 -5 -6 -7 7 -9 -10 -11 -12
leaf_value=-0.07926296505857916 -0.052785503498969537 0.96094956572566714 0.66278419648899756 1.5359639254860256 -0.098391212515792317 0.81414393537922902 -0.29440832156233671 -0.52464252630869546 0.26539702774774604 -0.58259631412369861 -0.34276285753968883
leaf_weight=34 31 28 34 23 237 38 41 27 92 28 204
leaf_count=34 31 28 34 23 237 38 41 27 92 28 204
internal_value=-1.23663e-09 0.227645 0.0873663 0.669155 -0.00289319 0.392257 -0.212038 -0.0113723 0.0928255 -0.334117 -0.304511
internal_weight=817 394 299 95 271 72 423 160 133 263 235
internal_count=817 394 299 95 271 72 423 160 133 263 235
is_linear=0
shrinkage=0.03


Tree=76
num_leaves=13
num_cat=0
split_feature=13 20 11 6 16 2 10 5 2 6 23 22
split_gain=41648.3 39573.4 28773 14856.5 27057.4 16918.4 13721.4 13701.3 3800.37 1583.74 1682.69 645.932
threshold=8.8499999046325701 72.500000000000014 212.63499450683597 210.50000000000003 137.00000000000003 227.00000000000003 236.50000000000003 259.50000000000006 174.50000000000003 41.500000000000007 1.0000000180025095e-35 0.78656998276710521
decision_type=10 10 10 8 10 8 10 8 8 10 2 2
left_child=8 3 7 4 -2 -5 -4 -3 9 11 -11 -1
right_child=1 2 6 5 -6 -7 -8 -9 -10 10 -12 -13
leaf_value=-0.38345142043594804 1.7025386556712063 -0.18280853765948307 0.76429428201434857 -0.52853810188081118 0.50783739769145053 0.69064265796116409 0.0070901421138218467 0.45858089349486614 -0.74022401708364494 -0.35379401275089811 0.007263323802214402 -0.23610154751469106
leaf_weight=126 22 327 56 20 76 21 35 33 20 21 26 34
leaf_count=126 22 327 56 20 76 21 35 33 20 21 26 34
internal_value=-1.11954e-09 0.13286 -0.00354011 0.575426 0.776036 0.0959203 0.473062 -0.124015 -0.34532 -0.307165 -0.15406 -0.35214
internal_weight=817 590 451 139 98 41 91 360 227 207 47 160
internal_count=817 590 451 139 98 41 91 360 227 207 47 160
is_linear=0
shrinkage=0.03


Tree=77
num_leaves=12
num_cat=0
split_feature=20 17 4 10 12 11 6 22 11 11 24
split_gain=39525.2 25571.9 35365.4 32055.9 27519.7 19815.6 26948.3 16681.5 1294.14 4124.52 909.177
threshold=615.00000000000011 0.55500000715255748 184.50000000000003 158.50000000000003 222.25000000000003 175.76999664306643 204.50000000000003 -0.37940999865531916 183.60499572753909 150.92500305175784 0.81174498796463024
decision_type=8 10 8 10 10 10 8 2 10 10 2
left_child=1 2 3 -1 -4 7 -7 -3 9 10 -2
right_child=8 5 4 -5 -6 6 -8 -9 -10 -11 -12
leaf_value=0.31724192082881925 -0.34684476119882246 0.23320675979256628 -0.42036965043921215 1.4108283251126605 0.51600815081170626 1.0532611270384353 -0.046971877966733536 -0.29678881871363805 -0.52391833020882173 0.11810728505519882 -0.17149399426780762
leaf_weight=52 188 75 57 45 56 33 51 186 22 21 31
leaf_count=52 188 75 57 45 56 33 51 186 22 21 31
internal_value=-2.48294e-10 0.143368 0.404377 0.824576 0.043676 -0.0155077 0.385263 -0.144491 -0.303699 -0.283512 -0.322023
internal_weight=817 555 210 97 113 345 84 261 262 240 219
internal_count=817 555 210 97 113 345 84 261 262 240 219
is_linear=0
shrinkage=0.03


Tree=78
num_leaves=12
num_cat=0
split_feature=20 22 16 24 5 16 11 4 11 11 19
split_gain=38122.7 24153.7 23510.1 19724.3 17516.3 11382.1 9382.46 8558.18 8444.4 2019.58 2088.26
threshold=172.50000000000003 -0.37940999865531916 99.500000000000014 -0.56174498796463002 259.50000000000006 276.50000000000006 129.68000030517581 225.50000000000003 200.18000030517581 109.50000000000001 990.04998779296886
decision_type=8 2 10 2 10 10 10 10 10 8 8
left_child=1 3 -3 -1 -4 -5 9 8 -8 10 -2
right_child=6 2 4 5 -6 -7 7 -9 -10 -11 -12
leaf_value=1.2811785287692627 -0.062279615835710005 0.9075320862446512 -0.089065660038454952 -0.063582399250008165 0.69116041142365026 0.72471345392220154 -0.046319137835558855 -0.52649100065231325 0.53140496339777421 -0.59775729730725291 -0.31899392925628595
leaf_weight=29 33 28 242 32 29 34 106 25 29 20 210
leaf_count=29 33 28 242 32 29 34 106 25 29 20 210
internal_value=6.21307e-10 0.212336 0.0799353 0.629051 -0.00557283 0.342509 -0.197779 -0.0166335 0.0777846 -0.307981 -0.284131
internal_weight=817 394 299 95 271 66 423 160 135 263 243
internal_count=817 394 299 95 271 66 423 160 135 263 243
is_linear=0
shrinkage=0.03


Tree=79
num_leaves=11
num_cat=0
split_feature=14 9 14 20 6 15 16 22 10 13
split_gain=36020.2 19262.1 13042.6 12706.9 31088.3 14915.1 12130.1 6858.07 6217.71 3140
threshold=68.500000000000014 293.71499633789068 92.500000000000014 72.500000000000014 210.50000000000003 1.1050000190734866 117.50000000000001 -0.91597998142242421 43.500000000000007 18.94999980926514
decision_type=10 8 10 10 8 10 8 2 10 10
left_child=6 3 -3 4 -2 -5 -1 8 -8 -9
right_child=1 2 -4 5 -6 -7 7 9 -10 -11
leaf_value=0.41550474722385405 0.66291228745618591 1.2244220335006712 0.19658401966094971 0.60439636431634425 -0.31423177449682421 -0.084942038241634724 -0.35725969523191453 -0.28238439450483149 0.26274509977650001 -0.53547421607104218
leaf_weight=25 92 25 20 32 43 241 24 223 37 55
leaf_count=25 92 25 20 32 43 241 24 223 37 55
internal_value=7.87646e-10 0.17856 0.767605 0.113592 0.351674 -0.00414047 -0.222219 -0.269249 0.0188088 -0.332456
internal_weight=817 453 45 408 135 273 364 339 61 278
internal_count=817 453 45 408 135 273 364 339 61 278
is_linear=0
shrinkage=0.03


Tree=80
num_leaves=13
num_cat=0
split_feature=20 22 3 15 3 13 12 3 3 6 3 11
split_gain=34222.9 20220.8 21863.1 17671.5 14796.9 14384.3 11807.6 15228.4 10553.8 7038.97 6354.35 4996.94
threshold=187.50000000000003 -0.37940999865531916 207.50000000000003 0.82499998807907116 165.50000000000003 9.9499998092651385 151.50000000000003 225.50000000000003 312.50000000000006 129.50000000000003 143.50000000000003 130.95999908447268
decision_type=8 2 10 10 8 10 10 10 8 8 10 10
left_child=1 2 4 5 -1 -3 10 9 -5 -8 11 -2
right_child=6 3 -4 8 -6 -7 7 -9 -10 -11 -12 -13
leaf_value=0.5635202434188441 -0.29075820343432274 0.022714650392532346 1.3541978119313718 -0.078575216790958607 -0.38489773339033123 1.1021265586853026 0.77543893882206505 -0.53339013906625599 0.62300559201410832 0.1264399545091503 -0.78741484897477287 0.10661171235144137
leaf_weight=57 259 20 24 238 20 25 21 26 21 53 21 32
leaf_count=57 259 20 24 238 20 25 21 26 21 53 21 32
internal_value=-6.48392e-10 0.195835 0.563598 0.0736502 0.317178 0.622388 -0.192508 0.0911739 -0.0216903 0.310615 -0.283431 -0.247061
internal_weight=817 405 101 304 77 45 412 100 259 74 312 291
internal_count=817 405 101 304 77 45 412 100 259 74 312 291
is_linear=0
shrinkage=0.03


Tree=81
num_leaves=12
num_cat=0
split_feature=20 22 16 24 5 16 12 4 6 8 19
split_gain=32260.7 21250 21742.1 17888.6 15887.5 10819.4 10762.2 13100.5 11428 6607.07 8721.48
threshold=172.50000000000003 -0.37940999865531916 99.500000000000014 -0.56174498796463002 259.50000000000006 276.50000000000006 151.50000000000003 225.50000000000003 179.50000000000003 146.25000000000003 992.54998779296886
decision_type=8 2 10 2 10 10 10 10 8 8 10
left_child=1 3 -3 -1 -4 -5 9 8 -8 10 -2
right_child=6 2 4 5 -6 -7 7 -9 -10 -11 -12
leaf_value=1.2072352176288079 -0.27619451394606143 0.86701177938708229 -0.090604035527991858 -0.082614639280945992 0.65246159613132471 0.68595035517916947 0.76157643735408775 -0.51283490504622453 0.0045864309310913089 -0.78216063124792923 0.35785021271024431
leaf_weight=29 278 28 242 32 29 34 28 25 50 21 21
leaf_count=29 278 28 242 32 29 34 28 25 50 21 21
internal_value=-6.94901e-11 0.19533 0.0711423 0.586194 -0.0110878 0.313313 -0.181939 0.0847824 0.276326 -0.267789 -0.231663
internal_weight=817 394 299 95 271 66 423 103 78 320 299
internal_count=817 394 299 95 271 66 423 103 78 320 299
is_linear=0
shrinkage=0.03


Tree=82
num_leaves=10
num_cat=0
split_feature=13 8 5 3 14 17 6 6 11
split_gain=31121.4 32544.5 19577.2 35327.6 17190.4 3683.86 1282.65 609.78 158.917
threshold=8.8499999046325701 339.50000000000006 259.50000000000006 192.50000000000003 78.500000000000014 1.3049999475479128 41.500000000000007 16.500000000000004 35.86000061035157
decision_type=10 10 8 10 10 8 10 8 10
left_child=5 2 4 -4 -2 -1 7 -7 -8
right_child=1 -3 3 -5 -6 6 8 -9 -10
leaf_value=-0.68730908676981928 -0.19345920422409152 1.1322825627856783 0.88240885140434389 -0.32090455368161203 0.17061058358426973 -0.15594976342242697 -0.053252618908882138 -0.32254257162042116 -0.16888015912926715
leaf_weight=20 237 27 62 34 230 23 20 141 23
leaf_count=20 237 27 62 34 230 23 20 141 23
internal_value=1.28475e-09 0.114849 0.0660554 0.456235 -0.0141529 -0.298506 -0.26094 -0.299179 -0.1151
internal_weight=817 590 563 96 467 227 207 164 43
internal_count=817 590 563 96 467 227 207 164 43
is_linear=0
shrinkage=0.03


Tree=83
num_leaves=13
num_cat=0
split_feature=20 12 14 4 14 5 5 12 17 6 10 14
split_gain=29606.9 24513.6 20209.4 15136.8 13179.7 21948.6 12662.7 20428.2 11845.7 9480.68 9458.55 5646.35
threshold=77.500000000000014 155.50000000000003 86.500000000000014 147.50000000000003 96.500000000000014 191.50000000000003 237.50000000000003 263.00000000000006 -0.22500000149011609 156.50000000000003 151.50000000000003 88.500000000000014
decision_type=8 8 10 10 10 8 10 10 10 8 10 10
left_child=2 10 3 9 5 -4 8 -8 -3 -1 11 -2
right_child=1 6 4 -5 -6 -7 7 -9 -10 -11 -12 -13
leaf_value=0.02238420671224594 -0.21015459459626079 -0.23999821446623121 0.29748573998158623 1.3342187263906002 0.69870937578056169 -0.76558178729024429 1.0576092093111946 -0.16460799072682858 0.29757209671088136 0.88703409569604053 -0.71145763479173185 0.18286139393846193
leaf_weight=25 382 70 44 25 23 29 32 20 78 21 32 36
leaf_count=25 382 70 44 25 23 29 32 20 78 21 32 36
internal_value=-1.77692e-10 -0.0915394 0.356291 0.740039 0.0724773 -0.124829 0.18481 0.587526 0.0433159 0.417116 -0.214362 -0.176306
internal_weight=817 650 167 71 96 73 200 52 148 46 450 418
internal_count=817 650 167 71 96 73 200 52 148 46 450 418
is_linear=0
shrinkage=0.03


Tree=84
num_leaves=10
num_cat=0
split_feature=13 8 20 11 6 2 22 4 24
split_gain=28452.7 30173.4 18656.8 19329.6 17204.7 4337.16 1135.1 1212.52 831.847
threshold=8.8499999046325701 339.50000000000006 77.500000000000014 212.63499450683597 210.50000000000003 174.50000000000003 0.78656998276710521 28.500000000000004 0.81174498796463024
decision_type=10 10 10 10 8 8 2 8 2
left_child=5 2 4 -4 -2 6 8 -8 -1
right_child=1 -3 3 -5 -6 -7 7 -9 -10
leaf_value=-0.31720166637562214 0.5971279347279379 1.0894835029708014 -0.12863760816474629 0.39075987944497337 -0.14691756141185761 -0.70729293753951783 0.057011019766330717 -0.23157353705481476 -0.11348737716674805
leaf_weight=128 93 27 351 79 40 20 20 38 21
leaf_count=128 93 27 351 79 40 20 20 38 21
internal_value=-1.12162e-09 0.109814 0.062832 -0.0332134 0.373355 -0.285421 -0.24466 -0.132062 -0.28849
internal_weight=817 590 563 430 133 227 207 58 149
internal_count=817 590 563 430 133 227 207 58 149
is_linear=0
shrinkage=0.03


Tree=85
num_leaves=9
num_cat=0
split_feature=14 4 13 7 16 22 10 13
split_gain=26813.9 16662.3 14304 19693.2 9256.08 6008.37 5211.55 3302.23
threshold=68.500000000000014 348.00000000000006 8.8499999046325701 332.66499328613287 117.50000000000001 -0.91597998142242421 43.500000000000007 18.94999980926514
decision_type=10 10 10 8 8 2 10 10
left_child=4 2 -2 -4 -1 6 -6 -7
right_child=1 -3 3 -5 5 7 -8 -9
leaf_value=0.36534613007605071 -0.47667710199952124 0.97928478164332244 0.11585993664309618 1.0818224205672742 -0.30748681968078018 -0.24062458580251228 0.26014041655772441 -0.50016993671113796
leaf_weight=25 34 21 378 20 24 223 37 55
leaf_count=25 34 21 378 20 24 223 37 55
internal_value=-9.20334e-10 0.154061 0.113946 0.164401 -0.191729 -0.232812 0.0368117 -0.291973
internal_weight=817 453 432 398 364 339 61 278
internal_count=817 453 432 398 364 339 61 278
is_linear=0
shrinkage=0.03


Tree=86
num_leaves=12
num_cat=0
split_feature=20 17 6 4 5 12 4 6 6 8 2
split_gain=25768.7 15379.4 23376.9 16275.1 11874 7914.02 11904.2 10875.1 6974.44 6605.99 5139.42
threshold=172.50000000000003 0.66999998688697826 127.50000000000001 351.50000000000006 208.50000000000003 151.50000000000003 225.50000000000003 179.50000000000003 160.50000000000003 146.25000000000003 124.50000000000001
decision_type=8 10 8 8 8 10 10 8 10 8 10
left_child=1 2 -1 -4 8 9 7 -7 -3 10 -2
right_child=5 4 3 -5 -6 6 -8 -9 -10 -11 -12
leaf_value=1.2033485629326768 -0.23340228171278071 -0.18254568221513182 0.098408306043209701 1.0060285131420408 0.51668893242875735 0.72207037683044162 -0.50356334981918327 -0.016379426801204681 0.22870875249775127 -0.75055391877889632 0.26444589234888555
leaf_weight=27 279 144 116 21 36 28 25 50 50 21 20
leaf_count=27 279 144 116 21 36 28 25 50 50 21 20
internal_value=-1.4076e-09 0.174574 0.396539 0.237533 0.0163029 -0.162605 0.0661157 0.248705 -0.0765523 -0.236225 -0.200101
internal_weight=817 394 164 137 230 423 103 78 194 320 299
internal_count=817 394 164 137 230 423 103 78 194 320 299
is_linear=0
shrinkage=0.03


Tree=87
num_leaves=10
num_cat=0
split_feature=13 8 5 3 19 2 6 23 6
split_gain=24369.3 26534.6 16745.1 32524.6 16618.1 4321.51 1061.86 1745.53 547.029
threshold=8.8499999046325701 339.50000000000006 259.50000000000006 192.50000000000003 994.25000000000011 174.50000000000003 41.500000000000007 1.0000000180025095e-35 16.500000000000004
decision_type=10 10 8 10 10 8 10 2 8
left_child=5 2 4 -4 -2 6 8 -8 -1
right_child=1 -3 3 -5 -6 -7 7 -9 -10
leaf_value=-0.12490342509487401 -0.08727884603470637 1.0203298925028905 0.82734348499486521 -0.32724653860225394 0.43657359370873083 -0.68525760398805136 -0.30152265191078181 0.066214547890883227 -0.28301441548514544
leaf_weight=23 404 27 62 34 63 20 21 26 137
leaf_count=23 404 27 62 34 63 20 21 26 137
internal_value=2.90135e-10 0.101629 0.0575709 0.418426 -0.0166092 -0.264147 -0.22346 -0.0980936 -0.260286
internal_weight=817 590 563 96 467 227 207 47 160
internal_count=817 590 563 96 467 227 207 47 160
is_linear=0
shrinkage=0.03


Tree=88
num_leaves=11
num_cat=0
split_feature=20 13 12 14 16 13 15 10 6 14
split_gain=24145.2 20316.8 19148.2 16366.1 16745.7 13967.3 11399.4 9674.9 7265.01 4855.81
threshold=77.500000000000014 9.1500000953674334 155.50000000000003 90.500000000000014 133.50000000000003 10.449999809265138 1.0349999666213991 151.50000000000003 237.50000000000003 88.500000000000014
decision_type=8 10 8 10 10 10 10 10 8 10
left_child=1 -1 7 4 -3 -5 -4 9 -8 -2
right_child=2 3 6 5 -6 -7 8 -9 -10 -11
leaf_value=-0.3578917572274804 -0.18411951315779412 1.500598644375801 0.69039824562688035 0.55721240415022921 0.50421348869090987 -0.42613225826850304 0.24452095594257114 -0.69396713376045227 -0.15043019320186857 0.18034674316644667
leaf_weight=32 382 20 31 26 63 26 92 32 77 36
leaf_count=32 382 20 31 26 63 26 92 32 77 36
internal_value=-7.72736e-10 0.321754 -0.0826661 0.482856 0.744306 0.0655401 0.161576 -0.191218 0.0645728 -0.15273
internal_weight=817 167 650 135 83 52 200 450 169 418
internal_count=817 167 650 135 83 52 200 450 169 418
is_linear=0
shrinkage=0.03


Tree=89
num_leaves=13
num_cat=0
split_feature=20 22 8 15 8 17 18 12 4 6 12 12
split_gain=23063 16051.4 14798 13405.8 14149.9 12759.2 11695 6618.8 11541 8601.88 6312.88 3658.87
threshold=187.50000000000003 -0.37940999865531916 216.75000000000003 0.82499998807907116 262.75000000000006 -1.5449999570846555 -0.12499999999999999 151.50000000000003 225.50000000000003 179.50000000000003 145.50000000000003 128.00000000000003
decision_type=8 2 10 10 10 10 10 10 10 8 8 10
left_child=1 2 6 4 -3 -5 -1 10 9 -9 11 -2
right_child=7 3 -4 5 -6 -7 -8 8 -10 -11 -12 -13
leaf_value=0.55406836153318473 -0.22215244446186261 1.0056580207586288 1.1971838283538818 0.62775113560259344 -0.064923740565776822 -0.098428039220458965 -0.22036411333542602 0.66542934560113476 -0.51915537521243094 -0.0014464249340247132 -0.6736702050612523 0.12803212103806436
leaf_weight=54 256 25 21 24 20 235 26 27 24 49 26 30
leaf_count=54 256 25 21 24 20 235 26 27 24 49 26 30
internal_value=-3.20092e-10 0.160764 0.488427 0.0519027 0.529844 -0.0311373 0.302378 -0.158033 0.0543599 0.23547 -0.226107 -0.18542
internal_weight=817 405 101 304 45 259 80 412 100 76 312 286
internal_count=817 405 101 304 45 259 80 412 100 76 312 286
is_linear=0
shrinkage=0.03


Tree=90
num_leaves=13
num_cat=0
split_feature=14 15 9 14 16 19 22 4 7 16 5 24
split_gain=21486.4 14166.6 16513.5 13703 14995.9 11645.9 9556.8 11899.9 12721.4 10328 3325.38 3111.43
threshold=73.500000000000014 1.0349999666213991 293.71499633789068 82.500000000000014 143.50000000000003 988.75000000000011 -0.78656998276710499 184.50000000000003 159.25000000000003 304.50000000000006 130.50000000000003 1.0000000180025095e-35
decision_type=10 10 8 10 10 10 2 10 10 8 8 2
left_child=6 3 5 -2 -5 -3 9 8 -8 10 -1 -11
right_child=1 2 -4 4 -6 -7 7 -9 -10 11 -12 -13
leaf_value=0.024482976295627078 1.1047669637203217 0.40353158496460823 0.87400975772312706 -0.32961646562442182 0.61458891148610806 -0.089355466247953735 -0.25036315670013426 -0.93208479327814919 0.51840147298361572 -0.45044057470560067 0.44574293564073736 -0.0020589049045856185
leaf_weight=26 24 53 21 24 41 232 250 21 21 30 48 26
leaf_count=26 24 53 21 24 41 232 250 21 21 30 48 26
internal_value=-1.59663e-09 0.159019 0.0621272 0.492155 0.265959 0.00230423 -0.148845 -0.244103 -0.190791 0.065119 0.297733 -0.242263
internal_weight=817 395 306 89 65 285 422 292 271 130 74 56
internal_count=817 395 306 89 65 285 422 292 271 130 74 56
is_linear=0
shrinkage=0.03


Tree=91
num_leaves=11
num_cat=0
split_feature=20 13 11 10 4 14 16 13 10 19
split_gain=20653.7 19031.2 17041 15459 15112 14742.9 15463.7 13065.3 9760.66 9608.57
threshold=77.500000000000014 9.1500000953674334 212.63499450683597 236.50000000000003 229.00000000000003 90.500000000000014 133.50000000000003 10.449999809265138 204.25000000000003 992.64999389648449
decision_type=8 10 10 10 10 10 10 10 10 10
left_child=1 -1 8 4 -4 6 -3 -7 9 -2
right_child=2 5 3 -5 -6 7 -8 -9 -10 -11
leaf_value=-0.36020911272615191 -0.17425696415084166 1.4284164601564406 0.9652970828065599 -0.18432034028543007 -0.042297043459756031 0.53295533255888861 0.47093134260204222 -0.4181083122583536 -0.77442552464348924 0.15850006632477437
leaf_weight=32 439 20 37 37 21 26 63 26 21 95
leaf_count=32 439 20 37 37 21 26 63 26 21 95
internal_value=-8.69789e-10 0.297583 -0.0764559 0.29482 0.600479 0.453504 0.701651 0.0574235 -0.140008 -0.115059
internal_weight=817 167 650 95 58 135 83 52 555 534
internal_count=817 167 650 95 58 135 83 52 555 534
is_linear=0
shrinkage=0.03


Tree=92
num_leaves=11
num_cat=0
split_feature=14 13 7 15 22 4 7 2 23 10
split_gain=19296.9 13847.2 22071.4 13973.6 8911.46 10912.9 11530.6 8796.27 3749.45 1001.92
threshold=73.500000000000014 8.8499999046325701 332.66499328613287 1.0349999666213991 -0.78656998276710499 184.50000000000003 159.25000000000003 66.500000000000014 1.0000000180025095e-35 29.250000000000004
decision_type=10 10 8 10 2 10 10 10 2 10
left_child=4 -2 3 -3 7 6 -6 9 -9 -1
right_child=1 2 -4 -5 5 -7 -8 8 -10 -11
leaf_value=-0.32902247919701039 -0.38595713863006004 0.53243181617363633 1.1776909697391091 0.053509188344639337 -0.23870500460922717 -0.89187673584691107 0.49319532800998012 0.061287902668118475 0.52704799011775427 -0.087066963192855201
leaf_weight=24 39 69 20 267 250 21 21 28 35 43
leaf_count=24 39 69 20 267 250 21 21 28 35 43
internal_value=1.08462e-09 0.150699 0.20949 0.151859 -0.141057 -0.233043 -0.181989 0.0655563 0.320044 -0.173738
internal_weight=817 395 356 336 422 292 271 130 63 67
internal_count=817 395 356 336 422 292 271 130 63 67
is_linear=0
shrinkage=0.03


Tree=93
num_leaves=9
num_cat=0
split_feature=20 19 17 19 19 11 3 4
split_gain=18888.6 17043.7 12509.6 39735.8 15015 3863.34 9161.66 8509.45
threshold=187.50000000000003 994.85000610351574 -1.2949999570846555 991.75000000000011 990.75000000000011 233.31499481201175 223.50000000000003 159.50000000000003
decision_type=8 10 10 10 10 10 8 10
left_child=1 2 3 -1 -4 6 7 -2
right_child=5 -3 4 -5 -6 -7 -8 -9
leaf_value=1.3279024202090044 -0.1797830924477451 0.78835958361625669 -0.19040468252086004 -0.42664427024977541 0.2182426354699506 0.25338183539254328 -0.74517876583596931 0.27391039218221391
leaf_weight=26 326 34 157 21 167 21 23 42
leaf_count=26 326 34 157 21 167 21 23 42
internal_value=-8.27965e-10 0.145489 0.0865739 0.543956 0.0202253 -0.143017 -0.164307 -0.128003
internal_weight=817 405 371 47 324 412 391 368
internal_count=817 405 371 47 324 412 391 368
is_linear=0
shrinkage=0.03


Tree=94
num_leaves=11
num_cat=0
split_feature=18 19 18 7 5 5 3 11 22 3
split_gain=17569.1 15018.3 17568.8 12094.9 24254.6 17203.7 5722.24 3597.62 2689.54 1780.95
threshold=-0.87999999523162831 994.64999389648449 -0.054999999701976769 201.12500000000003 203.50000000000003 259.50000000000006 180.50000000000003 135.18000030517581 -0.37940999865531916 104.50000000000001
decision_type=10 10 10 10 8 8 10 10 2 8
left_child=6 3 -3 5 -5 -2 7 9 -9 -1
right_child=1 2 -4 4 -6 -7 -8 8 -10 -11
leaf_value=-0.16727282819577627 -0.13493907833966343 1.1205101452933417 -0.021571235873482444 0.64483762310696879 -0.14888084014256794 0.50396308265848677 -0.62325556762516499 0.25490909462794659 -0.1703983838143556 -0.4635420835018158
leaf_weight=210 275 27 22 77 63 44 24 32 23 20
leaf_count=210 275 27 22 77 63 44 24 32 23 20
internal_value=-1.39078e-09 0.108501 0.607739 0.0552051 0.287664 -0.0468146 -0.178377 -0.140913 0.0770532 -0.193035
internal_weight=817 508 49 459 140 319 309 285 55 230
internal_count=817 508 49 459 140 319 309 285 55 230
is_linear=0
shrinkage=0.03


Tree=95
num_leaves=12
num_cat=0
split_feature=20 14 12 19 21 8 19 3 10 9 19
split_gain=17467.6 16417.3 13966.7 11999.4 11892.6 11443.6 11177.6 10817.7 9630.97 6950.38 4491.06
threshold=77.500000000000014 86.500000000000014 155.50000000000003 994.64999389648449 1.0000000180025095e-35 209.75000000000003 991.14999389648449 237.50000000000003 151.50000000000003 143.50000000000003 992.14999389648449
decision_type=8 10 8 10 2 10 10 10 10 10 10
left_child=1 6 8 7 5 -3 9 -4 10 -1 -2
right_child=2 4 3 -5 -6 -7 -8 -9 -10 -11 -12
leaf_value=-0.019518227130174638 -0.17060228624992049 -0.68496122691366412 0.16803010673354599 0.68084399977037979 0.50136882737759625 0.12280414063679544 1.1000649277369179 -0.40688488445783916 -0.66462686609476807 0.73771786102652548 0.085672660991549493
leaf_weight=24 343 27 131 31 31 38 27 38 32 20 75
leaf_count=24 343 27 131 31 31 38 27 38 32 20 75
internal_value=-1.5597e-09 0.273669 -0.0703119 0.138282 0.017865 -0.212729 0.619545 0.0387593 -0.16302 0.32468 -0.12462
internal_weight=817 167 650 200 96 65 71 169 450 44 418
internal_count=817 167 650 200 96 65 71 169 450 44 418
is_linear=0
shrinkage=0.03


Tree=96
num_leaves=10
num_cat=0
split_feature=20 19 13 4 12 3 5 13 19
split_gain=16714.7 15409.3 12151.9 24033 4594.12 11365.1 6044.46 4644.69 3397.89
threshold=187.50000000000003 994.85000610351574 8.8499999046325701 303.00000000000006 156.50000000000003 225.50000000000003 158.50000000000003 17.250000000000004 992.85000610351574
decision_type=8 10 10 10 10 10 10 10 10
left_child=1 2 -1 -4 6 7 8 -6 -2
right_child=4 -3 3 -5 5 -7 -8 -9 -10
leaf_value=-0.43501419101212474 -0.1795341753225595 0.74813002467155454 0.073763283647605732 1.1463161010146141 -0.022629777298819636 -0.48608451522313634 -0.63708204832077031 0.47219514575247701 0.21658239568982804
leaf_weight=37 271 34 314 20 31 26 25 38 21
leaf_count=37 271 34 314 20 31 26 25 38 21
internal_value=1.82694e-09 0.136861 0.0808422 0.137988 -0.134536 0.0484599 -0.189377 0.249882 -0.151046
internal_weight=817 405 371 334 412 95 317 69 292
internal_count=817 405 371 334 412 95 317 69 292
is_linear=0
shrinkage=0.03


end of trees

feature_importances:
hour_cos=102
wind_speed_10m=80
relative_humidity_2m=79
wind_u=72
pm25_lag_12h=70
pm25_roll_mean_3h=70
pm25_roll_mean_24h=67
pm25_lag_24h=64
hour_sin=61
boundary_layer_height=60
pm25_roll_median_24h=52
surface_pressure=52
pm25_lag_1h=48
pm25_lag_6h=46
wind_direction_10m=39
day_of_week_cos=35
pm25_lag_3h=32
pm25_roll_median_3h=32
pm25_roll_median_6h=31
temperature_2m=26
pm25_roll_mean_6h=20
wind_v=14
day_of_week_sin=10

parameters:
[boosting: gbdt]
[objective: regression]
[metric: l1]
[tree_learner: serial]
[device_type: cpu]
[data_sample_strategy: bagging]
[data: ]
[valid: ]
[num_iterations: 150]
[learning_rate: 0.03]
[num_leaves: 15]
[num_threads: 0]
[seed: 42]
[deterministic: 0]
[force_col_wise: 0]
[force_row_wise: 0]
[histogram_pool_size: -1]
[max_depth: 4]
[min_data_in_leaf: 20]
[min_sum_hessian_in_leaf: 0.001]
[bagging_fraction: 1]
[pos_bagging_fraction: 1]
[neg_bagging_fraction: 1]
[bagging_freq: 0]
[bagging_seed: 400]
[bagging_by_query: 0]
[feature_fraction: 0.8]
[feature_fraction_bynode: 1]
[feature_fraction_seed: 30056]
[extra_trees: 0]
[extra_seed: 12879]
[early_stopping_round: 0]
[early_stopping_min_delta: 0]
[first_metric_only: 0]
[max_delta_step: 0]
[lambda_l1: 0]
[lambda_l2: 0]
[linear_lambda: 0]
[min_gain_to_split: 0]
[drop_rate: 0.1]
[max_drop: 50]
[skip_drop: 0.5]
[xgboost_dart_mode: 0]
[uniform_drop: 0]
[drop_seed: 17869]
[top_rate: 0.2]
[other_rate: 0.1]
[min_data_per_group: 100]
[max_cat_threshold: 32]
[cat_l2: 10]
[cat_smooth: 10]
[max_cat_to_onehot: 4]
[top_k: 20]
[monotone_constraints: ]
[monotone_constraints_method: basic]
[monotone_penalty: 0]
[feature_contri: ]
[forcedsplits_filename: ]
[refit_decay_rate: 0.9]
[cegb_tradeoff: 1]
[cegb_penalty_split: 0]
[cegb_penalty_feature_lazy: ]
[cegb_penalty_feature_coupled: ]
[path_smooth: 0]
[interaction_constraints: ]
[verbosity: -1]
[saved_feature_importance_type: 0]
[use_quantized_grad: 0]
[num_grad_quant_bins: 4]
[quant_train_renew_leaf: 0]
[stochastic_rounding: 1]
[linear_tree: 0]
[max_bin: 255]
[max_bin_by_feature: ]
[min_data_in_bin: 3]
[bin_construct_sample_cnt: 200000]
[data_random_seed: 175]
[is_enable_sparse: 1]
[enable_bundle: 1]
[use_missing: 1]
[zero_as_missing: 0]
[feature_pre_filter: 1]
[pre_partition: 0]
[two_round: 0]
[header: 0]
[label_column: ]
[weight_column: ]
[group_column: ]
[ignore_column: ]
[categorical_feature: ]
[forcedbins_filename: ]
[precise_float_parser: 0]
[parser_config_file: ]
[objective_seed: 16083]
[num_class: 1]
[is_unbalance: 0]
[scale_pos_weight: 1]
[sigmoid: 1]
[boost_from_average: 1]
[reg_sqrt: 0]
[alpha: 0.9]
[fair_c: 1]
[poisson_max_delta_step: 0.7]
[tweedie_variance_power: 1.5]
[lambdarank_truncation_level: 30]
[lambdarank_norm: 1]
[label_gain: ]
[lambdarank_position_bias_regularization: 0]
[eval_at: ]
[multi_error_top_k: 1]
[auc_mu_weights: ]
[num_machines: 1]
[local_listen_port: 12400]
[time_out: 120]
[machine_list_filename: ]
[machines: ]
[gpu_platform_id: -1]
[gpu_device_id: -1]
[gpu_device_id_list: ]
[gpu_use_dp: 0]
[num_gpu: 1]

end of parameters

pandas_categorical:null
