tree
version=v4
num_class=1
num_tree_per_iteration=1
label_index=0
max_feature_idx=26
objective=regression
feature_names=latitude longitude pm25_lag_1h pm25_lag_3h pm25_lag_6h pm25_lag_12h pm25_lag_24h pm25_roll_mean_3h pm25_roll_median_3h pm25_roll_mean_6h pm25_roll_median_6h pm25_roll_mean_24h pm25_roll_median_24h temperature_2m relative_humidity_2m wind_speed_10m wind_direction_10m wind_u wind_v surface_pressure boundary_layer_height hour_sin hour_cos day_of_week_sin day_of_week_cos month_sin month_cos
feature_infos=none none [51:442] [51:442] [51:442] [51:431] [66:431] [57.75:407] [57:408] [64:373.57000732421875] [66:370] [79.5:357] [80.5:357] [7.8000001907348633:22.799999237060547] [45:100] [0.05000000074505806:3.9100000858306885] [2:360] [-3.5499999523162842:2.9500000476837158] [-2:1.8400000333786011] [986.79998779296875:997.70001220703125] [10:980] [-1:1] [-1:1] [-0.97492998838424683:0.97492998838424683] [-0.9009699821472168:1] none none
tree_sizes=1483 1434 1438 1604 1444 1450 1444 1523 1450 1602 1608 1457 1610 1615 1460 1611 1533 1534 1450 1456 1537 1532 1525 1545 1453 1624 1698 1455 1459 1630 1455 1620 1538 1543 1791 1383 1621 1462 1553 1627 1636 1718 1550 1367 1547 1543 1467 1544 1535 1560 1644 1550 1542 1455 1552 1560 1397 1557 1465 1548 1638 1557 1637 1389 1560 1554 1634 1476

Tree=0
num_leaves=17
num_cat=0
split_feature=15 12 7 22 6 22 13 6 11 6 21 19 7 15 6 14
split_gain=518640 224474 149059 78669.2 72434.8 71585.9 69045.2 33974.9 31145.1 30507.8 22984.1 40289.7 9174.75 8762.79 7947.1 1791.75
threshold=1.1749999523162844 187.75000000000003 166.12500000000003 -0.60355499386787403 131.50000000000003 -0.37940999865531916 15.150000095367433 207.50000000000003 247.04000091552737 119.50000000000001 1.0000000180025095e-35 992.85000610351574 184.00000000000003 1.9249999523162844 240.00000000000003 91.500000000000014
decision_type=8 10 10 2 10 2 10 8 10 10 2 10 8 8 10 10
left_child=2 5 3 -1 -4 9 7 -3 -6 -2 12 -12 15 -11 -9 -7
right_child=1 6 4 -5 8 10 -8 14 -10 13 11 -13 -14 -15 -16 -17
leaf_value=189.60602913524517 188.04555296920685 188.65259002209433 192.59122854577774 185.4155529692317 188.77290588743554 184.88729208271911 190.16184922759902 186.98796679511341 190.92918927282315 186.37918934660649 181.93146192784783 184.76900121384844 185.85055298708826 184.95126725971789 185.7107910681064 184.2697195816333
leaf_weight=21 20 27 37 24 34 23 27 29 33 22 22 29 20 21 21 24
leaf_count=21 20 27 37 24 34 23 27 29 33 22 22 29 20 21 21 24
internal_value=187.385 186.135 189.775 187.371 190.816 185.071 187.986 187.223 189.835 186.432 184.345 183.545 184.954 185.682 186.452 184.572
internal_weight=434 285 149 45 104 181 104 77 67 63 118 51 67 43 50 47
internal_count=434 285 149 45 104 181 104 77 67 63 118 51 67 43 50 47
is_linear=0
shrinkage=1


Tree=1
num_leaves=16
num_cat=0
split_feature=15 12 7 22 6 22 13 6 11 6 21 19 5 19 15
split_gain=468072 202588 134526 70999 65372.4 64606.3 62313.3 30737 28108.5 27533.3 20743.2 36361.5 11447.8 8989.09 7908.42
threshold=1.1749999523162844 187.75000000000003 166.12500000000003 -0.60355499386787403 131.50000000000003 -0.37940999865531916 15.150000095367433 204.50000000000003 247.04000091552737 119.50000000000001 1.0000000180025095e-35 992.85000610351574 190.50000000000003 991.95001220703136 1.9249999523162844
decision_type=8 10 10 2 10 2 10 8 10 10 2 10 10 10 8
left_child=2 5 3 -1 -4 9 7 -3 -6 -2 13 -12 -9 -7 -11
right_child=1 6 4 -5 8 10 -8 12 -10 14 11 -13 -14 -15 -16
leaf_value=2.110174779381071 0.62772234022617346 1.2873705120086671 4.9461141122354046 -1.8707776678105195 1.3187076690442423 -1.7881259363245321 2.6382038076718648 -0.075064542293548586 3.3671769660530675 -0.95532308871095839 -5.1806640625 -2.4850018402625778 -1.5599084805559231 -2.9527980756759646 -2.3118490945725214
leaf_weight=21 20 25 37 24 34 37 27 25 33 22 22 29 27 30 21
leaf_count=21 20 25 37 24 34 37 27 25 33 22 22 29 27 30 21
internal_value=-1.05888e-08 -1.18728 2.27097 -0.0129999 3.25922 -2.19777 0.571362 -0.153375 2.32766 -0.904944 -2.888 -3.64784 -0.846041 -2.30962 -1.61781
internal_weight=434 285 149 45 104 181 104 77 67 63 118 51 52 67 43
internal_count=434 285 149 45 104 181 104 77 67 63 118 51 52 67 43
is_linear=0
shrinkage=0.05


Tree=2
num_leaves=16
num_cat=0
split_feature=15 12 7 22 6 22 14 6 5 23 5 7 23 5 19
split_gain=422435 182835 121409 64076.6 58998.6 58307.2 50334.4 36820.1 28150.7 25617.9 17041.6 13047.4 12166.9 8116.31 4319.53
threshold=1.1749999523162844 187.75000000000003 166.12500000000003 -0.60355499386787403 131.50000000000003 -0.37940999865531916 84.500000000000014 204.50000000000003 221.00000000000003 1.0000000180025095e-35 147.50000000000003 167.25000000000003 1.0000000180025095e-35 190.50000000000003 992.35000610351574
decision_type=8 10 10 2 10 2 8 8 10 2 10 10 2 10 8
left_child=2 5 3 -1 -4 9 -3 -8 -6 -2 11 14 -12 -9 -7
right_child=1 6 4 -5 8 10 7 13 -10 -11 12 -13 -14 -15 -16
leaf_value=2.004666009971074 -1.7328742278946772 2.0230009479297175 4.6988085862752555 -1.7772387916843098 3.0796807594788382 -3.1322775473961464 1.4601448421056071 -0.34194428551764716 1.0017035897289004 0.3045390327771505 -2.7806145931112356 -1.2268717299808156 -4.360904130481539 -1.6753081719875338 -2.154892386198044
leaf_weight=21 36 37 37 24 39 26 21 21 28 27 29 22 21 25 20
leaf_count=21 36 37 37 24 39 26 21 21 28 27 29 22 21 25 20
internal_value=-1.10141e-08 -1.12791 2.15742 -0.0123499 3.09626 -2.08788 0.542794 -0.274634 2.21127 -0.859697 -2.7436 -2.22836 -3.44434 -1.0666 -2.70733
internal_weight=434 285 149 45 104 181 104 67 67 63 118 68 50 46 46
internal_count=434 285 149 45 104 181 104 67 67 63 118 68 50 46 46
is_linear=0
shrinkage=0.05


Tree=3
num_leaves=18
num_cat=0
split_feature=15 12 8 13 15 14 11 10 21 21 8 10 10 11 17 11 17
split_gain=381248 165009 103381 52999 51152.8 84001.9 34887.5 30626.5 25709.1 25571.5 22921 16457.3 15801.9 14260.5 5716.68 5325.71 3627.3
threshold=1.1749999523162844 187.75000000000003 157.25000000000003 16.550000190734867 0.56499999761581432 81.500000000000014 121.65999984741212 231.00000000000003 -0.60355499386787403 0.60355499386787426 196.75000000000003 202.50000000000003 129.50000000000003 134.93999481201175 0.85500001907348644 158.58000183105472 1.7699999809265139
decision_type=8 10 10 10 10 10 8 10 2 2 8 10 10 10 8 10 10
left_child=2 6 9 8 -4 -6 -2 -7 -3 -1 12 -10 16 -14 -15 -16 -8
right_child=1 3 4 -5 5 7 10 -9 11 -11 -12 -13 13 14 15 -17 -18
leaf_value=1.1153592656056086 -0.013949585556983949 -1.2721597662993842 4.4968929851756378 2.8288473457098009 4.4010055468632627 1.9978456192016603 -1.2513785112987865 -0.62722052216529844 -0.080521934202739176 -1.3054101788997652 -0.72856550541791054 1.6899910850184305 -4.0276535177230839 -1.8000499880313876 -3.2453805167099525 -2.2265606880187989 -2.1316762700080871
leaf_weight=24 20 28 34 20 26 25 22 20 35 20 22 21 20 20 29 23 25
leaf_count=24 20 28 34 20 26 25 22 20 35 20 22 21 20 20 29 23 25
internal_value=1.23055e-08 -1.07152 2.04955 0.515654 2.90212 2.13842 -1.98348 0.83115 -0.0351063 0.0150095 -2.22815 0.58342 -2.46549 -2.84653 -2.51844 -2.79475 -1.71962
internal_weight=434 285 149 104 105 71 181 45 84 44 161 56 139 92 72 52 47
internal_count=434 285 149 104 105 71 181 45 84 44 161 56 139 92 72 52 47
is_linear=0
shrinkage=0.05


Tree=4
num_leaves=16
num_cat=0
split_feature=15 12 23 12 23 17 22 19 21 7 6 21 19 19 15
split_gain=344076 148921 109736 67056.5 120370 82740.9 50190.1 48297 48106.1 29658.3 23412.2 16809.9 29900.6 7879.32 6463.61
threshold=1.1749999523162844 187.75000000000003 0.87838000059127819 232.75000000000003 -0.60785500705242146 0.37500000000000006 -0.37940999865531916 991.95001220703136 -0.37940999865531916 191.37500000000003 119.50000000000001 1.0000000180025095e-35 992.85000610351574 991.95001220703136 1.9249999523162844
decision_type=8 10 2 10 2 10 2 10 2 10 10 2 10 10 8
left_child=2 6 3 4 7 -6 10 -1 -3 -10 -2 13 -13 -8 -12
right_child=1 8 -4 -5 5 -7 11 -9 9 -11 14 12 -14 -15 -16
leaf_value=1.961289236545563 0.66849742412567137 -0.92733635839663064 -1.0749184417724611 4.9928981314534724 5.2864350803436775 1.3759997725486757 -1.4837715782829235 -1.3069017245219303 0.14476059873898825 2.2734049642665517 -0.80325402129780166 -4.5666867472908717 -2.122216757977831 -2.5741828425725304 -2.0296223140898206
leaf_weight=20 20 38 25 23 31 24 37 26 30 36 22 22 29 30 21
leaf_count=20 20 38 25 23 31 24 37 26 30 36 22 22 29 30 21
internal_value=-8.56302e-09 -1.01794 1.94707 2.55634 2.00148 3.58006 -1.88431 0.114051 0.489871 1.30584 -0.744821 -2.49268 -3.17669 -1.97202 -1.40218
internal_weight=434 285 149 124 101 55 181 46 104 66 63 118 51 67 43
internal_count=434 285 149 124 101 55 181 46 104 66 63 118 51 67 43
is_linear=0
shrinkage=0.05


Tree=5
num_leaves=16
num_cat=0
split_feature=15 12 23 9 22 13 10 14 21 23 16 10 18 12 21
split_gain=310529 134401 99037 63729.8 45296.5 44697.6 40648.5 64983 21140.6 20945.8 15199.5 14392.6 14059.7 13831.7 5155.62
threshold=1.1749999523162844 187.75000000000003 0.87838000059127819 169.62000274658206 -0.37940999865531916 16.550000190734867 195.50000000000003 83.500000000000014 -0.60355499386787403 1.0000000180025095e-35 269.50000000000006 202.50000000000003 -0.44499999284744257 135.25000000000003 -1.0000000180025095e-35
decision_type=8 10 2 10 2 10 10 10 2 2 10 10 10 10 2
left_child=2 4 3 -1 9 8 -5 -8 -3 -2 -6 -10 13 -12 -15
right_child=1 5 -4 6 10 -7 7 -9 11 -11 12 -13 -14 14 -16
leaf_value=0.69036804534293505 -1.497129081355201 -1.1621849570955549 -1.0211724939346314 4.7365852168628146 -1.2147499255512073 2.5896994853019715 4.6553695383526037 1.1896418566766538 -0.10042561714138304 0.34515274763107301 -1.2854434571836306 1.5553033504635096 -3.6934808452924095 -2.3196986428013555 -3.3642739477611729
leaf_weight=37 36 28 25 28 23 20 21 38 35 27 23 21 24 27 21
leaf_count=37 36 28 25 28 23 20 21 38 35 27 23 21 24 27 21
internal_value=-3.76821e-10 -0.967045 1.84972 2.42853 -1.79009 0.465378 3.16774 2.42321 -0.0404132 -0.70758 -2.36805 0.520473 -2.64727 -2.29362 -2.7767
internal_weight=434 285 149 124 181 104 87 59 84 63 118 56 95 71 48
internal_count=434 285 149 124 181 104 87 59 84 63 118 56 95 71 48
is_linear=0
shrinkage=0.05


Tree=6
num_leaves=16
num_cat=0
split_feature=15 9 23 9 21 23 19 22 10 23 2 5 21 20 19
split_gain=280252 102375 89380.9 57516.1 43463.1 40845.9 84338.9 38750 22156.4 22885.2 20881.9 15864 13647.2 13334.1 9194.6
threshold=1.1749999523162844 181.56999969482425 0.87838000059127819 169.62000274658206 -0.37940999865531916 1.0000000180025095e-35 991.45001220703136 -0.60355499386787403 163.00000000000003 -0.60785500705242146 202.50000000000003 149.50000000000003 -1.0000000180025095e-35 67.500000000000014 992.35000610351574
decision_type=8 10 2 10 2 2 10 2 10 2 8 8 2 8 10
left_child=2 7 3 -1 13 6 -5 11 9 -9 -6 -2 -11 -3 -14
right_child=1 4 -4 5 10 -7 -8 8 -10 12 -12 -13 14 -15 -16
leaf_value=0.65584964301135096 -1.1461476509387676 0.39055157631635667 -0.97011388772726059 4.6676059365272522 0.54377041697502138 4.3298975382532392 0.52860403526574373 -0.96894538295269017 -0.73882080870015288 -1.9071560740470888 2.6824906228553682 0.72691779255867006 -3.804969598565783 -1.2761615204811099 -2.5117957980544481
leaf_weight=37 26 20 25 20 25 35 32 25 28 35 21 20 28 30 27
leaf_count=37 26 20 25 20 25 35 32 25 28 35 21 20 28 30 27
internal_value=5.81283e-09 -0.918693 1.75723 2.3071 0.410966 3.00935 2.12053 -1.59408 -2.00013 -2.30723 1.52014 -0.331771 -2.67898 -0.609476 -3.17014
internal_weight=434 285 149 124 96 87 52 189 143 115 46 46 90 50 55
internal_count=434 285 149 124 96 87 52 189 143 115 46 46 90 50 55
is_linear=0
shrinkage=0.05


Tree=7
num_leaves=17
num_cat=0
split_feature=9 21 20 14 14 14 21 17 6 23 4 23 2 19 2 18
split_gain=246821 88735.3 93429.6 50123.1 65216 43081.9 69866.9 26480.3 28736.6 24398.9 33639.3 22755.1 14912.6 7887.93 4469.54 2076.67
threshold=169.62000274658206 -0.37940999865531916 32.500000000000007 96.500000000000014 70.500000000000014 81.500000000000014 0.78656998276710521 0.60500001907348644 119.50000000000001 -0.60785500705242146 238.50000000000003 -0.87838000059127797 209.50000000000003 991.10000610351574 127.50000000000001 -0.42499999701976771
decision_type=10 2 8 8 10 10 2 8 10 2 8 2 10 10 10 10
left_child=5 2 -2 4 -3 6 7 -1 -9 -6 -11 -7 -4 -13 -15 -16
right_child=1 3 12 -5 9 11 -8 8 -10 10 -12 13 -14 14 15 -17
leaf_value=1.933618770326887 2.2064936963950887 3.5683650684356696 -1.6996082997984356 4.3410955551266666 -0.68881307244300849 -0.4047267406433821 -2.3244074120241054 1.1753700995445253 -1.3908487647771837 2.6444210861451349 0.12464129172817424 -3.0243003311157231 -0.22809761040138476 -2.5348415478416113 -1.3167378252460844 -2.0286403437703848
leaf_weight=21 34 30 36 20 20 20 34 20 24 26 27 25 33 23 21 20
leaf_count=21 34 30 36 20 20 20 34 20 24 26 27 25 33 23 21 20
internal_value=1.03046e-08 1.14391 0.0612395 2.05054 1.60578 -1.24291 -0.487847 0.472816 -0.224386 0.799233 1.36076 -1.92869 -0.995842 -2.27116 -1.97696 -1.66401
internal_weight=434 226 103 123 103 208 99 65 44 73 53 109 69 89 64 41
internal_count=434 226 103 123 103 208 99 65 44 73 53 109 69 89 64 41
is_linear=0
shrinkage=0.05


Tree=8
num_leaves=16
num_cat=0
split_feature=9 22 10 14 14 3 19 21 12 24 11 20 5 12 18
split_gain=222756 101512 80309.6 83101.6 69071 35313.4 23195.9 21795.8 16067.1 28033.7 9635.12 9159.39 8601.24 8152.75 6202.36
threshold=169.62000274658206 -0.78656998276710499 303.50000000000006 96.500000000000014 68.500000000000014 176.50000000000003 992.35000610351574 1.0000000180025095e-35 150.50000000000003 -0.56174498796463002 136.40000152587893 92.500000000000014 150.50000000000003 150.50000000000003 -1.0000000180025095e-35
decision_type=10 2 10 10 10 10 8 2 10 2 10 10 8 10 10
left_child=1 12 3 4 -2 -6 7 -3 -7 14 -8 -11 -1 -12 -10
right_child=2 6 -4 -5 5 8 10 -9 9 11 13 -13 -14 -15 -16
leaf_value=0.27024286729948865 3.0653449666500094 -1.6284467069726241 3.3265250858138589 3.5097902007724926 1.4690631930033367 0.64832185919468222 -0.3868489901224772 -3.3710230504765231 0.86419350326061251 -2.356152563095093 -2.181560887961552 -1.0001224962147801 1.627859196662903 -1.0479110385690418 -0.38103322833776476
leaf_weight=28 20 38 34 23 30 26 24 34 20 20 29 33 20 35 20
leaf_count=28 20 38 34 23 30 26 24 34 20 20 29 33 20 35 20
internal_value=1.45578e-09 -1.18076 1.08672 0.690086 0.306339 -0.0639975 -1.78576 -2.45133 -0.450483 -0.757676 -1.24121 -1.51183 0.835916 -1.5616 0.24158
internal_weight=434 208 226 192 169 149 160 72 119 93 88 53 48 64 40
internal_count=434 208 226 192 169 149 160 72 119 93 88 53 48 64 40
is_linear=0
shrinkage=0.05


Tree=9
num_leaves=18
num_cat=0
split_feature=15 12 23 6 11 23 22 19 14 6 6 16 5 19 6 15 18
split_gain=222675 91396.1 73646.2 51808.3 40704.7 55338.2 33299 28678.1 27368.4 27359.8 18149.6 11094.1 11439.9 6625.53 5761.96 5475.4 4121.07
threshold=1.1749999523162844 187.75000000000003 0.87838000059127819 111.50000000000001 241.2850036621094 -0.60785500705242146 -0.37940999865531916 992.25000000000011 86.500000000000014 204.50000000000003 119.50000000000001 269.50000000000006 144.50000000000003 993.45001220703136 221.00000000000003 1.9249999523162844 -0.64499998092651356
decision_type=8 10 2 10 10 2 2 10 8 8 10 10 10 10 10 8 10
left_child=2 6 3 -1 5 7 10 -5 -3 -10 -2 -8 16 -14 -11 -12 -13
right_child=1 8 -4 4 -6 -7 11 -9 9 14 15 12 13 -15 -16 -17 -18
leaf_value=4.3960420846939092 0.67490719139575961 1.4094631510667313 -0.90931689023971574 1.0157533693313601 3.1352407548696766 2.717902120947838 -1.0078441218189571 -1.5244394326210022 1.2189114879994165 -0.34785172551870347 -0.59700893813913525 -1.4000300826448384 -3.5067074823379514 -2.2492926911874251 -1.4969592776149512 -1.725742224284581 -2.3096099464595321
leaf_weight=20 20 39 25 25 31 28 23 20 21 20 22 33 20 22 24 21 20
leaf_count=20 20 39 25 25 31 28 23 20 21 20 22 33 20 22 24 21 20
internal_value=-1.37338e-10 -0.818901 1.56635 2.06548 1.6173 0.972689 -1.49762 -0.113221 0.362328 -0.265953 -0.56947 -1.99315 -2.2317 -2.84806 -0.974638 -1.14825 -1.74327
internal_weight=434 285 149 124 104 73 181 45 104 65 63 118 95 42 44 43 53
internal_count=434 285 149 124 104 73 181 45 104 65 63 118 95 42 44 43 53
is_linear=0
shrinkage=0.05


Tree=10
num_leaves=18
num_cat=0
split_feature=15 9 23 24 5 9 5 21 22 11 24 3 20 10 15 11 23
split_gain=200964 69935 66465.7 44823.2 39045.8 47783.9 34118.2 29679.9 28475.2 22148.3 18698.8 12594.1 10723.4 9926.41 9094 3236.8 4304.4
threshold=1.1749999523162844 181.56999969482425 0.87838000059127819 1.0000000180025095e-35 188.50000000000003 239.00000000000003 151.50000000000003 -0.37940999865531916 -0.60355499386787403 168.37000274658206 -0.56174498796463002 99.500000000000014 67.500000000000014 152.25000000000003 2.0249999761581425 128.23999786376956 -1.0000000180025095e-35
decision_type=8 10 2 2 8 10 10 2 2 10 2 10 8 10 10 10 2
left_child=2 8 3 4 -1 -6 -5 12 11 13 -9 -2 -3 15 -11 -10 -17
right_child=1 7 -4 6 5 -7 -8 10 9 14 -12 -13 -14 -15 -16 16 -18
leaf_value=1.4784469213241187 0.68920865774154672 0.37457145631313327 -0.86385104227066045 2.0876136445999145 5.4563280391693114 2.1471771339575452 -0.79794679823375891 2.2027776469786962 -1.2274090251326562 -1.4396283438801767 0.18469695150852206 -0.97969014094426088 -1.1201001632213594 -2.8753696731158667 0.068184584081172936 -1.5197470876905654 -2.4045508989265989
leaf_weight=39 20 20 25 20 20 24 21 24 20 20 22 26 30 28 20 27 28
leaf_count=39 20 20 25 20 20 24 21 24 20 20 22 26 30 28 20 27 28
internal_value=7.14157e-09 -0.777956 1.48804 1.96221 2.63034 3.65134 0.609644 0.321025 -1.33617 -1.68425 1.23761 -0.254082 -0.522232 -2.07203 -0.685722 -1.77212 -1.97019
internal_weight=434 285 149 124 83 44 41 96 189 143 46 46 50 103 40 75 55
internal_count=434 285 149 124 83 44 41 96 189 143 46 46 50 103 40 75 55
is_linear=0
shrinkage=0.05


Tree=11
num_leaves=16
num_cat=0
split_feature=15 12 23 6 12 23 22 21 21 23 23 16 5 19 18
split_gain=181370 75378.8 59985.3 44356.2 34929.8 50964.8 27457.5 27025.5 26693.5 23761.9 16382.2 9366.29 9882.7 5799.73 3558.6
threshold=1.1749999523162844 187.75000000000003 0.87838000059127819 111.50000000000001 232.75000000000003 -0.60785500705242146 -0.37940999865531916 1.0000000180025095e-35 -0.37940999865531916 1.0000000180025095e-35 1.0000000180025095e-35 269.50000000000006 144.50000000000003 993.45001220703136 -0.64499998092651356
decision_type=8 10 2 10 10 2 2 2 2 2 2 10 10 10 10
left_child=2 6 3 -1 5 7 10 -5 -3 -10 -2 -8 14 -14 -13
right_child=1 8 -4 4 -6 -7 11 -9 9 -11 -12 12 13 -15 -16
leaf_value=4.0205386352539065 -1.2108847942617205 -0.72200682261272486 -0.82065850496292114 1.1598561366399129 3.2711115791684109 2.3367617464379262 -0.90007879319398298 -1.2962537517150245 2.0817258616288501 0.15212072420578737 0.41838734988813048 -1.2516724843898732 -3.2137114000320439 -2.0372652378949252 -2.096903504729271
leaf_weight=20 36 38 25 21 21 38 23 24 27 39 27 33 20 22 20
leaf_count=20 36 38 25 21 21 38 23 24 27 39 27 33 20 22 20
internal_value=9.17396e-09 -0.739058 1.41363 1.8641 1.4494 0.98848 -1.35544 -0.150069 0.333683 0.941505 -0.512625 -1.80542 -2.0246 -2.59748 -1.57063
internal_weight=434 285 149 124 104 83 181 45 104 66 63 118 95 42 53
internal_count=434 285 149 124 104 83 181 45 104 66 63 118 95 42 53
is_linear=0
shrinkage=0.05


Tree=12
num_leaves=18
num_cat=0
split_feature=7 22 14 10 14 3 20 23 6 23 6 20 20 24 6 20 6
split_gain=160083 76899.2 69877.1 86079 44707.1 31056.5 32235.8 25439 21802.9 16760.1 13846.5 25831 9303.12 6978.85 10791.9 5175.21 2037.75
threshold=166.12500000000003 -0.78656998276710499 97.500000000000014 310.00000000000006 69.500000000000014 179.50000000000003 112.50000000000001 -0.87838000059127797 165.50000000000003 -0.60785500705242146 221.00000000000003 67.500000000000014 482.50000000000006 1.0000000180025095e-35 150.50000000000003 87.500000000000014 150.50000000000003
decision_type=10 2 8 10 10 10 10 2 8 2 8 10 8 2 8 10 8
left_child=1 8 3 4 -2 6 -6 -3 -1 -7 11 -11 13 14 -9 -12 -15
right_child=2 7 -4 -5 5 9 -8 12 -10 10 15 -13 -14 16 -16 -17 -18
leaf_value=-0.16416769879204887 2.4762473368644713 -0.12176536224209344 3.5876973444765263 3.3748844432830811 2.46151774620468 -1.5100801834038327 -0.31204047262668611 -3.2548952159674274 1.9973253715038302 1.6342022334535917 -1.2959247849034994 -0.68559381564458211 -0.89605176232077854 -1.2921065022116123 -1.7680449627912962 -0.21140491870993916 -1.8914228559547182
leaf_weight=28 20 26 22 25 22 28 20 23 20 24 22 24 22 23 26 22 37
leaf_count=28 20 26 22 25 22 28 20 23 20 24 22 24 22 23 26 22 37
internal_value=7.43771e-09 -1.01494 0.908568 0.62383 0.245938 -0.0294094 1.14078 -1.55039 0.736454 -0.438974 -0.112985 0.474304 -1.83394 -2.02324 -2.46595 -0.753665 -1.66168
internal_weight=434 205 229 207 182 162 42 157 48 120 92 48 131 109 49 44 60
internal_count=434 205 229 207 182 162 42 157 48 120 92 48 131 109 49 44 60
is_linear=0
shrinkage=0.05


Tree=13
num_leaves=18
num_cat=0
split_feature=7 22 14 14 7 16 21 23 17 10 6 8 20 24 11 6 22
split_gain=144475 69401.5 65360.2 75283.5 56121.6 41369.1 24671.3 22958.7 20321.6 17354.4 15396.6 12992.5 8396.07 6298.41 9906.67 1839.07 1662.51
threshold=166.12500000000003 -0.78656998276710499 96.500000000000014 83.500000000000014 296.00000000000006 96.500000000000014 0.37940999865531927 -0.87838000059127797 1.2200000286102297 195.50000000000003 214.00000000000003 199.25000000000003 482.50000000000006 1.0000000180025095e-35 136.40000152587893 150.50000000000003 1.0000000180025095e-35
decision_type=10 2 10 8 10 10 2 2 10 10 8 10 8 2 10 8 2
left_child=1 8 3 4 5 -2 9 -3 -1 -5 -11 -7 13 14 -9 -15 -12
right_child=2 7 -4 6 -6 11 -8 12 -10 10 16 -13 -14 15 -16 -17 -18
leaf_value=1.9169154438376428 2.8577202773094181 -0.1156771003913421 3.126365892376219 -1.9237708759307861 3.9944419133663178 -0.82517784878611566 1.3170978450775148 -3.1635847764355796 -0.16985669646944321 0.56607576159294692 -0.53865596681833272 0.88459348797798154 -0.85124919468706306 -1.2275011762328771 -1.7269603232187885 -1.7968517210032489 -1.1559014687935512
leaf_weight=20 20 26 28 20 20 20 20 21 28 32 20 25 22 23 28 37 24
leaf_count=20 20 26 28 20 20 20 20 21 28 32 20 25 22 23 28 37 24
internal_value=5.96046e-09 -0.96419 0.86314 0.547864 1.67829 0.965626 -0.280464 -1.47287 0.699632 -0.613289 -0.268425 0.124695 -1.74224 -1.92208 -2.34266 -1.5786 -0.875335
internal_weight=434 205 229 201 85 65 116 157 48 96 76 45 131 109 49 60 44
internal_count=434 205 229 201 85 65 116 157 48 96 76 45 131 109 49 60 44
is_linear=0
shrinkage=0.05


Tree=14
num_leaves=16
num_cat=0
split_feature=9 22 14 14 24 21 17 23 9 22 6 24 6 17 12
split_gain=132623 64657 58633.6 83968.3 46790.5 28182.7 19869.5 18610.1 18483.5 11079.4 10560.7 8829.38 16417.4 8142.07 1517.99
threshold=169.62000274658206 -0.78656998276710499 97.500000000000014 82.500000000000014 -0.56174498796463002 0.37940999865531927 1.2200000286102297 -0.87838000059127797 201.54999542236331 -0.37940999865531916 261.00000000000006 1.0000000180025095e-35 150.50000000000003 0.95499998331069957 144.50000000000003
decision_type=10 2 8 10 2 2 10 2 10 2 8 2 8 10 10
left_child=1 6 3 4 -2 8 -1 -3 -5 -9 13 12 -11 -10 -13
right_child=2 7 -4 5 -6 -7 -8 9 10 11 -12 14 -14 -15 -16
leaf_value=1.9020670387148859 3.1642287305883463 -0.16972936208431538 3.2909238902005287 -1.4288377482640116 0.68211021331640387 1.4209260377016935 -0.16136386394500735 -0.85173840540296897 1.1343793506423632 -3.3916371345520022 -0.84399654429692506 -1.1104030287265778 -1.5188423652648926 -0.25795284907023114 -1.6624429890603729
leaf_weight=20 37 26 22 38 39 22 28 34 21 22 26 20 25 21 33
leaf_count=20 37 26 22 38 39 22 28 34 21 22 26 20 25 21 33
internal_value=-4.77249e-10 -0.91108 0.838516 0.574041 1.89051 -0.207613 0.698399 -1.39392 -0.545611 -1.63145 -0.0520434 -1.89656 -2.39547 0.438213 -1.45413
internal_weight=434 208 226 204 76 128 48 160 106 134 68 100 47 42 53
internal_count=434 208 226 204 76 128 48 160 106 134 68 100 47 42 53
is_linear=0
shrinkage=0.05


Tree=15
num_leaves=18
num_cat=0
split_feature=15 9 14 12 16 21 7 16 13 21 11 15 11 4 12 2 12
split_gain=137085 88365.5 37406.1 31653.8 31473.2 27115 22118 21442.3 19252.8 15193.8 11432.7 10989.3 9137.2 10117.6 5161.93 4977.41 3991.17
threshold=0.74500000476837169 301.36000061035162 66.500000000000014 187.75000000000003 283.50000000000006 -1.0000000180025095e-35 204.62500000000003 259.50000000000006 18.349999427795414 -0.37940999865531916 127.22000122070314 1.7250000238418581 132.36000061035159 137.50000000000003 143.75000000000003 144.50000000000003 236.00000000000003
decision_type=8 10 8 10 10 2 10 10 10 2 8 10 8 10 10 10 10
left_child=4 2 8 6 5 -1 10 16 -2 -9 -4 -11 -12 14 -14 -15 -5
right_child=1 -3 3 7 -6 -7 -8 9 -10 11 12 -13 13 15 -16 -17 -18
leaf_value=1.6497196833292644 1.9573729389905929 2.7695622075171702 -0.29651763330806385 -1.2765694667424623 0.47588581017085485 4.0798910726200459 0.40195482552051542 -0.44979115437578276 -0.2102529525756836 1.9140338587388397 -2.433837716475777 0.25652714461088183 -0.22946475801013766 -1.3298217498894895 -1.2264950829393726 -2.198241330276836 -0.39458867292041366
leaf_weight=24 20 21 22 29 21 22 20 27 21 20 23 20 21 33 34 33 23
leaf_count=24 20 21 22 29 21 22 20 27 21 20 23 20 21 33 34 33 23
internal_value=6.32698e-09 -0.379685 -0.570825 -0.761434 2.07977 2.81198 -1.16886 -0.124615 0.847126 0.46667 -1.35812 1.08528 -1.52031 -1.34666 -0.845811 -1.76403 -0.886463
internal_weight=434 367 346 305 67 46 186 119 41 67 166 40 144 121 55 66 52
internal_count=434 367 346 305 67 46 186 119 41 67 166 40 144 121 55 66 52
is_linear=0
shrinkage=0.05


Tree=16
num_leaves=17
num_cat=0
split_feature=9 22 20 13 17 6 5 17 19 21 22 6 11 2 21 11
split_gain=109364 55302.7 48323.2 70029.9 52632 38974 20217.9 16528 13958.9 14249.1 7364.43 9912.18 7101.37 5368.44 4942.62 3493.73
threshold=169.62000274658206 -0.78656998276710499 37.500000000000007 16.849999427795414 0.55500000715255748 135.50000000000003 238.50000000000003 1.1549999713897707 992.35000610351574 1.0000000180025095e-35 -1.0000000180025095e-35 166.50000000000003 136.40000152587893 125.50000000000001 -0.60355499386787403 168.37000274658206
decision_type=10 2 8 10 10 10 10 8 8 2 2 8 10 10 2 10
left_child=1 7 4 6 5 -2 10 -1 9 -3 -4 -12 -10 -14 -13 -15
right_child=2 8 3 -5 -6 -7 -8 -9 12 -11 11 14 13 15 -16 -17
leaf_value=1.7589640424400568 4.5663985770940787 -1.1248629563733152 0.044487661336149488 2.2988471094299765 0.071346432805061352 1.5167095861651683 0.82362957778386781 -0.12297798139708382 -0.11798701683680218 -2.5338228029363297 -1.8516205286979677 -1.0996884506940841 -1.8057402181625368 -1.2840483756292436 -0.045132290363311768 -0.39204254409541256
leaf_weight=20 20 38 28 34 25 22 32 28 24 34 20 20 20 21 25 23
leaf_count=20 20 38 28 34 25 22 32 28 24 34 20 20 20 21 25 23
internal_value=3.90726e-09 -0.827343 0.761448 0.286843 1.88775 2.96894 -0.260421 0.661165 -1.2739 -1.79021 -0.633428 -0.925454 -0.85146 -1.12651 -0.513824 -0.817773
internal_weight=434 208 226 159 67 42 125 48 160 72 93 65 88 64 45 44
internal_count=434 208 226 159 67 42 125 48 160 72 93 65 88 64 45 44
is_linear=0
shrinkage=0.05


Tree=17
num_leaves=17
num_cat=0
split_feature=15 10 13 22 23 23 6 21 20 6 24 6 6 15 6 18
split_gain=112510 63177.9 48337.2 47376.2 26040.8 18370.1 18304.4 18238.2 21074.9 18703.6 10004.1 8872.8 7872.96 3826.35 2620.32 2525.96
threshold=0.57499998807907116 163.00000000000003 16.650000572204593 -0.60355499386787403 1.0000000180025095e-35 -0.87838000059127797 185.50000000000003 -0.37940999865531916 87.500000000000014 209.50000000000003 1.0000000180025095e-35 150.50000000000003 125.50000000000001 1.2599999904632571 203.50000000000003 -0.69499999284744252
decision_type=8 10 10 2 2 2 8 2 8 8 2 8 10 10 8 8
left_child=4 3 7 6 -1 -5 12 9 -9 -3 11 -7 -2 -11 -10 -12
right_child=1 2 -4 5 -6 10 -8 8 14 13 15 -13 -14 -15 -16 -17
leaf_value=1.1536744040995837 0.32192170351743699 0.47982435190316403 2.0692700770923067 -0.11064850273339644 3.6465225886214863 -2.8773511980970703 1.3742573721253355 1.9018676958300853 -0.32770058353245263 -1.5775640577077867 -1.6384899139404299 -1.5672123815332142 -1.0642154216766357 -0.71061230830848221 0.44013603627681736 -0.98653860458960896
leaf_weight=20 20 33 35 23 22 24 23 22 25 20 24 28 21 35 20 39
leaf_count=20 20 33 35 23 22 24 23 22 25 20 24 28 21 35 20 39
internal_value=2.38625e-10 -0.263513 0.390985 -0.87913 2.45945 -1.40059 0.245279 0.012018 0.633601 -0.461233 -1.65858 -2.17189 -0.388051 -1.02587 0.0135601 -1.2349
internal_weight=434 392 190 202 42 138 64 155 67 88 115 52 41 55 45 63
internal_count=434 392 190 202 42 138 64 155 67 88 115 52 41 55 45 63
is_linear=0
shrinkage=0.05


Tree=18
num_leaves=16
num_cat=0
split_feature=20 14 7 6 5 9 5 18 11 16 11 23 7 4 6
split_gain=90331.8 43277.6 36885.4 36158.3 42169.9 30428.6 30612.4 18185.2 29341.2 11210.6 7655.39 5180.33 7746.38 4534.1 5533.2
threshold=37.500000000000007 66.500000000000014 147.62500000000003 204.50000000000003 143.50000000000003 299.63999938964849 238.50000000000003 -0.54500001668930043 256.29999542236334 327.50000000000006 132.36000061035159 1.0000000180025095e-35 165.37500000000003 137.50000000000003 156.50000000000003
decision_type=8 8 8 10 10 8 8 10 10 10 10 2 10 10 10
left_child=3 2 -2 4 -1 6 9 -8 -9 10 -3 13 -13 -12 -15
right_child=1 5 -4 -5 -6 -7 7 8 -10 -11 11 12 -14 14 -16
leaf_value=0.7357152684813455 -0.055919771790504461 -1.6950441404392844 2.7161658906936648 -0.071374615601130897 3.7231631078101972 1.3567995119094851 -0.85825530523839211 2.1104049128034843 -0.47460245532648904 0.087567514243225258 -0.6946660025252237 -1.091192671912057 -0.023410137485938544 -2.0152201538500578 -1.0374022580110109
leaf_weight=21 30 38 20 21 27 20 23 23 21 24 36 35 33 23 39
leaf_count=21 30 38 20 21 27 20 23 23 21 24 36 35 33 23 39
internal_value=-1.86372e-09 -0.313634 1.05291 1.65908 2.41615 -0.530547 -0.658503 0.281086 0.876651 -0.93461 -1.05487 -0.908319 -0.573004 -1.14099 -1.40014
internal_weight=434 365 50 69 48 315 295 67 44 228 204 166 68 98 62
internal_count=434 365 50 69 48 315 295 67 44 228 204 166 68 98 62
is_linear=0
shrinkage=0.05


Tree=19
num_leaves=16
num_cat=0
split_feature=15 10 13 23 8 15 21 14 20 10 19 7 6 23 15
split_gain=95577.4 52012.3 41309.4 23020.1 19561.4 17088.2 16003 17915.3 17719.9 12895.3 12409.8 10132.2 5409.51 4608.07 2275.48
threshold=0.57499998807907116 163.00000000000003 16.650000572204593 1.0000000180025095e-35 115.25000000000001 1.8149999976158144 -0.37940999865531916 87.500000000000014 92.500000000000014 152.25000000000003 992.64999389648449 139.37500000000003 142.50000000000003 1.0000000180025095e-35 1.685000002384186
decision_type=8 10 10 2 10 10 2 8 8 10 8 10 10 2 10
left_child=3 4 6 -1 5 -2 7 -3 -8 11 -9 13 -13 -6 -10
right_child=1 2 -4 -5 9 -7 8 10 14 -11 -12 12 -14 -15 -16
leaf_value=1.0391313323378564 1.0550165259319804 0.83162616155154656 1.9024688019071307 3.3829405183141881 -0.94619940126107815 -0.78431494321141937 1.6368360228538514 -0.1513542956926606 -0.4124871810277303 -2.0776081120526348 -1.5124655727516203 0.21443888111547993 -0.7661124324951416 -1.8103049083992286 0.3235702225849742
leaf_weight=20 23 21 35 22 36 28 25 33 21 27 34 22 39 27 21
leaf_count=20 23 21 35 22 36 28 25 33 21 27 34 22 39 27 21
internal_value=2.13775e-09 -0.242876 0.350977 2.26684 -0.80145 0.0451875 0.000640468 -0.442663 0.58289 -1.0874 -0.842067 -0.871791 -0.412471 -1.31653 -0.0444585
internal_weight=434 392 190 42 202 51 155 88 67 151 67 124 61 63 42
internal_count=434 392 190 42 202 51 155 88 67 151 67 124 61 63 42
is_linear=0
shrinkage=0.05


Tree=20
num_leaves=17
num_cat=0
split_feature=15 9 6 14 12 10 23 8 13 10 17 15 16 11 4 2
split_gain=87065.5 62389.9 33664.4 26025 19307.8 17833.5 17204.2 15645 14064.8 8458.18 8176.67 7989.75 5257.07 8380.87 2106.87 2922.49
threshold=0.74500000476837169 301.36000061035162 131.50000000000003 66.500000000000014 187.75000000000003 229.00000000000003 1.0000000180025095e-35 210.75000000000003 18.349999427795414 122.50000000000001 1.2200000286102297 1.8450000286102297 313.50000000000006 135.34000396728518 134.50000000000003 144.50000000000003
decision_type=8 10 10 8 10 10 2 10 10 8 10 10 8 10 10 10
left_child=2 3 -1 8 7 6 -6 9 -2 11 -8 -5 13 -11 -15 -16
right_child=1 -3 -4 4 5 -7 10 -9 -10 12 -12 -13 -14 14 15 -17
leaf_value=2.9404166451815903 1.6684767365455628 2.3436099321359682 0.67836592040563892 0.20331869125366211 1.182440593559295 -1.0730712581026767 -0.96827845710019267 0.38072674423456193 -0.18422176525706338 -2.1718624474673436 0.28941634329301968 -1.1759277945473081 -0.56488329103216539 -0.81759399308098679 -0.97954865793387091 -1.7598381688197453
leaf_weight=29 20 21 38 21 32 35 24 20 21 29 28 21 20 27 24 24
leaf_count=29 20 21 38 21 32 35 24 20 21 29 28 21 20 27 24 24
internal_value=-2.79676e-09 -0.302589 1.65746 -0.463196 -0.622186 -0.124827 0.270275 -0.940388 0.719534 -1.09956 -0.291058 -0.486305 -1.30727 -1.45004 -1.17094 -1.36969
internal_weight=434 367 67 346 305 119 84 186 41 166 52 42 124 104 75 48
internal_count=434 367 67 346 305 119 84 186 41 166 52 42 124 104 75 48
is_linear=0
shrinkage=0.05


Tree=21
num_leaves=17
num_cat=0
split_feature=20 22 2 5 17 16 3 4 5 10 7 16 23 22 12 4
split_gain=71107.2 47663.4 40424.8 39285.5 36888.9 15697.4 13317.7 10463.6 9306.54 7532.51 9398.79 5984.98 5522.96 5515 2943.32 1778.2
threshold=37.500000000000007 -0.37940999865531916 207.50000000000003 259.00000000000006 0.55500000715255748 102.50000000000001 96.000000000000014 166.50000000000003 145.50000000000003 226.00000000000003 158.12500000000003 288.50000000000006 1.0000000180025095e-35 0.60355499386787426 132.75000000000003 127.50000000000001
decision_type=8 2 10 10 10 10 10 8 10 8 10 10 2 2 10 8
left_child=4 2 5 7 13 -2 -7 8 14 10 -9 -10 15 -1 -3 -8
right_child=1 3 -4 -5 -6 6 12 9 11 -11 -12 -13 -14 -15 -16 -17
leaf_value=1.8429263073465099 1.292795286178589 -0.41630192995071413 2.1294809980584044 0.93608399108052254 -0.014772222821529096 0.77919799089431763 -0.64110102131031454 -0.96601671108177722 -1.3719231757250698 -1.2901931534920421 0.28835878507234158 -2.4365915471857247 -0.10770700468736537 2.9781934940814971 -1.2169672469298045 -1.3078477230668069
leaf_weight=23 20 22 28 30 26 24 20 28 33 28 32 22 34 20 24 20
leaf_count=23 20 22 28 30 26 24 20 28 33 28 32 22 34 20 24 20
internal_value=-2.33775e-09 -0.278266 0.421514 -0.744786 1.47199 0.0162343 -0.244288 -1.01159 -1.35885 -0.613027 -0.297016 -1.79779 -0.57623 2.37096 -0.83404 -0.974474
internal_weight=434 365 146 219 69 118 98 189 101 88 60 55 74 43 46 40
internal_count=434 365 146 219 69 118 98 189 101 88 60 55 74 43 46 40
is_linear=0
shrinkage=0.05


Tree=22
num_leaves=17
num_cat=0
split_feature=15 23 6 12 14 21 2 6 12 9 10 10 6 9 6 16
split_gain=73659.9 45476.6 28447.5 25813.4 20853.4 44351.7 22647.4 17245.6 12233.3 11339.1 12155 2702.53 4596.97 1711.47 2494.69 1823.67
threshold=1.2849999666213991 0.87838000059127819 111.50000000000001 187.75000000000003 82.500000000000014 0.37940999865531927 244.00000000000003 109.00000000000001 176.50000000000003 225.00000000000003 202.50000000000003 154.50000000000003 157.50000000000003 146.64499664306643 138.50000000000003 293.50000000000006
decision_type=8 2 10 10 10 2 8 10 10 10 10 10 10 10 10 10
left_child=1 2 -1 7 5 -4 8 -2 -6 10 -5 13 -13 14 -9 -16
right_child=3 -3 4 9 6 -7 -8 11 -10 -11 -12 12 -14 -15 15 -17
leaf_value=2.9184491896629332 0.052875539991590718 -0.88926638473163955 2.9154172636071842 0.028656583380054786 0.11267750620841982 0.19660406152407328 -0.95574219450354581 -0.71025299700823696 1.861486647129059 -0.57788489546094624 1.5585805590450765 -2.0367552490461445 -0.97756703853607174 -0.62200001537799832 -1.6461473054885865 -1.0141098204113188
leaf_weight=20 36 33 30 37 20 30 24 22 20 35 20 21 20 20 25 21
leaf_count=20 36 33 30 37 20 30 24 22 20 35 20 21 20 20 25 21
internal_value=1.37338e-11 0.784911 1.16858 -0.540581 0.88634 1.55601 0.258523 -0.914759 0.987082 0.130499 0.565472 -1.1848 -1.52008 -1.02859 -1.14817 -1.35761
internal_weight=434 177 144 257 124 60 64 165 40 92 57 129 41 88 68 46
internal_count=434 177 144 257 124 60 64 165 40 92 57 129 41 88 68 46
is_linear=0
shrinkage=0.05


Tree=23
num_leaves=17
num_cat=0
split_feature=15 22 10 3 3 23 14 24 14 23 21 24 21 20 11 11
split_gain=68087.8 41138 36710.3 32830.5 23494.2 19211.8 18232.7 13599.8 18315.1 13323.9 12080.1 8934.39 6908.62 5813 4236.16 1820.12
threshold=0.57499998807907116 -0.60355499386787403 163.00000000000003 238.00000000000003 179.50000000000003 1.0000000180025095e-35 68.500000000000014 1.0000000180025095e-35 95.500000000000014 -0.87838000059127797 0.37940999865531927 1.0000000180025095e-35 0.37940999865531927 132.50000000000003 239.09999847412112 137.81999969482425
decision_type=8 2 10 8 8 2 10 2 10 2 2 2 2 10 10 10
left_child=5 3 9 6 -4 -1 -2 8 10 -3 14 12 -11 -8 -6 -13
right_child=1 2 4 -5 7 -7 13 -9 -10 11 -12 15 -14 -15 -16 -17
leaf_value=0.7917096638679505 1.0947644465310233 -0.014133366035378498 1.4614409282803535 2.3773231597173785 -0.43302730923449551 2.9328870426524771 0.14226818452278775 -1.3459277391433717 1.2718089233406566 -1.1445220763033086 0.55686004550560664 -0.61143696193511676 -2.3110504992802938 -0.85047450445849337 -1.3931088143587114 -1.1573246678790532
leaf_weight=20 35 23 24 21 27 22 30 23 22 22 23 26 30 29 20 37
leaf_count=20 35 23 24 21 27 22 30 23 22 22 23 26 30 29 20 37
internal_value=3.01628e-09 -0.204994 -0.535027 0.589955 0.0385029 1.91328 0.190649 -0.258458 0.0134094 -1.11271 -0.382088 -1.33243 -1.81752 -0.34569 -0.841573 -0.932038
internal_weight=434 392 277 115 139 42 94 115 92 138 70 115 52 59 47 63
internal_count=434 392 277 115 139 42 94 115 92 138 70 115 52 59 47 63
is_linear=0
shrinkage=0.05


Tree=24
num_leaves=16
num_cat=0
split_feature=15 23 6 12 11 11 7 6 9 10 10 6 9 12 22
split_gain=62148.1 39494.8 24514.7 21043.8 20605.7 34901.1 23806.2 14829.3 9919.12 11106.8 2495.04 3827.32 1626.83 2167.54 1032.31
threshold=1.2849999666213991 0.87838000059127819 111.50000000000001 187.75000000000003 241.2850036621094 185.69999694824222 166.12500000000003 109.00000000000001 225.00000000000003 202.50000000000003 154.50000000000003 157.50000000000003 146.64499664306643 134.25000000000003 1.0000000180025095e-35
decision_type=8 2 10 10 10 10 10 10 10 10 10 10 10 10 2
left_child=1 2 -1 7 5 6 -4 -2 9 -5 12 -12 13 -9 -15
right_child=3 -3 4 8 -6 -7 -8 10 -10 -11 11 -13 -14 14 -16
leaf_value=2.7029344511032107 0.062897590796152744 -0.8392172472495022 0.35843561603554663 0.0030528251261047619 1.8242410760786798 -0.91298577496781952 2.4878740997541522 -0.64309787587686029 -0.55317442395857408 1.4655174429714681 -1.8783953323250726 -0.91193389534950264 -0.53829741358757022 -1.038772813975811 -1.5165797328948976
leaf_weight=20 36 33 35 37 36 32 21 22 35 20 21 20 20 26 20
leaf_count=20 36 33 35 37 36 32 21 22 35 20 21 20 20 26 20
internal_value=-2.23536e-09 0.720973 1.07852 -0.496546 0.816514 0.404262 1.15698 -0.834391 0.109372 0.516198 -1.0848 -1.40695 -0.934702 -1.05129 -1.24651
internal_weight=434 177 144 257 124 88 56 165 92 57 129 41 88 68 46
internal_count=434 177 144 257 124 88 56 165 92 57 129 41 88 68 46
is_linear=0
shrinkage=0.05


Tree=25
num_leaves=18
num_cat=0
split_feature=15 22 7 10 3 13 23 5 24 6 15 24 16 11 13 15 2
split_gain=57200.4 35973.6 32003.9 31090.4 21140.1 19816.9 11713.1 10164.5 9364.66 14160.2 8599.83 7766.28 6669.87 6128.6 3470.7 2000.31 1552.56
threshold=0.57499998807907116 -0.60355499386787403 234.62500000000003 163.00000000000003 179.50000000000003 13.150000095367433 -0.87838000059127797 211.50000000000003 1.0000000180025095e-35 153.50000000000003 1.485000014305115 1.0000000180025095e-35 270.50000000000006 136.40000152587893 17.050000190734867 1.1749999523162844 144.50000000000003
decision_type=8 2 8 10 10 10 2 8 2 8 10 2 10 10 10 10 10
left_child=5 2 7 6 -5 -1 -3 10 9 -6 -2 13 15 -8 -12 -11 -13
right_child=1 3 -4 4 8 -7 11 -9 -10 12 14 16 -14 -15 -16 -17 -18
leaf_value=2.7891900185834277 0.51538092772165933 0.0018874992494997773 2.373385876165703 1.2066479046146075 1.1037033765017987 0.61455606274306784 -2.2505270147323606 1.0623310742278895 -1.2409110409872872 -1.1776622819900513 -1.070026076705326 -0.63161474089412128 0.18209455172930444 -1.1641002390119766 -0.14969136530444735 -0.47050097338855273 -1.1296116976902402
leaf_weight=22 30 23 20 30 20 20 25 24 21 20 20 34 28 27 21 20 29
leaf_count=22 30 23 20 30 20 20 25 24 21 20 20 34 28 27 21 20 29
internal_value=-4.65228e-09 -0.187891 0.555487 -0.496514 0.0312932 1.75365 -1.02815 0.172772 -0.292199 -0.0658017 -0.127924 -1.23415 -0.409774 -1.68642 -0.598635 -0.824082 -0.860851
internal_weight=434 392 115 277 139 42 138 95 109 88 71 115 68 52 41 40 63
internal_count=434 392 115 277 139 42 138 95 109 88 71 115 68 52 41 40 63
is_linear=0
shrinkage=0.05


Tree=26
num_leaves=19
num_cat=0
split_feature=20 22 17 6 7 4 21 2 3 23 19 11 24 7 4 3 20 23
split_gain=48731.6 33415 26396.1 26563 20323.8 18899.4 34731.3 15366.6 13444.5 10579.2 5036.51 4769.18 10546.5 5582.75 4241.4 3696.76 3560.32 1169
threshold=37.500000000000007 -0.78656998276710499 0.55500000715255748 135.50000000000003 169.75000000000003 214.00000000000003 -0.37940999865531916 202.50000000000003 105.50000000000001 -0.87838000059127797 992.25000000000011 135.73999786376956 1.0000000180025095e-35 158.12500000000003 259.00000000000006 202.50000000000003 290.00000000000006 -1.0000000180025095e-35
decision_type=8 2 10 10 8 8 2 10 10 2 10 10 2 10 10 10 10 2
left_child=2 7 3 -1 9 6 15 8 -2 -3 -10 12 -11 16 -7 -6 17 -13
right_child=1 4 -4 -5 5 14 -8 -9 10 11 -12 13 -14 -15 -16 -17 -18 -19
leaf_value=3.3116911453008657 1.2341580989568131 0.058034587364930369 -0.039083974865766674 0.82017608829166577 -0.086764044146984826 -1.3728260761499405 1.543404251572333 1.8543846970796587 -0.84404088824987411 -2.1829620531449718 0.26462834193592982 -1.01109671831131 -0.68464265426863802 -0.091572455205023287 -0.38693135976791382 -1.0481115072220566 -0.50757597230729601 -1.5239569358825684
leaf_weight=20 23 26 26 23 20 20 38 20 20 24 21 20 23 20 24 20 21 25
leaf_count=20 23 26 26 23 20 20 38 20 20 24 21 20 23 20 24 20 21 25
internal_value=5.99995e-10 -0.230361 1.21858 1.97902 -0.491927 -0.0064838 0.460921 0.644639 0.266594 -0.864405 -0.276186 -1.04473 -1.44974 -0.823388 -0.835065 -0.567438 -1.04515 -1.29602
internal_weight=434 365 69 43 281 122 78 84 64 159 41 133 47 86 44 40 66 45
internal_count=434 365 69 43 281 122 78 84 64 159 41 133 47 86 44 40 66 45
is_linear=0
shrinkage=0.05


Tree=27
num_leaves=16
num_cat=0
split_feature=20 22 5 2 14 19 16 6 6 5 7 13 16 22 16
split_gain=43980.3 30500.8 26735.1 26690.6 25068.5 33807.6 11702.3 11947.2 10695.3 8667.96 5419.06 4432.09 2833.72 2043.77 381.382
threshold=37.500000000000007 -0.37940999865531916 259.00000000000006 207.50000000000003 94.500000000000014 992.04998779296886 102.50000000000001 119.50000000000001 153.50000000000003 143.50000000000003 158.12500000000003 17.44999980926514 288.50000000000006 0.60355499386787426 298.50000000000006
decision_type=8 2 10 10 10 10 10 10 8 10 10 10 8 2 10
left_child=4 3 8 6 5 -1 -2 -8 9 -3 13 -9 -12 -10 -14
right_child=1 2 -4 -5 -6 -7 7 11 10 -11 12 -13 14 -15 -16
leaf_value=-0.68648113906383523 1.1138376826047898 -0.65922260823948631 0.79458877980709086 1.7287723243236544 2.6493860227614641 1.9451475765394131 0.48039562139027492 -1.0035280593412204 -0.64761832241089123 -1.8006585594553215 0.15102461412815113 -0.12633889739712079 -0.65920013546943668 -1.2777512656016785 -0.35041945010423659
leaf_weight=26 20 29 30 28 20 23 38 36 31 39 28 24 20 22 20
leaf_count=26 20 29 30 28 20 23 38 36 31 39 28 24 20 22 20
internal_value=-1.48664e-09 -0.218843 -0.592036 0.340947 1.15765 0.548773 0.0116326 -0.213307 -0.812135 -1.31387 -0.530169 -0.652652 -0.23476 -0.909183 -0.50481
internal_weight=434 365 219 146 69 49 118 98 189 68 121 60 68 53 40
internal_count=434 365 219 146 69 49 118 98 189 68 121 60 68 53 40
is_linear=0
shrinkage=0.05


Tree=28
num_leaves=16
num_cat=0
split_feature=15 23 6 11 11 23 11 5 17 24 5 19 20 19 5
split_gain=45124.3 30404.4 19766.6 15787.7 31345.4 19553.2 11264.3 12315.5 7458.55 5169.06 3525.84 2799.12 2592.32 2912.54 1525.08
threshold=1.2849999666213991 0.87838000059127819 111.50000000000001 241.2850036621094 185.69999694824222 1.0000000180025095e-35 171.05999755859378 81.500000000000014 -1.4950000047683714 -0.56174498796463002 173.50000000000003 994.35000610351574 97.500000000000014 991.75000000000011 197.00000000000003
decision_type=8 2 10 10 10 2 10 10 10 2 10 10 10 10 8
left_child=1 2 -1 4 5 -4 7 -2 -8 -10 11 12 -9 -14 -11
right_child=6 -3 3 -5 -6 -7 8 10 9 14 -12 -13 13 -15 -16
leaf_value=2.3866996598243713 0.36650585532188418 -0.75457091132799792 0.32157137070383346 1.5748685735795234 -0.9164112126454711 2.2514455295389606 -0.73306761001547183 -1.3930399599529448 0.62805226912369605 0.1354491965926212 -1.4357094095303464 -0.26912957202820553 -0.41438411593437197 -1.1718028003519232 -0.42871170961856847
leaf_weight=20 22 33 35 36 32 21 30 21 37 23 26 21 30 22 25
leaf_count=20 22 33 35 36 32 21 30 21 37 23 26 21 30 22 25
internal_value=9.49348e-10 0.614342 0.928052 0.692786 0.331934 1.04527 -0.423107 -0.721 -0.0552744 0.183947 -0.920377 -0.777838 -0.924178 -0.73483 -0.158385
internal_weight=434 177 144 124 88 56 257 142 115 85 120 94 73 52 48
internal_count=434 177 144 124 88 56 257 142 115 85 120 94 73 52 48
is_linear=0
shrinkage=0.05


Tree=29
num_leaves=18
num_cat=0
split_feature=20 22 17 6 8 5 24 21 16 4 23 23 23 24 19 17 2
split_gain=36905.1 26760 22293.5 23048 15866.7 15309.3 14657.6 12433 16676.6 10148.2 9153.04 8274.36 6205.31 3108.25 3689.38 2397.33 1656.2
threshold=37.500000000000007 -0.78656998276710499 0.55500000715255748 135.50000000000003 157.25000000000003 165.50000000000003 1.0000000180025095e-35 0.37940999865531927 269.50000000000006 141.00000000000003 -0.87838000059127797 1.0000000180025095e-35 1.0000000180025095e-35 1.0000000180025095e-35 991.25000000000011 0.85500001907348644 143.50000000000003
decision_type=8 2 10 10 8 8 2 2 10 10 2 2 2 2 10 10 10
left_child=2 5 3 -1 10 11 7 15 -9 -8 -3 -2 -7 14 -12 -6 -15
right_child=1 4 -4 -5 6 12 9 8 -10 -11 13 -13 -14 16 -16 -17 -18
leaf_value=3.0006760454177859 -0.71620132560315342 0.042245490103960039 -0.095349726310143101 0.67985227781793345 -0.72824529850482944 1.9132785442471505 -0.1251507009778704 1.4765290535986424 -0.16437773351867996 -1.6988844585418701 -1.8516684663295746 0.65654407966704609 0.66775579262524853 -0.58059143440590966 -0.9749583640694619 -0.020917024949322578 -1.1480756187438965
leaf_weight=20 23 24 26 23 25 20 21 32 30 20 20 21 20 36 30 23 20
leaf_count=20 23 24 26 23 25 20 21 32 30 20 20 21 20 36 30 23 20
internal_value=-8.80679e-10 -0.200469 1.06045 1.75931 -0.434543 0.582565 -0.0859303 0.214822 0.682542 -0.892826 -0.839469 -0.0610274 1.29052 -1.0391 -1.32564 -0.389317 -0.783264
internal_weight=434 365 69 43 281 84 151 110 62 41 130 44 40 106 50 48 56
internal_count=434 365 69 43 281 84 151 110 62 41 130 44 40 106 50 48 56
is_linear=0
shrinkage=0.05


Tree=30
num_leaves=16
num_cat=0
split_feature=15 23 12 23 17 21 12 11 9 10 10 12 12 11 24
split_gain=37749.2 26353.4 17444.8 37859.4 35541.9 15934.6 11461 10285.6 8381.85 8761.8 3603.54 2320.61 2790.95 2136.96 1271.87
threshold=1.2849999666213991 0.87838000059127819 232.75000000000003 -0.60785500705242146 0.32000000774860388 0.37940999865531927 187.75000000000003 124.47999954223634 225.00000000000003 202.50000000000003 154.50000000000003 150.50000000000003 131.50000000000003 156.98000335693362 -0.56174498796463002
decision_type=8 2 10 2 10 2 10 8 10 8 10 8 10 10 2
left_child=1 2 3 5 -5 -1 7 -2 9 -8 11 12 -9 -12 -14
right_child=6 -3 -4 4 -6 -7 8 10 -10 -11 13 -13 14 -15 -16
leaf_value=0.33027078825980427 0.3701498018069701 -0.71255996082768291 1.9995625275152702 2.5546295577829539 0.17673388826350372 -1.4177679145878013 -0.0216221760152965 -0.23494873106479647 -0.54887490962232865 1.2773153310082854 -1.5467846885323526 -0.14057649523019791 -0.63107376513273827 -0.85337612155079856 -1.1097123704637801
leaf_weight=32 22 33 27 33 30 22 37 20 35 20 20 20 23 25 35
leaf_count=32 22 33 27 33 30 22 37 20 35 20 20 20 23 25 35
internal_value=3.92786e-09 0.5619 0.853964 0.589595 1.4223 -0.381893 -0.386989 -0.636315 0.0601703 0.434145 -0.791155 -0.621073 -0.744277 -1.16156 -0.919907
internal_weight=434 177 144 117 63 54 257 165 92 57 143 98 78 45 58
internal_count=434 177 144 117 63 54 257 165 92 57 143 98 78 45 58
is_linear=0
shrinkage=0.05


Tree=31
num_leaves=18
num_cat=0
split_feature=15 22 7 10 12 16 5 20 5 15 10 19 20 12 9 5 15
split_gain=34592 23481.9 21575.9 18538.2 19906.7 16863.8 14053.9 13557.9 7908.87 5991.92 5803.39 5017.44 4655.92 3748.44 3618.67 2033.17 1209.02
threshold=0.57499998807907116 -0.60355499386787403 234.62500000000003 160.50000000000003 263.00000000000006 191.00000000000003 233.50000000000003 67.500000000000014 211.50000000000003 1.485000014305115 152.25000000000003 990.64999389648449 102.50000000000001 131.50000000000003 143.14499664306643 146.50000000000003 1.9700000286102297
decision_type=8 2 8 10 10 10 10 10 8 10 10 8 10 8 8 10 10
left_child=5 2 8 10 6 -1 7 -5 9 -2 11 -3 -9 -13 -15 -11 -14
right_child=1 3 -4 4 -6 -7 -8 12 -10 15 -12 13 16 14 -16 -17 -18
leaf_value=2.3656364071936835 0.41197980960210168 -1.3584563939344316 1.9471148039400579 0.84734417572617537 -1.3432218142177748 0.36184354254177642 1.404590884663842 -0.98174564119266428 0.92491880108912794 -0.86151915391286227 -1.519987372060617 -0.0072473718060387512 -0.3650142418841521 -1.1088352481524149 -0.3500880803912878 -0.15711189016699792 0.17151337996834803
leaf_weight=21 30 21 20 32 23 21 22 23 24 21 24 27 21 30 33 20 21
leaf_count=21 30 21 20 32 23 21 22 23 24 21 24 27 21 30 33 20 21
internal_value=-7.4935e-10 -0.146115 0.454483 -0.395461 0.00336791 1.36374 0.263633 0.00485923 0.140245 -0.124996 -0.81497 -0.662534 -0.409903 -0.500152 -0.711396 -0.517906 -0.0967504
internal_weight=434 392 115 277 142 42 119 97 95 71 135 111 65 90 63 41 42
internal_count=434 392 115 277 142 42 119 97 95 71 135 111 65 90 63 41 42
is_linear=0
shrinkage=0.05


Tree=32
num_leaves=17
num_cat=0
split_feature=14 10 16 4 5 10 21 9 5 11 14 13 6 4 5 6
split_gain=33106.6 25127.6 16570.5 11122.3 12272.9 9098.04 12953.1 15415.7 7801.17 5876.12 4614.76 3718.47 3443.66 1935.8 1794.11 1228.3
threshold=97.500000000000014 310.00000000000006 54.500000000000007 164.50000000000003 144.50000000000003 226.00000000000003 0.37940999865531927 185.00000000000003 138.50000000000003 141.62000274658206 84.500000000000014 13.150000095367433 221.00000000000003 142.50000000000003 221.00000000000003 145.50000000000003
decision_type=10 10 10 8 10 8 2 10 8 10 10 10 8 10 8 10
left_child=1 2 -1 4 8 6 10 -8 11 -6 -5 -4 -12 -11 -7 -13
right_child=-2 -3 3 5 9 14 7 -9 -10 13 12 15 -14 -15 -16 -17
leaf_value=0.9539267486759595 1.7299199333557718 1.3352946272918158 -0.91891222645839066 0.37273830909419947 -1.7060168661854485 -0.34639392728390905 0.024846759686867396 1.9044146453170108 0.70462093532085424 -0.50656691600169457 -0.077608768992564262 0.14514746859669686 -0.83396021028359746 -1.0362922698259354 -0.98560870669427381 -0.40235821005134353
leaf_weight=28 26 28 24 27 22 23 24 20 20 35 34 20 27 34 21 21
leaf_count=28 26 28 24 27 22 23 24 20 20 35 34 20 27 34 21 21
internal_value=2.83238e-09 -0.11024 -0.216753 -0.309875 -0.590933 -0.0288177 0.178734 0.879196 -0.158918 -0.994463 -0.171496 -0.424623 -0.412387 -0.767591 -0.651474 -0.135282
internal_weight=434 408 380 352 176 176 132 44 85 91 88 65 61 69 44 41
internal_count=434 408 380 352 176 176 132 44 85 91 88 65 61 69 44 41
is_linear=0
shrinkage=0.05


Tree=33
num_leaves=17
num_cat=0
split_feature=14 10 16 4 22 10 12 6 19 24 19 17 19 17 8 9
split_gain=29878.7 22677.7 14982.4 9728.93 8039.24 8038.73 9772 7428.96 4835.62 4531.54 4493.11 3346.4 3750.84 3542.29 2409.8 1712.86
threshold=97.500000000000014 310.00000000000006 62.500000000000007 164.50000000000003 -0.37940999865531916 226.00000000000003 206.00000000000003 120.50000000000001 992.35000610351574 -0.56174498796463002 994.35000610351574 1.8700000047683718 991.85000610351574 0.71999999880790722 152.75000000000003 264.17999267578131
decision_type=10 10 10 8 2 8 10 10 10 2 10 10 10 10 10 8
left_child=1 2 -1 4 7 6 11 -4 -9 -6 14 12 -5 -14 -11 -7
right_child=-2 -3 3 5 9 15 -8 8 -10 10 -12 -13 13 -15 -16 -17
leaf_value=0.84750404204091723 1.643423942419199 1.2685298387493407 0.5455955107212066 -0.74013461345591802 -1.4095952341189752 -0.90368321388959894 0.90620269978588286 -1.0122508933146797 0.040441883802413946 -1.225886732450238 -0.04135232550854033 0.42231854808827241 0.51265838496387006 -0.36528051914992155 -0.57976920268227983 -0.27716018065810205
leaf_weight=31 26 28 25 26 26 24 33 24 20 27 22 24 20 27 31 20
leaf_count=31 26 28 25 26 26 24 33 24 20 27 22 24 20 27 31 20
internal_value=5.09223e-10 -0.104728 -0.205915 -0.299486 -0.562722 -0.0347366 0.16298 -0.142685 -0.533754 -0.836142 -0.649769 -0.0898687 -0.258259 0.0083105 -0.880548 -0.6189
internal_weight=434 408 380 349 175 174 130 69 44 106 80 97 73 47 58 44
internal_count=434 408 380 349 175 174 130 69 44 106 80 97 73 47 58 44
is_linear=0
shrinkage=0.05


Tree=34
num_leaves=20
num_cat=0
split_feature=15 22 7 16 10 12 5 10 20 5 16 10 16 18 18 9 18 4 7
split_gain=28022.9 19723.4 19878.6 13821.3 12555.6 16603.3 11287.2 17326 10022.3 8073.18 6386.44 6211.12 5919.54 5668.25 3201.99 2769.54 3666.75 2069.03 2020.1
threshold=0.57499998807907116 -0.37940999865531916 270.62500000000006 191.00000000000003 158.50000000000003 263.00000000000006 161.50000000000003 229.00000000000003 92.500000000000014 117.50000000000001 320.50000000000006 152.25000000000003 122.50000000000001 -0.59499999880790699 -0.89499998092651356 147.35500335693362 -0.49500000476837153 176.50000000000003 131.00000000000003
decision_type=8 2 8 10 10 10 10 10 10 10 10 8 10 8 10 10 10 10 10
left_child=3 2 9 -1 11 6 17 8 -8 -2 12 15 -11 14 -14 16 -3 -6 -18
right_child=1 4 -4 -5 5 -7 7 -9 -10 10 -12 -13 13 -15 -16 -17 18 -19 -20
leaf_value=2.1344655616829793 0.99115424723852252 -0.32059323964295566 1.7898355197906495 0.32041425779461863 -0.79195756514867144 -1.3629151616777693 1.9942373818159105 -0.57648074371474134 0.46382650538631109 0.48158815298229457 0.70061733041490826 -1.5698007878803073 -0.56379098911648218 -1.1338995213093965 0.30124783024191859 -0.14164552811695183 -1.431123173236847 -0.11874361062049865 -0.73681035675108442
leaf_weight=21 21 27 20 21 21 21 20 21 23 20 21 21 23 23 20 23 20 25 22
leaf_count=21 21 27 20 21 21 21 20 21 23 20 21 21 23 23 20 23 20 25 22
internal_value=-1.61801e-09 -0.131511 0.323877 1.22744 -0.40773 -0.0746126 0.171336 0.600729 1.17565 0.0948206 -0.0810953 -0.793911 -0.271979 -0.500332 -0.161447 -0.616806 -0.775193 -0.42608 -1.06744
internal_weight=434 392 148 42 244 131 110 64 43 128 107 113 86 66 43 92 69 46 42
internal_count=434 392 148 42 244 131 110 64 43 128 107 113 86 66 43 92 69 46 42
is_linear=0
shrinkage=0.05


Tree=35
num_leaves=15
num_cat=0
split_feature=14 14 7 16 20 4 13 21 6 18 5 18 11 16
split_gain=26502.1 19914.2 27119.9 21758.6 10560 7067.3 6759.88 14161.6 5967.49 8482.69 3946.18 3428.43 2749.56 5270.62
threshold=97.500000000000014 85.500000000000014 296.00000000000006 62.500000000000007 132.50000000000003 127.50000000000001 11.949999809265138 0.37940999865531927 209.50000000000003 -0.59499999880790699 179.50000000000003 -0.90500000119209278 163.58999633789065 232.00000000000003
decision_type=10 8 10 10 10 10 10 2 8 8 10 10 8 10
left_child=1 2 3 -1 5 -5 7 12 9 11 -8 -6 -3 -14
right_child=-2 6 -4 4 8 -7 10 -9 -10 -11 -12 -13 13 -15
leaf_value=1.5639948586622874 1.5477792162161608 -0.88446751269134316 1.9088319778442384 -0.044231089287334019 -0.64620274593090199 1.1958462965488434 -0.52185873115384906 0.63695534222266259 0.15955653924382096 -1.3617230865690444 -1.3008462848334477 0.15279512465000156 -0.83995763142903646 0.051861629675369003
leaf_weight=21 26 37 22 27 29 20 37 34 33 27 29 25 30 37
leaf_count=21 26 37 22 27 29 20 37 34 33 27 29 25 30 37
internal_value=5.38365e-09 -0.098633 0.250685 0.0502496 -0.147195 0.483461 -0.447951 -0.248903 -0.407203 -0.638105 -0.864141 -0.276296 -0.538511 -0.34746
internal_weight=434 408 204 182 161 47 204 138 114 81 66 54 104 67
internal_count=434 408 204 182 161 47 204 138 114 81 66 54 104 67
is_linear=0
shrinkage=0.05


Tree=36
num_leaves=18
num_cat=0
split_feature=15 9 14 13 23 16 16 6 5 6 5 8 12 19 14 19 11
split_gain=24189.5 18162.6 12892.1 12612.7 11931.5 10829 7864.43 6751.91 7603.5 6249.64 7453.26 3928.12 3958.8 2983.34 2952.07 2497.01 1351.57
threshold=0.43999999761581426 308.78500366210943 66.500000000000014 18.750000000000004 -0.87838000059127797 114.50000000000001 327.50000000000006 137.50000000000003 151.50000000000003 143.50000000000003 190.50000000000003 158.25000000000003 218.75000000000003 992.64999389648449 91.500000000000014 992.95001220703136 145.45999908447268
decision_type=8 10 8 10 2 10 8 8 10 10 8 10 10 10 10 10 10
left_child=-1 2 3 -2 5 -4 7 8 -6 10 -9 14 13 -13 16 -14 -11
right_child=1 -3 4 -5 6 -7 -8 9 -10 11 -12 12 15 -15 -16 -17 -18
leaf_value=1.6554031213124594 1.2521158053957184 1.1695336624428079 -0.37080351011384105 -0.38002897441387179 -0.39706777231051377 1.1693508740365506 0.46663745616873104 -0.48895472008734941 -1.618319437503815 -0.86353333100028662 0.74462006638944156 -0.29577436350724279 -0.28147333372722971 0.47382387936115267 -1.3006320255249739 -1.0437166600000292 -0.34194332294993934
leaf_weight=21 29 27 21 20 26 25 24 24 25 23 25 34 22 20 20 21 27
leaf_count=21 29 27 21 20 26 25 24 24 25 23 25 34 22 20 20 21 27
internal_value=-1.58797e-10 -0.084173 -0.171868 0.585934 -0.282052 0.466237 -0.400339 -0.478269 -0.995721 -0.356093 0.14042 -0.501777 -0.295776 -0.010738 -0.787234 -0.653732 -0.581875
internal_weight=434 413 386 49 337 46 291 267 51 216 49 167 97 54 70 43 50
internal_count=434 413 386 49 337 46 291 267 51 216 49 167 97 54 70 43 50
is_linear=0
shrinkage=0.05


Tree=37
num_leaves=16
num_cat=0
split_feature=14 14 2 16 20 13 23 6 6 20 12 11 12 12 4
split_gain=22809.3 17044.3 24185 18080.4 7655.66 5913.22 5614.31 4443.54 5908.55 4263.66 3935.26 4102.79 3280.01 5404.97 2816.98
threshold=97.500000000000014 85.500000000000014 277.50000000000006 88.500000000000014 132.50000000000003 9.2500000000000018 -0.87838000059127797 134.50000000000003 261.00000000000006 222.50000000000003 156.50000000000003 216.70999908447268 135.25000000000003 187.75000000000003 103.00000000000001
decision_type=10 8 10 10 10 8 2 8 10 10 8 10 8 10 10
left_child=1 2 3 -1 14 -3 -7 -8 10 -6 -9 -12 -11 -14 -5
right_child=-2 5 -4 4 9 6 7 8 -10 12 11 -13 13 -15 -16
leaf_value=1.1951703393033573 1.4359026606266316 0.13902974782081753 1.688415023803711 -0.071249619163572794 -1.0551999248919033 0.19804095009511169 -1.2654786139130594 -0.71239400521302843 -1.1659804187831468 0.20856452355018029 0.4304780153247218 -0.4679995894432068 -0.82487025464835928 0.15990962105041201 0.73221647143363955
leaf_weight=28 26 39 25 20 21 22 25 39 28 26 24 27 38 22 24
leaf_count=28 26 39 25 20 21 22 25 39 28 26 24 27 38 22 24
internal_value=-8.7113e-10 -0.0915036 0.231666 0.0282089 -0.188181 -0.414673 -0.545548 -0.659946 -0.531655 -0.416482 -0.33431 -0.0451866 -0.260516 -0.463784 0.367005
internal_weight=434 408 204 179 151 204 165 143 118 107 90 51 86 60 44
internal_count=434 408 204 179 151 204 165 143 118 107 90 51 86 60 44
is_linear=0
shrinkage=0.05


Tree=38
num_leaves=17
num_cat=0
split_feature=15 9 14 2 23 17 22 8 23 11 19 19 2 18 18 12
split_gain=20914.3 15367.1 11028.6 10561.6 9812.46 11394.5 8424.92 6943.02 11869.1 7070.68 14363.5 9740.23 2165.6 1317.49 1747.51 740.22
threshold=0.43999999761581426 308.78500366210943 66.500000000000014 124.50000000000001 -0.87838000059127797 -0.62499999999999989 -0.91597998142242421 157.25000000000003 -0.60785500705242146 247.04000091552737 993.04998779296886 994.75000000000011 192.50000000000003 -0.03499999921768903 -0.4549999982118606 144.50000000000003
decision_type=8 10 8 10 2 10 2 10 2 10 10 10 10 8 10 10
left_child=-1 2 3 -2 5 -4 -6 13 -9 10 12 -12 -10 14 15 -8
right_child=1 -3 4 -5 6 -7 7 8 9 -11 11 -13 -14 -15 -16 -17
leaf_value=1.5392624247641793 -0.14845518744908845 1.074928597609202 -0.36917906675649731 1.3224394458791484 0.37155033372272395 1.204687707838805 -0.54552048838907674 -1.3827418532967568 -0.6708244352601469 -0.69547165632247931 1.5210772999602815 0.031691019077386175 -0.017374828883579798 -0.41061340376734734 -1.2132204689979553 -0.89391703849037496
leaf_weight=21 26 27 23 23 34 23 31 20 32 34 23 21 21 20 25 30
leaf_count=21 26 27 23 23 34 23 31 20 32 34 23 21 21 20 25 30
internal_value=4.64832e-09 -0.0782676 -0.158932 0.541965 -0.260842 0.417754 -0.368112 -0.465966 -0.248224 -0.0750153 0.142464 0.810234 -0.41191 -0.776146 -0.861153 -0.716863
internal_weight=434 413 386 49 337 46 291 257 151 131 97 44 53 106 86 61
internal_count=434 413 386 49 337 46 291 257 151 131 97 44 53 106 86 61
is_linear=0
shrinkage=0.05


Tree=39
num_leaves=18
num_cat=0
split_feature=14 14 2 16 5 11 5 13 21 15 6 3 15 4 21 16 20
split_gain=19443.9 14435.1 20867.6 15740.2 7508.96 7111.21 6070.06 5252.3 12069.3 5141.46 3263.43 2676.72 2407.89 3587.71 2682.15 1953.56 1445.73
threshold=97.500000000000014 85.500000000000014 277.50000000000006 88.500000000000014 142.50000000000003 143.1600036621094 138.50000000000003 11.949999809265138 0.37940999865531927 1.9550000429153445 161.50000000000003 173.50000000000003 1.0049999952316286 166.50000000000003 -0.60355499386787403 297.50000000000006 122.50000000000001
decision_type=10 8 10 10 10 10 8 10 2 10 10 10 10 8 2 10 10
left_child=1 2 3 -1 6 -6 15 8 12 11 -9 -7 -3 -14 -15 -5 -12
right_child=-2 7 -4 4 5 9 -8 10 -10 -11 16 -13 13 14 -16 -17 -18
leaf_value=1.1127575056893486 1.3257461703740634 -0.95209554263523644 1.566077751159668 -0.47593293249607083 -1.3239248663187029 -0.16383189026798523 0.93750249763019389 -1.2459690337492662 0.61136652774670552 0.41975387126207359 -0.78674351613629945 -0.97206917533650994 -0.82620430412115875 -0.43526639890286234 0.26080655390024188 0.16202578226725262 -0.21352794170379641
leaf_weight=28 26 21 25 20 20 21 20 22 34 20 22 20 27 31 25 30 22
leaf_count=28 26 21 25 20 20 21 20 22 34 20 22 20 27 31 25 30 22
internal_value=8.88404e-11 -0.0844838 0.212922 0.0239335 -0.177968 -0.505744 0.201317 -0.381889 -0.206436 -0.237488 -0.748747 -0.558094 -0.473794 -0.352778 -0.12452 -0.0931577 -0.500136
internal_weight=434 408 204 179 151 81 70 204 138 61 66 41 104 83 56 50 44
internal_count=434 408 204 179 151 81 70 204 138 61 66 41 104 83 56 50 44
is_linear=0
shrinkage=0.05


Tree=40
num_leaves=18
num_cat=0
split_feature=15 22 23 7 12 14 22 4 24 21 15 24 22 19 6 7 19
split_gain=18196.9 12546.5 14095.6 10965.2 13820.2 12019.1 13022.1 10232.1 8080.63 8032.96 6956.45 2315.21 4426.37 3698.49 1928.15 1661.4 894.738
threshold=0.43999999761581426 -0.91597998142242421 -0.87838000059127797 165.37500000000003 263.00000000000006 82.500000000000014 -0.37940999865531916 176.50000000000003 1.0000000180025095e-35 -0.37940999865531916 1.4149999618530276 1.0000000180025095e-35 -0.37940999865531916 992.45001220703136 144.50000000000003 228.12500000000003 990.54998779296886
decision_type=8 2 2 8 8 10 2 10 2 2 10 2 2 10 8 10 10
left_child=-1 10 7 11 5 6 -5 -3 9 15 -2 12 -4 -14 -13 -7 -16
right_child=1 2 3 4 -6 8 -8 -9 -10 -11 -12 14 13 -15 16 -17 -18
leaf_value=1.4357854496865046 1.2514610886573792 -0.05260478054674772 -0.2350699475833348 1.7734375743638902 -0.98038458939521544 0.053188820853829394 0.012611454725265503 1.4125226257199592 -0.93860123701717546 0.79997162882770811 0.10396103784441948 -0.084189919325021609 -1.6223289643228054 -0.717931302350301 -0.35252695005387069 -0.56385116130113599 -0.78147740863984638
leaf_weight=21 25 26 21 21 31 20 21 22 23 28 28 26 20 26 20 24 31
leaf_count=21 25 26 21 21 31 20 21 22 23 28 28 26 20 26 20 24 31
internal_value=-3.19311e-09 -0.073006 -0.178747 -0.301464 -0.0270367 0.188684 0.893025 0.618912 -0.122708 0.137924 0.645235 -0.621629 -0.836556 -1.11115 -0.434614 -0.283378 -0.613262
internal_weight=434 413 360 312 168 137 42 48 95 72 53 144 67 46 77 44 51
internal_count=434 413 360 312 168 137 42 48 95 72 53 144 67 46 77 44 51
is_linear=0
shrinkage=0.05


Tree=41
num_leaves=19
num_cat=0
split_feature=14 10 14 16 10 8 5 10 15 12 23 18 5 4 16 11 20 18
split_gain=16799.5 12404 9070.19 8114.15 6309.81 8351.43 6459.36 5727.56 12884.1 8267.78 5015.01 4341.95 3996.69 1793.72 2111.29 1382.43 2169.54 1040.16
threshold=97.500000000000014 310.00000000000006 66.500000000000014 298.50000000000006 231.00000000000003 210.75000000000003 207.50000000000003 176.50000000000003 0.97499999403953563 191.50000000000003 -1.0000000180025095e-35 0.044999999925494201 214.00000000000003 176.50000000000003 285.50000000000006 132.36000061035159 142.50000000000003 -0.17499999701976773
decision_type=10 10 10 8 8 10 8 10 8 10 2 10 10 8 10 10 8 8
left_child=1 2 3 -1 5 6 7 8 -4 -9 -8 -6 -12 14 17 -16 -17 -10
right_child=-2 -3 4 -5 11 -7 10 9 13 -11 12 -13 -14 -15 15 16 -18 -19
leaf_value=1.0387479060462543 1.2323006565754231 0.93709609465939669 0.77395358610153198 -0.26142436464627589 -1.257124867041906 0.62851408441861478 0.67757590258760114 -1.6540007631480695 -1.0669214355674657 -0.21631351031363011 0.30489738134667282 -0.272652504557655 -0.69468865057453522 -0.050337625117529011 -0.70687537074089057 0.17048021733760835 -0.56598762154579163 -0.56870488196611413
leaf_weight=28 26 28 25 21 24 30 28 20 22 20 20 21 20 21 20 20 20 20
leaf_count=28 26 28 25 21 24 30 28 20 22 20 20 21 20 21 20 20 20 20
internal_value=-4.9785e-10 -0.078529 -0.153364 0.481531 -0.247352 -0.160758 -0.253251 -0.404301 -0.260826 -0.935157 0.164357 -0.797704 -0.194896 -0.471147 -0.557785 -0.367461 -0.197754 -0.829675
internal_weight=434 408 380 49 331 286 256 188 148 40 68 45 40 123 102 60 40 42
internal_count=434 408 380 49 331 286 256 188 148 40 68 45 40 123 102 60 40 42
is_linear=0
shrinkage=0.05


Tree=42
num_leaves=17
num_cat=0
split_feature=15 10 5 14 3 24 8 14 8 19 15 21 23 12 20 15
split_gain=16401.9 9707.55 8714.2 15472.7 9657.72 5742.94 5633.84 7925.66 7837.55 4282.56 10671.4 6474.17 3364.76 2149.38 1919.46 1761.19
threshold=0.43999999761581426 303.50000000000006 207.50000000000003 94.500000000000014 174.50000000000003 -0.56174498796463002 196.75000000000003 85.500000000000014 171.75000000000003 992.64999389648449 1.0349999666213991 0.60355499386787426 1.0000000180025095e-35 144.50000000000003 97.500000000000014 1.8849999904632571
decision_type=8 10 8 10 8 2 8 10 10 10 10 2 2 10 10 10
left_child=-1 2 6 4 12 -6 8 -8 9 11 -11 14 -4 -12 -2 -16
right_child=1 -3 3 -5 5 -7 7 -9 -10 10 13 -13 -14 -15 15 -17
leaf_value=1.3631326383068449 -0.71457239923377835 0.78163144742288904 0.1010568151007528 1.4409759221332414 0.14935502329220374 -0.84375091686442083 0.73127512218696733 -0.39034952181908822 -1.3781555286049842 0.94038533180952077 -0.065913412898778917 -1.3532847273349764 0.97644289824224662 -0.69364969114462538 0.18018930852413179 -0.40909790201112628
leaf_weight=21 24 31 23 21 24 37 28 36 20 20 25 20 21 30 21 32
leaf_count=21 24 31 23 21 24 37 28 36 20 20 25 20 21 30 21 32
internal_value=3.26177e-11 -0.0693118 -0.138367 0.20203 -0.0457586 -0.453021 -0.305907 0.100361 -0.44133 -0.332397 -0.0486616 -0.551779 0.518855 -0.408315 -0.343596 -0.175607
internal_weight=434 413 382 126 105 61 256 64 192 172 75 97 44 55 77 53
internal_count=434 413 382 126 105 61 256 64 192 172 75 97 44 55 77 53
is_linear=0
shrinkage=0.05


Tree=43
num_leaves=15
num_cat=0
split_feature=15 23 12 23 17 17 12 9 10 12 5 12 4 2
split_gain=14833.1 12451.5 10507.7 26616.6 22594 12462 4224.28 5667.44 6020 5344.02 4373.92 2200.33 2254.35 1042.56
threshold=1.2849999666213991 0.87838000059127819 232.75000000000003 -0.60785500705242146 0.1200000010430813 0.1200000010430813 187.75000000000003 225.00000000000003 202.50000000000003 131.50000000000003 127.50000000000001 151.50000000000003 127.50000000000001 142.50000000000003
decision_type=8 2 10 2 10 10 10 10 10 8 8 8 10 8
left_child=1 2 3 5 -5 -1 9 8 -8 10 -2 12 -11 -14
right_child=6 -3 -4 4 -6 -7 7 -9 -10 11 -12 -13 13 -15
leaf_value=-1.2848419232368471 -0.3530796929661717 -0.52380382341868958 1.4420870569017199 2.0391038409868876 0.14318891682408072 0.23847896965413262 -0.041380594600294085 -0.47191983154841832 1.0353076439723372 -0.32597737848758701 0.61504641413688665 -0.25096380362908044 -0.72989819441522874 -1.1755249273209345
leaf_weight=25 28 33 27 30 33 29 37 35 20 25 20 36 35 21
leaf_count=25 28 33 27 30 33 29 37 35 20 25 20 36 35 21
internal_value=-4.90554e-09 0.352226 0.552983 0.347805 1.04601 -0.466762 -0.242584 0.02889 0.336405 -0.393951 0.0503062 -0.57621 -0.720764 -0.897008
internal_weight=434 177 144 117 63 54 257 92 57 165 48 117 81 56
internal_count=434 177 144 117 63 54 257 92 57 165 48 117 81 56
is_linear=0
shrinkage=0.05


Tree=44
num_leaves=17
num_cat=0
split_feature=15 22 7 12 4 3 9 13 18 6 19 21 6 12 5 18
split_gain=14139 10532.6 10833.9 15189.4 11019.1 9347.15 9076.23 6294.06 5083.95 4908.39 3006.02 3925.6 3649.13 2253.04 2240.75 1118.78
threshold=0.43999999761581426 -0.91597998142242421 165.37500000000003 263.00000000000006 291.50000000000006 180.50000000000003 176.36000061035159 16.650000572204593 0.085000000894069686 157.50000000000003 993.75000000000011 0.78656998276710521 119.50000000000001 155.50000000000003 155.00000000000003 -0.68500000238418568
decision_type=8 2 8 8 10 10 10 10 10 10 10 2 10 10 8 10
left_child=-1 7 10 4 5 6 -4 -2 9 -7 11 12 -3 15 -12 -14
right_child=1 2 3 -5 -6 8 -8 -9 -10 -11 14 -13 13 -15 -16 -17
leaf_value=1.2656091687225162 -0.0052286744661008324 0.14654951751232148 0.049962124826076135 -0.89516658522188663 1.3962387421727183 -0.84511259899985414 1.4559600998054851 1.0894049465656281 0.42617426285589188 0.024800939945613637 0.26960922110648383 -1.225003514736891 -0.52659511261365632 -0.24481517459665025 -0.41363469868831876 -0.99281213687312231
leaf_weight=21 24 20 24 32 20 31 22 29 27 34 21 20 22 28 28 31
leaf_count=21 24 20 24 32 20 31 22 29 27 34 21 20 22 28 28 31
internal_value=2.92058e-10 -0.064353 -0.161236 0.0982163 0.299408 0.140447 0.722396 0.593722 -0.150528 -0.390081 -0.451213 -0.58501 -0.458278 -0.607618 -0.120816 -0.799288
internal_weight=434 413 360 190 158 138 46 53 92 65 170 121 101 81 49 53
internal_count=434 413 360 190 158 138 46 53 92 65 170 121 101 81 49 53
is_linear=0
shrinkage=0.05


Tree=45
num_leaves=17
num_cat=0
split_feature=14 14 8 16 21 19 2 15 21 9 7 19 19 2 5 5
split_gain=13950.2 10290.7 15033.1 12617.7 5630.82 5583.72 4822.6 8660.65 6388.08 17030.1 3944.21 3757.35 3303.56 3267.43 2605.74 2523.98
threshold=97.500000000000014 85.500000000000014 303.75000000000006 62.500000000000007 0.37940999865531927 991.64999389648449 225.50000000000003 1.0349999666213991 0.37940999865531927 162.85999298095706 116.50000000000001 992.35000610351574 992.95001220703136 176.50000000000003 147.50000000000003 121.50000000000001
decision_type=10 8 10 10 2 10 10 10 2 10 10 10 10 10 8 10
left_child=1 2 3 -1 10 -6 8 -8 12 -10 -5 15 14 -7 -3 -12
right_child=-2 6 -4 4 5 13 7 -9 9 -11 11 -13 -14 -15 -16 -17
leaf_value=1.1872905382088252 1.1229476039226238 -0.53031399683095515 1.4466033220291139 0.78638524889945982 -1.0157749613890281 -0.44640931773465131 -1.5554585956782103 -0.17150169427578266 -0.50948520559689092 1.3601422201664677 0.097882387733885232 0.54293771311640737 -0.77564333012709641 0.3451506556435065 0.085832633037824901 -0.67732547483894801
leaf_weight=21 26 32 21 20 26 32 20 26 29 21 21 20 39 22 37 21
leaf_count=21 26 32 21 20 26 32 20 26 29 21 21 20 39 22 37 21
internal_value=-4.9785e-10 -0.0715604 0.179549 0.0341493 -0.115332 -0.413774 -0.32267 -0.773222 -0.191496 0.275758 0.175831 -0.0211218 -0.407818 -0.123922 -0.199917 -0.289722
internal_weight=434 408 204 183 162 80 204 46 158 50 82 62 108 54 69 42
internal_count=434 408 204 183 162 80 204 46 158 50 82 62 108 54 69 42
is_linear=0
shrinkage=0.05


Tree=46
num_leaves=16
num_cat=0
split_feature=14 22 7 19 5 12 5 20 6 5 6 23 6 19 5
split_gain=12590.1 9336.46 14956.8 8983.83 7190.53 7039.8 11455.1 11424.6 6446.78 7546.29 5851.1 4072.51 1801.28 1820.22 1500.59
threshold=97.500000000000014 -0.37940999865531916 284.50000000000006 993.75000000000011 204.50000000000003 263.00000000000006 259.00000000000006 37.500000000000007 149.50000000000003 151.50000000000003 124.50000000000001 -1.0000000180025095e-35 179.50000000000003 993.25000000000011 125.50000000000001
decision_type=10 2 10 10 8 10 10 10 8 10 8 2 10 10 10
left_child=1 2 3 4 10 6 7 -3 9 -9 -1 -12 14 -14 -10
right_child=-2 5 -4 -5 -6 -7 -8 8 12 -11 11 -13 13 -15 -16
leaf_value=0.37635409888767063 1.0668002238640419 0.69214247727394107 1.4697872343517486 0.97020493420687604 0.52854144803939329 -1.1628759843111038 0.8483570381999016 -0.29137034265807382 -0.35067504328132298 -1.452952262964742 -1.0021203593380992 -0.2298789765097593 -0.22569370167820077 -0.79717814380472363 0.16264428802898953
leaf_weight=21 26 25 21 22 31 20 24 27 24 29 31 38 38 22 35
leaf_count=21 26 25 21 22 31 20 24 27 24 29 31 38 38 22 35
internal_value=1.18175e-09 -0.0679824 0.223763 0.0407804 -0.128206 -0.264074 -0.183823 -0.307685 -0.450517 -0.892904 -0.354419 -0.576828 -0.242336 -0.435238 -0.0461636
internal_weight=434 408 164 143 121 244 224 200 175 56 90 69 119 60 59
internal_count=434 408 164 143 121 244 224 200 175 56 90 69 119 60 59
is_linear=0
shrinkage=0.05


Tree=47
num_leaves=17
num_cat=0
split_feature=20 14 19 22 5 8 4 16 7 5 23 8 22 24 13 11
split_gain=11494.6 13470.4 16325 11380.8 5141.04 5127.17 8748.93 11016 4639.41 3706.57 2969.98 2259.88 1523.08 2902.28 950.966 709.256
threshold=37.500000000000007 94.500000000000014 992.04998779296886 -0.91597998142242421 176.50000000000003 157.25000000000003 214.00000000000003 267.00000000000006 195.37500000000003 221.00000000000003 -0.87838000059127797 168.50000000000003 -0.37940999865531916 1.0000000180025095e-35 17.849999427795414 148.1350021362305
decision_type=8 10 10 2 8 8 8 10 8 10 2 10 2 2 10 10
left_child=1 2 -1 4 -2 10 7 -7 11 -8 -5 -9 14 -14 -12 -15
right_child=3 -3 -4 5 -6 6 9 8 -10 -11 12 -13 13 15 -16 -17
leaf_value=-0.71287522040880646 0.15745754334433326 1.6853248906135558 1.115833035759304 0.073419302764038241 1.1846972231354032 0.97696264670653776 -0.23176450657433478 -0.073718762053893161 0.36076103056019004 -1.1165544205904008 -0.53246320248783929 -0.73951430147886277 -0.98991480590523906 -0.18667326894673436 -0.07778553755387016 -0.59807856440544127
leaf_weight=26 29 20 23 24 21 33 29 26 33 20 23 25 37 22 23 20
leaf_count=26 29 20 23 24 21 33 29 26 33 20 23 25 37 22 23 20
internal_value=1.07338e-09 0.591825 0.145498 -0.111879 0.588898 -0.223114 -0.0319995 0.202909 -0.101184 -0.592903 -0.436033 -0.400089 -0.533848 -0.667028 -0.305124 -0.382581
internal_weight=434 69 49 365 50 315 166 117 84 49 149 51 125 79 46 42
internal_count=434 69 49 365 50 315 166 117 84 49 149 51 125 79 46 42
is_linear=0
shrinkage=0.05


Tree=48
num_leaves=17
num_cat=0
split_feature=20 6 5 22 5 8 10 16 6 7 23 13 6 11 2 2
split_gain=10373.8 11796 15923.3 10271.2 4639.79 4627.27 8052.86 9954.37 6493.4 4236.66 2680.41 2209.93 1504.1 1839.91 972.19 1166.95
threshold=37.500000000000007 207.50000000000003 143.50000000000003 -0.91597998142242421 176.50000000000003 157.25000000000003 226.00000000000003 267.00000000000006 150.50000000000003 196.25000000000003 -0.87838000059127797 15.150000095367433 116.50000000000001 132.36000061035159 125.50000000000001 147.50000000000003
decision_type=8 10 10 2 8 8 8 10 10 8 2 10 10 10 10 10
left_child=1 2 -1 4 -2 10 7 -7 -8 11 -5 -9 -12 -14 -15 -16
right_child=3 -3 -4 5 -6 6 8 9 -10 -11 12 -13 13 14 15 -17
leaf_value=-0.060878053165617445 0.14958465936882745 -0.46104894161224363 1.760483036722456 0.069748339553674071 1.1254623779228756 0.91151878342908965 -1.2673824203014374 -0.10909238973179379 -0.078721393258483319 0.41661098026842985 -0.22340632085414494 -0.75128180909724473 -1.0113342041319067 -0.74321405424270781 -0.12142010295391084 -0.63382986307144173
leaf_weight=21 29 20 28 24 21 34 20 37 27 27 34 21 22 24 25 20
leaf_count=21 29 20 28 24 21 34 20 37 27 27 34 21 22 24 25 20
internal_value=9.6437e-10 0.562233 0.9799 -0.106285 0.559453 -0.211958 -0.0303996 0.18846 -0.584535 -0.100763 -0.414231 -0.341609 -0.507155 -0.613171 -0.486221 -0.349158
internal_weight=434 69 49 365 50 315 166 119 47 85 149 58 125 91 69 45
internal_count=434 69 49 365 50 315 166 119 47 85 149 58 125 91 69 45
is_linear=0
shrinkage=0.05


Tree=49
num_leaves=17
num_cat=0
split_feature=15 12 10 10 9 14 3 16 11 21 21 10 10 7 24 13
split_gain=10772.4 8454.3 23894.9 7030.71 16968.8 7418.36 5788.28 4708.51 3036.32 6114.56 4528.85 7301.03 5597.7 3018.28 1804.15 1666.49
threshold=0.43999999761581426 263.00000000000006 300.00000000000006 231.00000000000003 201.54999542236331 92.500000000000014 105.50000000000001 327.50000000000006 134.15999603271487 1.0000000180025095e-35 0.37940999865531927 166.00000000000003 179.50000000000003 139.37500000000003 -0.56174498796463002 13.150000095367433
decision_type=8 10 10 10 10 10 8 8 10 2 2 10 10 10 2 10
left_child=-1 2 3 4 6 -6 -2 8 9 -8 12 14 13 -10 -12 -15
right_child=1 -3 -4 -5 5 -7 7 -9 10 -11 11 -13 -14 15 -16 -17
leaf_value=1.1047081203687759 0.48900031660993898 -0.77732369835312309 1.6964540296792983 -0.78671962432563314 0.32279842853546148 1.5480879798176743 -0.096720839291810995 0.41770915662248931 -0.73209317001429475 -1.214034226179123 -0.63142582476139075 0.80827804415122328 -1.1748102707522257 -0.26927789305818489 -0.036122364657265801 0.32399549335241318
leaf_weight=21 30 37 20 32 30 21 24 24 22 25 20 23 21 29 35 20
leaf_count=21 30 37 20 32 30 21 24 24 22 25 20 23 21 29 35 20
internal_value=3.44546e-09 -0.0561716 0.0147928 -0.0796825 -0.00985168 0.827329 -0.166248 -0.247143 -0.320004 -0.666779 -0.220051 0.0602256 -0.457676 -0.245566 -0.252596 -0.0271255
internal_weight=434 413 376 356 324 51 273 243 219 49 170 78 92 71 55 49
internal_count=434 413 376 356 324 51 273 243 219 49 170 78 92 71 55 49
is_linear=0
shrinkage=0.05


Tree=50
num_leaves=18
num_cat=0
split_feature=15 22 23 7 14 19 3 15 17 4 17 10 11 11 23 6 18
split_gain=9722.13 7042.02 15085 10809.3 7204.66 9447.67 5002.79 3674.19 6860.55 4818.25 3102.89 2316.09 1577.23 2577.28 3148.59 1872.27 909.205
threshold=0.43999999761581426 -0.37940999865531916 -0.87838000059127797 284.50000000000006 83.500000000000014 992.75000000000011 96.000000000000014 1.0049999952316286 -0.28000000119209284 209.50000000000003 0.60500001907348644 218.00000000000003 128.23999786376956 157.05000305175784 0.60785500705242168 252.50000000000003 -0.80500000715255726
decision_type=8 2 2 10 10 10 10 8 10 10 10 10 10 10 2 10 10
left_child=-1 3 -3 4 5 6 -2 8 -4 12 -8 -11 -9 14 -14 16 -15
right_child=1 2 7 -5 -6 -7 10 9 -10 11 -12 -13 13 15 -16 -17 -18
leaf_value=1.049472694382781 0.56567470058798797 0.74941281433616369 -0.14665077358484269 1.2961126011610031 -0.61872189823658241 1.0357050201722555 -0.77704789496603466 -0.0053691159188747409 -1.4562834179401398 0.54871419559825552 0.00042150510531483278 -0.1853959123293559 -1.0938448683968907 -0.3166434053154219 -0.3360985794892678 -0.66688346445560454 0.14331031577153638
leaf_weight=21 24 35 20 20 31 28 21 20 20 22 33 21 29 21 26 20 22
leaf_count=21 24 35 20 20 31 28 21 20 20 22 33 21 29 21 26 20 22
internal_value=-1.36823e-09 -0.053363 -0.215049 0.210278 0.0517625 0.247848 -0.0349731 -0.367792 -0.801467 -0.271952 -0.301928 0.190195 -0.415955 -0.485546 -0.735638 -0.267212 -0.0813182
internal_weight=434 413 256 157 137 106 78 221 40 181 54 43 138 118 55 63 43
internal_count=434 413 256 157 137 106 78 221 40 181 54 43 138 118 55 63 43
is_linear=0
shrinkage=0.05


Tree=51
num_leaves=17
num_cat=0
split_feature=12 12 20 17 22 15 12 9 6 19 24 13 13 6 6 19
split_gain=8902.1 28766.5 6694.59 12167.8 8382.43 6721.54 6613.7 8216.63 5989.94 5026.18 2805.13 3563.64 2410.86 1362.86 1147.77 931.822
threshold=263.00000000000006 236.00000000000003 37.500000000000007 0.1200000010430813 -0.91597998142242421 1.485000014305115 218.75000000000003 180.00000000000003 204.50000000000003 993.64999389648449 1.0000000180025095e-35 16.050000190734867 12.650000095367433 146.50000000000003 166.50000000000003 989.95001220703136
decision_type=10 10 10 10 2 10 8 10 8 10 2 10 10 10 8 10
left_child=1 2 3 -1 5 -4 7 9 -9 10 11 14 -11 -12 -6 -15
right_child=-2 -3 4 -5 6 -7 -8 8 -10 12 13 -13 -14 15 -16 -17
leaf_value=1.4115750216302418 -0.74176389019231548 1.6768806269535652 1.1952316683530808 -0.15767320831616721 -0.6962594247999645 -0.085539634667691739 -1.079710647889546 0.89750517031976162 -0.14625707565013457 -0.27727185611923538 0.098304896801710132 -1.1673378352935497 0.30689488876807064 -0.16766151388486228 -0.18498847691909126 -0.63868414915743332
leaf_weight=21 37 26 20 30 21 21 21 28 27 33 20 26 38 21 23 21
leaf_count=21 37 26 20 30 21 21 21 28 27 33 20 26 38 21 23 21
internal_value=-7.97204e-10 0.0691316 -0.0435408 0.488488 -0.128333 0.539227 -0.226433 -0.15698 0.385113 -0.303853 -0.486319 -0.703242 0.0353808 -0.241406 -0.429004 -0.403173
internal_weight=434 397 371 51 320 41 279 258 55 203 132 70 71 62 44 42
internal_count=434 397 371 51 320 41 279 258 55 203 132 70 71 62 44 42
is_linear=0
shrinkage=0.05


Tree=52
num_leaves=17
num_cat=0
split_feature=12 12 3 16 5 19 5 4 2 4 2 22 15 20 8 2
split_gain=8034.14 25961.7 7108.88 8304.46 5196.44 3199.1 4925.61 4250.14 4264.9 2828.69 2540.42 2466.53 4568.44 1933.13 1934.38 1925.87
threshold=263.00000000000006 236.00000000000003 303.00000000000006 54.500000000000007 259.00000000000006 994.25000000000011 150.50000000000003 165.50000000000003 237.50000000000003 141.00000000000003 142.50000000000003 0.91597998142242443 1.3350000381469729 205.00000000000003 133.25000000000003 165.50000000000003
decision_type=10 10 8 10 8 10 10 8 8 10 8 2 10 10 10 10
left_child=1 2 3 -1 5 7 -7 9 11 13 -11 12 -9 14 -5 -6
right_child=-2 -3 -4 4 15 6 -8 8 -10 10 -12 -13 -14 -15 -16 -17
leaf_value=0.81120129447916289 -0.7046756904471565 1.5930365883387054 0.6965406298637391 -0.90883649826049817 0.70714481748640545 0.69629039313821561 -0.32471774220466615 0.76640382157638676 -0.7492183162271977 -0.4568003698844802 -1.208343615739242 -0.37992446565109755 -0.11475154384970665 -0.0010374126059037668 -0.28566607774207087 0.01326569549739361
leaf_weight=23 37 26 30 20 20 21 27 24 20 22 23 23 38 27 33 20
leaf_count=23 37 26 30 20 20 21 27 24 20 22 23 23 38 27 33 20
internal_value=2.16994e-09 0.0656751 -0.0413637 -0.106282 -0.172641 -0.249309 0.121973 -0.326794 -0.0922809 -0.523786 -0.840922 0.0622926 0.226341 -0.345397 -0.520825 0.360205
internal_weight=434 397 371 341 318 278 48 230 105 125 45 85 62 80 53 40
internal_count=434 397 371 341 318 278 48 230 105 125 45 85 62 80 53 40
is_linear=0
shrinkage=0.05


Tree=53
num_leaves=16
num_cat=0
split_feature=14 14 20 4 14 2 15 4 21 6 4 17 2 14 5
split_gain=8617.82 6846.11 11945.7 11750.3 7005.82 6999.54 4992.29 3290.07 2583.4 2349.77 5338.23 1718.99 1053.12 836.916 359.479
threshold=97.500000000000014 85.500000000000014 132.50000000000003 138.50000000000003 66.500000000000014 124.50000000000001 0.91500002145767223 209.50000000000003 -0.37940999865531916 209.50000000000003 127.50000000000001 1.4550000429153445 147.50000000000003 91.500000000000014 176.50000000000003
decision_type=10 8 10 10 10 10 8 10 2 8 10 8 10 10 8
left_child=1 2 3 -1 5 -4 -3 11 -9 10 -6 13 -13 -8 -15
right_child=-2 6 4 -5 9 -7 7 8 -10 -11 -12 12 -14 14 -16
leaf_value=0.016701452533404031 0.88260687859012532 -0.8045777140344893 -0.1919101905822754 1.3940866205841305 0.012816702547882284 1.0167143127192622 -0.25339482510462402 -0.13097165563592203 0.59894067658619443 0.03858432139752916 -0.89207086566931171 0.20786042550490019 -0.26424314181009928 -0.74634798020124438 -0.44656497262418271
leaf_weight=30 26 35 25 32 28 23 32 27 22 27 39 21 27 20 20
leaf_count=30 26 35 25 32 28 23 32 27 22 27 39 21 27 20 20
internal_value=3.0504e-10 -0.0562446 0.14857 0.72761 -0.10425 0.387222 -0.26106 -0.148497 0.196744 -0.355214 -0.513909 -0.28947 -0.0576978 -0.443985 -0.596456
internal_weight=434 408 204 62 142 48 204 169 49 94 67 120 48 72 40
internal_count=434 408 204 62 142 48 204 169 49 94 67 120 48 72 40
is_linear=0
shrinkage=0.05


Tree=54
num_leaves=17
num_cat=0
split_feature=14 14 21 19 5 11 14 15 4 21 11 12 17 18 4 15
split_gain=7777.58 6178.61 9247.45 16221.5 8811.49 4674.35 4601.62 4505.54 2969.29 2331.52 1975.94 1554.08 1293.75 941.784 1514.69 352.744
threshold=97.500000000000014 85.500000000000014 0.60355499386787426 992.75000000000011 159.50000000000003 135.73999786376956 67.500000000000014 0.91500002145767223 209.50000000000003 -0.37940999865531916 139.34000396728518 134.25000000000003 1.8700000047683718 0.085000000894069686 158.50000000000003 1.544999957084656
decision_type=10 8 2 10 8 10 10 8 10 2 10 10 8 10 8 10
left_child=1 2 3 4 10 -4 -7 -3 11 -10 -1 -9 13 14 -13 -8
right_child=-2 7 5 -5 -6 6 15 8 9 -11 -12 12 -14 -15 -16 -17
leaf_value=0.037566691366108983 0.83847653888739071 -0.76434883356094363 -0.89012579592791485 1.4510953537349043 0.66535637145145587 0.55937034260658991 -0.50311935067176827 0.10477070966735483 -0.12442307444634262 0.56899364062330937 -0.58202052378366076 -0.80111691450079281 -0.0014822274446487428 -0.15637445986270904 -0.28978157823107076 -0.2061582709103823
leaf_weight=22 26 35 22 29 39 21 20 22 27 22 31 30 20 20 28 20
leaf_count=22 26 35 22 29 39 21 20 22 27 22 31 30 20 20 28 20
internal_value=3.03002e-10 -0.0534323 0.141142 0.419955 0.094921 -0.26532 -0.0399799 -0.248007 -0.141072 0.186907 -0.324833 -0.274996 -0.36025 -0.452242 -0.554265 -0.354639
internal_weight=434 408 204 121 92 83 61 204 169 49 53 120 98 78 58 40
internal_count=434 408 204 121 92 83 61 204 169 49 53 120 98 78 58 40
is_linear=0
shrinkage=0.05


Tree=55
num_leaves=17
num_cat=0
split_feature=15 9 10 9 14 10 22 10 4 16 10 8 21 3 4 14
split_gain=7033.07 5532.43 6963.61 11411.9 7449.02 5304.94 7390.86 6660.93 2827.72 2011.25 2428.91 1942.24 1670.51 1075.81 1505.17 492.432
threshold=0.43999999761581426 308.78500366210943 231.00000000000003 201.54999542236331 93.500000000000014 181.00000000000003 -0.91597998142242421 163.00000000000003 207.50000000000003 315.50000000000006 154.50000000000003 147.75000000000003 -1.0000000180025095e-35 135.50000000000003 146.50000000000003 82.500000000000014
decision_type=8 10 10 10 10 10 2 10 8 8 8 8 2 8 8 10
left_child=-1 2 3 5 8 6 -2 9 -5 10 11 13 -4 14 15 -8
right_child=1 -3 12 4 -6 -7 7 -9 -10 -11 -12 -13 -14 -15 -16 -17
leaf_value=0.89261236843608671 0.66356151016118625 0.64654705102245025 -0.39624301871428125 0.64418462691828615 1.3956962991505861 -0.75619451142847538 -0.61821373466934482 0.4367486911246905 -0.18653725683689118 0.089012860187462406 -0.85796237046068369 0.10614895130693913 -0.99582291103544707 -0.59661344768185365 0.043126684904098517 -0.27154846191406251
leaf_weight=21 30 27 26 20 20 32 21 37 21 28 22 25 21 38 25 20
leaf_count=21 30 27 26 20 20 32 21 37 21 28 22 25 21 38 25 20
internal_value=-1.61951e-09 -0.0453871 -0.0937866 -0.014711 0.604596 -0.150602 -0.0718258 -0.173963 0.218693 -0.300199 -0.372371 -0.289557 -0.66414 -0.384679 -0.262656 -0.449109
internal_weight=434 413 386 339 61 278 246 216 41 179 151 129 47 104 66 41
internal_count=434 413 386 339 61 278 246 216 41 179 151 129 47 104 66 41
is_linear=0
shrinkage=0.05


Tree=56
num_leaves=15
num_cat=0
split_feature=12 12 23 17 6 11 12 11 23 11 17 16 21 24
split_gain=7078.61 22075.9 5995.22 20293.6 32637.4 8940.15 6650.84 3962.73 3272.3 3052.99 2535.65 2342.27 1801.03 3973.43
threshold=263.00000000000006 236.00000000000003 -0.60785500705242146 0.1200000010430813 232.50000000000003 185.69999694824222 201.75000000000003 121.65999984741212 -0.87838000059127797 171.05999755859378 1.7699999809265139 315.50000000000006 -0.37940999865531916 1.0000000180025095e-35
decision_type=10 10 2 10 10 10 10 8 2 10 10 10 2 2
left_child=1 2 5 4 -4 8 7 -5 -1 11 -11 12 -9 -14
right_child=-2 -3 3 6 -6 -7 -8 9 -10 10 -12 -13 13 -15
leaf_value=0.34491824451833963 -0.66144478353294167 1.4700738287889041 2.0007817156853216 0.43573699792226156 -0.55215041630324868 -0.98767382451207253 0.70023744517926723 -0.21429900082156941 -0.42742475302269062 -0.31641976328359711 0.36882814516623819 0.061588236831483394 -1.0203130813063803 -0.28754393176452536
leaf_weight=32 37 26 31 21 21 37 22 34 24 27 27 21 37 37
leaf_count=32 37 26 31 21 21 37 22 34 24 27 27 21 37 37
internal_value=-5.30387e-10 0.061646 -0.0370579 0.0791952 0.96979 -0.384567 -0.12572 -0.214794 0.0139141 -0.289445 0.0262042 -0.421578 -0.515527 -0.653929
internal_weight=434 397 371 278 52 93 226 204 56 183 54 129 108 74
internal_count=434 397 371 278 52 93 226 204 56 183 54 129 108 74
is_linear=0
shrinkage=0.05


Tree=57
num_leaves=17
num_cat=0
split_feature=12 12 3 23 17 15 22 12 21 19 5 11 12 11 4 9
split_gain=6390.53 19879.3 5626.99 5826.79 17833.7 5297.77 4097.18 3369.55 2846.07 5871.91 2507.72 1799.92 1716.37 2072.26 774.32 575.79
threshold=263.00000000000006 236.00000000000003 303.00000000000006 1.0000000180025095e-35 0.1200000010430813 0.81499999761581432 -0.37940999865531916 144.50000000000003 1.0000000180025095e-35 992.35000610351574 245.50000000000003 135.73999786376956 151.50000000000003 185.69999694824222 142.50000000000003 192.14499664306643
decision_type=8 10 8 2 10 8 2 10 2 10 8 10 10 10 10 10
left_child=1 2 3 5 -5 -1 7 -6 15 -10 11 -7 14 -14 -13 -8
right_child=-2 -3 -4 4 6 10 8 -9 9 -11 -12 12 13 -15 -16 -17
leaf_value=-1.0027549161859182 -0.61060438903096403 1.3965701016095968 0.6475180672747749 1.180465673096478 0.6406700060367585 0.14256942466070707 0.10922132388999065 -0.16490432763541188 -1.1987402720884843 -0.02985244549456097 0.33369887515902524 -0.36596051348516578 0.21654910385947335 -0.41795986788647793 -0.75184609878521702 -0.25403052747249605
leaf_weight=23 39 26 28 32 25 22 24 27 22 21 20 26 22 31 26 20
leaf_count=23 39 26 28 32 25 22 24 27 22 21 20 26 22 31 26 20
internal_value=7.24887e-10 0.0602875 -0.0338679 -0.0898175 0.116262 -0.297109 -0.128735 0.222391 -0.338603 -0.627888 -0.186702 -0.268654 -0.354816 -0.154579 -0.558903 -0.0558932
internal_weight=434 395 369 341 171 170 139 52 87 43 147 127 105 53 52 44
internal_count=434 395 369 341 171 170 139 52 87 43 147 127 105 53 52 44
is_linear=0
shrinkage=0.05


Tree=58
num_leaves=16
num_cat=0
split_feature=14 14 20 19 14 7 2 15 21 9 19 15 6 4 21
split_gain=6141.85 5087.95 8870.41 12605.5 5459.21 5504.87 4729.69 6559.65 5061.53 10524.8 2500.33 3681.17 1720.81 4301.05 678.573
threshold=97.500000000000014 85.500000000000014 132.50000000000003 991.95001220703136 66.500000000000014 143.12500000000003 225.50000000000003 1.0349999666213991 0.37940999865531927 162.85999298095706 989.45001220703136 1.2400000095367434 209.50000000000003 127.50000000000001 -0.60355499386787403
decision_type=10 8 10 10 10 8 10 10 2 10 10 10 8 10 2
left_child=1 2 3 -1 5 -4 8 -8 10 -10 -3 -12 13 -6 -13
right_child=-2 6 4 -5 12 -7 7 -9 9 -11 11 14 -14 -15 -16
leaf_value=0.080554863886955458 0.74510616660118112 0.17578848017298657 -0.10747239866427012 1.5564283547194109 0.026677537496600835 0.97862834692001344 -1.3510152254998684 -0.14656860318321449 -0.29553672897404643 1.1742489073957716 -1.0050375941395762 -0.36123183025763583 0.02668535963252739 -0.78556083654746034 -0.031465805363124953
leaf_weight=39 26 23 28 23 28 20 20 26 29 21 20 39 27 39 26
leaf_count=39 26 23 28 23 28 20 20 26 29 21 20 39 27 39 26
internal_value=-7.92161e-10 -0.0474823 0.129085 0.628056 -0.088775 0.34507 -0.22405 -0.670241 -0.0941462 0.321773 -0.286702 -0.411846 -0.310313 -0.446118 -0.229325
internal_weight=434 408 204 62 142 48 204 46 158 50 108 85 94 67 65
internal_count=434 408 204 62 142 48 204 46 158 50 108 85 94 67 65
is_linear=0
shrinkage=0.05


Tree=59
num_leaves=17
num_cat=0
split_feature=14 14 10 19 5 6 2 21 9 15 12 4 6 19 7 7
split_gain=5543.02 4621.42 7754.57 6396.44 4774.2 4622.59 4021.93 4833.47 9498.66 4387.23 3202.74 2380.01 2243.38 2295.46 1114.63 217.588
threshold=97.500000000000014 85.500000000000014 303.50000000000006 993.64999389648449 155.00000000000003 100.50000000000001 225.50000000000003 0.37940999865531927 162.85999298095706 1.1549999713897707 193.75000000000003 135.50000000000003 291.50000000000006 991.95001220703136 133.00000000000003 158.12500000000003
decision_type=10 10 8 8 10 10 10 2 10 10 10 10 8 10 10 10
left_child=1 2 3 5 -5 -1 7 12 -9 -8 11 14 13 15 -7 -3
right_child=-2 6 -4 4 -6 10 9 8 -10 -11 -12 -13 -14 -15 -16 -17
leaf_value=0.33785103915466208 0.70785088149400854 -0.0035883917659521106 1.0303607304890952 1.083178499482927 0.069563553424981925 -0.53285694096237424 -1.1391394686969845 -0.28075989936960155 1.1155364642540613 -0.1287743124223891 0.089179854320757312 -0.84580210213859874 -0.66550977141435808 -0.43338327568930551 -0.017113974013111807 0.22964350987225771
leaf_weight=36 26 20 21 21 26 20 22 29 21 21 33 30 29 37 22 20
leaf_count=36 26 20 21 21 26 20 22 29 21 21 33 30 29 37 22 20
internal_value=3.17594e-11 -0.0451081 0.119095 0.0173046 0.522455 -0.151079 -0.217563 -0.0995489 0.305685 -0.645705 -0.318712 -0.505663 -0.290697 -0.149533 -0.262706 0.113028
internal_weight=434 408 209 188 47 141 199 156 50 43 105 72 106 77 42 40
internal_count=434 408 209 188 47 141 199 156 50 43 105 72 106 77 42 40
is_linear=0
shrinkage=0.05


Tree=60
num_leaves=18
num_cat=0
split_feature=12 12 3 11 15 17 17 12 11 6 19 24 7 4 11 3 15
split_gain=5468.2 16932 4345.45 4987.75 13905.3 12795.7 10527.6 4102.05 5007.74 2180.69 2015.07 2511.28 1716.23 1679.19 1840.48 692.341 273.232
threshold=263.00000000000006 236.00000000000003 303.00000000000006 191.2799987792969 0.91500002145767223 0.17500000447034839 -0.62499999999999989 176.50000000000003 122.72000122070314 195.50000000000003 995.35000610351574 -0.56174498796463002 131.00000000000003 164.50000000000003 139.34000396728518 117.50000000000001 1.5950000286102297
decision_type=8 10 8 10 8 10 10 10 10 10 10 2 10 8 10 10 10
left_child=1 2 3 5 -5 6 -1 8 -7 -6 11 -10 15 14 -14 -13 -11
right_child=-2 -3 -4 4 9 7 -8 -9 10 16 -12 12 13 -15 -16 -17 -18
leaf_value=-0.16831493675708772 -0.56482457724901347 1.2890217225138958 0.56765823316361219 -1.5634675055742264 0.28524624123065562 0.47891908315095039 1.2940159488469363 0.49592054106972433 -0.81892254001327935 -0.41941079099973044 0.12928937474886579 -0.33180953102186322 0.038618244772607634 0.25208706289529798 -0.58843326067924495 -0.7428620019129345 -0.16118284463882449
leaf_weight=20 39 26 28 20 27 22 32 22 28 21 21 20 22 20 25 21 20
leaf_count=20 39 26 28 20 27 22 32 22 28 21 21 20 22 20 25 21 20
internal_value=-1.67123e-09 0.0557675 -0.0311285 -0.0802957 -0.404534 0.0324828 0.731581 -0.148378 -0.227566 -0.0636711 -0.326564 -0.396953 -0.287554 -0.131634 -0.29492 -0.542349 -0.293446
internal_weight=434 395 369 341 88 253 52 201 179 68 157 136 108 67 47 41 41
internal_count=434 395 369 341 88 253 52 201 179 68 157 136 108 67 47 41 41
is_linear=0
shrinkage=0.05


Tree=61
num_leaves=17
num_cat=0
split_feature=14 14 7 12 9 9 12 11 17 23 5 5 15 13 7 4
split_gain=4983.17 4206.04 4482.27 4162.71 8332.56 4134.97 5334.14 4060.13 8866.59 10861.1 3197.64 2266.19 2601.94 1884.95 1642.55 1491.67
threshold=97.500000000000014 66.500000000000014 149.00000000000003 263.00000000000006 287.07000732421881 243.4049987792969 206.00000000000003 187.68000030517581 0.37500000000000006 1.0000000180025095e-35 188.50000000000003 113.50000000000001 1.3750000000000002 11.750000000000002 153.50000000000003 125.50000000000001
decision_type=10 8 10 10 8 10 10 10 10 2 8 10 10 10 10 10
left_child=1 2 -1 4 5 6 7 8 9 -3 -9 14 -13 -14 -10 -15
right_child=-2 3 -4 -5 -6 -7 -8 10 11 -11 -12 12 13 15 -16 -17
leaf_value=0.0054700184733636921 0.67115264747721648 -0.10269257371072416 0.96555177330970765 -0.65711812708647033 0.93797461524605752 -0.71859039228696098 0.5590887913420316 -0.98253692666238013 0.41012437392026185 1.4134338552043553 -0.20432477823712608 -0.79670039713382723 0.09967453375458718 -0.14880242785811423 -0.1978014818429947 -0.72041922694160831
leaf_weight=31 26 27 20 31 20 26 31 22 20 21 33 25 30 25 25 21
leaf_count=31 26 27 20 31 20 26 31 22 20 21 33 25 30 25 25 21
internal_value=2.3635e-09 -0.0427695 0.381973 -0.103447 -0.0507973 -0.115423 -0.0594145 -0.136417 -0.0289138 0.560613 -0.51561 -0.222731 -0.354219 -0.208666 0.0723878 -0.409758
internal_weight=434 408 51 357 326 306 280 249 194 48 55 146 101 76 45 46
internal_count=434 408 51 357 326 306 280 249 194 48 55 146 101 76 45 46
is_linear=0
shrinkage=0.05


Tree=62
num_leaves=18
num_cat=0
split_feature=20 6 5 22 19 5 11 22 8 6 19 3 14 5 23 15 21
split_gain=4515.93 7635.78 10083.8 5725.74 3756.3 3033.09 3613.13 2565.14 4153.15 3666.54 3539.3 1047.1 841.583 815.144 708.544 790.478 955.129
threshold=37.500000000000007 207.50000000000003 143.50000000000003 -0.91597998142242421 991.35000610351574 259.00000000000006 252.34999847412112 -0.37940999865531916 188.50000000000003 124.50000000000001 992.75000000000011 282.00000000000006 93.500000000000014 160.50000000000003 -1.0000000180025095e-35 1.9950000047683718 -1.0000000180025095e-35
decision_type=8 10 10 2 10 10 10 2 10 8 10 8 10 10 2 10 2
left_child=1 2 -1 4 -2 7 -7 8 10 -9 -5 12 14 -14 -11 16 -16
right_child=3 -3 -4 5 -6 6 -8 9 -10 11 -12 -13 13 -15 15 -17 -18
leaf_value=-0.12124001639229912 0.84331009892316977 -0.45234009861946112 1.3281681584460396 -0.48413112356494636 -0.024137114919722081 0.7102909807647978 -0.21721578818701565 -0.88949234535296773 0.57590850268801053 0.12708497781444481 0.32099236029954187 -0.55789865384854032 -0.54587205553054818 -0.15306787336511274 -0.053012416440816161 0.082298764958977699 -0.51940720709769628
leaf_weight=21 26 20 28 39 24 21 21 24 24 27 21 21 25 28 21 20 23
leaf_count=21 26 20 28 39 24 21 21 24 24 27 21 21 25 28 21 20 23
internal_value=2.75534e-10 0.370955 0.706993 -0.0701257 0.426935 -0.149024 0.246538 -0.20988 0.0200182 -0.312057 -0.202338 -0.228066 -0.179966 -0.338353 -0.0877182 -0.178338 -0.29681
internal_weight=434 69 49 365 50 315 42 273 84 189 60 165 144 53 91 64 44
internal_count=434 69 49 365 50 315 42 273 84 189 60 165 144 53 91 64 44
is_linear=0
shrinkage=0.05


Tree=63
num_leaves=15
num_cat=0
split_feature=12 12 23 17 6 11 5 23 11 12 6 5 6 17
split_gain=4597.14 14580.9 4229.08 12683.1 23886.8 7406.03 5323.48 2277.82 2242.83 2122.76 2068.5 1700.44 2083.45 1569.38
threshold=263.00000000000006 236.00000000000003 -0.60785500705242146 0.1200000010430813 232.50000000000003 185.69999694824222 259.00000000000006 -0.87838000059127797 171.05999755859378 147.50000000000003 203.50000000000003 151.50000000000003 119.50000000000001 1.2200000286102297
decision_type=8 10 2 10 10 10 8 2 10 10 8 10 10 10
left_child=1 2 5 4 -4 7 8 -1 9 11 -10 12 -5 -14
right_child=-2 -3 3 6 -6 -7 -8 -9 10 -11 -12 -13 13 -15
leaf_value=0.31773910950869322 -0.51788719330842681 1.1955659725345098 1.6860195545231305 0.25877418208580755 -0.51266718946752099 -0.87003481525021642 0.49402173617572498 -0.32664224784821272 0.36355870613137842 -0.78314949929714206 -0.2239224898598848 -0.56960482807071122 0.081648237854242328 -0.46312143895297481
leaf_weight=32 39 26 30 26 21 37 33 24 29 20 31 27 20 39
leaf_count=32 39 26 30 26 21 37 33 24 29 20 31 27 20 39
internal_value=-1.36024e-09 0.0511332 -0.0295044 0.0687534 0.780678 -0.321108 -0.0926162 0.0415757 -0.193445 -0.308659 0.0600268 -0.223928 -0.114125 -0.278454
internal_weight=434 395 369 276 51 93 225 56 192 132 60 112 85 59
internal_count=434 395 369 276 51 93 225 56 192 132 60 112 85 59
is_linear=0
shrinkage=0.05


Tree=64
num_leaves=17
num_cat=0
split_feature=12 12 23 17 17 7 17 12 3 15 12 16 5 4 14 7
split_gain=4148.92 13159.3 3816.75 11446.5 18361.2 7538.23 11318.2 5121.41 2077.42 1625.15 1106.3 1809.82 1546.08 1854.44 932.938 857.708
threshold=263.00000000000006 236.00000000000003 -0.60785500705242146 0.1200000010430813 -0.59499999880790699 166.12500000000003 0.37500000000000006 201.75000000000003 84.500000000000014 1.1549999713897707 155.50000000000003 292.50000000000006 131.50000000000003 141.00000000000003 85.500000000000014 138.16500091552737
decision_type=8 10 2 10 10 10 10 10 10 10 10 10 10 10 10 10
left_child=1 2 5 4 -4 15 -7 8 -5 -10 12 -12 14 -14 -11 -1
right_child=-2 -3 3 7 -6 6 -8 -9 9 10 11 -13 13 -15 -16 -17
leaf_value=0.35576222844067074 -0.49199282870842859 1.1357876740969146 -0.26461987880369031 0.3043647978987013 1.6361009023807669 -1.6603765152394772 -0.034026956299076913 0.63663469512354254 -0.61368833728458583 0.1463245233664146 0.30900824323848441 -0.28138014376163484 -0.20567572499595344 -0.81421436128162206 -0.26614510165206318 -0.063819143998211827
leaf_weight=21 39 26 24 21 27 20 23 22 23 26 27 25 31 21 29 29
leaf_count=21 39 26 24 21 27 20 23 22 23 26 27 25 31 21 29 29
internal_value=-7.74672e-10 0.0485765 -0.0280292 0.0653157 0.741644 -0.305053 -0.790469 -0.0879854 -0.166516 -0.220848 -0.164022 0.0251677 -0.255965 -0.451432 -0.0711595 0.112405
internal_weight=434 395 369 276 51 93 43 225 203 182 159 52 107 52 55 50
internal_count=434 395 369 276 51 93 43 225 203 182 159 52 107 52 55 50
is_linear=0
shrinkage=0.05


Tree=65
num_leaves=17
num_cat=0
split_feature=13 20 9 10 5 21 21 19 5 18 23 21 10 14 23 5
split_gain=3980 7451.96 5693.48 6159.32 3607.43 3780.94 5068.29 3532.76 4584.2 2942.26 2635.73 2609.34 2101.85 1615.49 811.732 307.036
threshold=9.2500000000000018 37.500000000000007 308.78500366210943 231.00000000000003 211.50000000000003 -0.37940999865531916 0.78656998276710521 994.25000000000011 155.00000000000003 -0.54500001668930043 1.0000000180025095e-35 -0.37940999865531916 151.50000000000003 68.500000000000014 0.60785500705242168 151.50000000000003
decision_type=8 10 10 10 8 2 2 10 10 10 2 2 10 10 2 10
left_child=1 -1 3 4 7 -6 -7 9 -9 13 -5 -11 -13 -2 15 -15
right_child=2 -3 -4 10 5 6 -8 8 -10 11 -12 12 -14 14 -16 -17
leaf_value=1.1104954156008633 0.23520063558244148 -0.063854092146669122 0.72165718159892345 -1.0307252542480179 -0.29766156497326762 1.0925678877958231 0.12003537480895583 0.68275855073222413 -0.31598489761352538 -0.12203607539976798 -0.25595440084025978 -0.39783654880264535 -1.0986880544526503 -0.41282677516855043 0.028857654732252869 -0.16178770434288753
leaf_weight=22 32 35 22 23 22 21 37 27 20 31 21 23 20 29 28 21
leaf_count=22 32 35 22 23 22 21 37 27 20 31 21 23 20 29 28 21
internal_value=-2.78968e-12 0.389404 -0.0588753 -0.107246 -0.0289091 0.260459 0.472159 -0.129123 0.257761 -0.227947 -0.660948 -0.471718 -0.723814 -0.0639553 -0.186686 -0.30739
internal_weight=434 57 377 355 311 80 58 231 47 184 44 74 43 110 78 50
internal_count=434 57 377 355 311 80 58 231 47 184 44 74 43 110 78 50
is_linear=0
shrinkage=0.05


Tree=66
num_leaves=18
num_cat=0
split_feature=12 12 5 20 5 22 6 18 13 19 5 16 12 3 6 19 3
split_gain=3958.04 11568.6 2965.83 3494.8 5866.29 3374.55 3234.88 2874.12 2795.35 4792.21 2357.8 1160.21 785.714 1677.72 982.537 932.758 603.833
threshold=263.00000000000006 236.00000000000003 259.00000000000006 37.500000000000007 143.50000000000003 -0.37940999865531916 124.50000000000001 -0.50499999523162831 18.050000190734867 993.54998779296886 171.50000000000003 106.50000000000001 155.50000000000003 127.50000000000001 179.50000000000003 992.45001220703136 173.50000000000003
decision_type=8 10 8 10 10 2 8 10 8 10 10 10 10 10 10 10 10
left_child=1 2 3 4 -1 8 -7 -4 9 16 -10 -8 13 -13 -14 -15 -5
right_child=-2 -3 7 5 -6 6 11 -9 10 -11 -12 12 14 15 -16 -17 -18
leaf_value=-0.27632667676291683 -0.48054211521760015 1.0668322934554173 0.00097734759803171502 -0.24887420355245987 0.84316122627258305 -0.84105358920667495 -0.5543255808949471 0.78090014996982759 0.016285797232994809 0.50813742166473752 0.78404176503419887 0.14365444362163546 0.28155718058347706 -0.20297543943442148 -0.1772931639637266 -0.6243689783538382 -0.60599268883466717
leaf_weight=22 39 26 27 29 25 23 20 21 20 21 20 20 20 29 28 24 20
leaf_count=22 39 26 27 29 25 23 20 21 20 21 20 20 20 29 28 24 20
internal_value=8.26871e-10 0.0474459 -0.0243808 -0.0791956 0.319146 -0.147524 -0.291231 0.342194 0.0667294 -0.123805 0.400164 -0.201543 -0.143232 -0.246549 0.0138945 -0.393795 -0.394637
internal_weight=434 395 369 321 47 274 164 48 110 70 40 141 121 73 48 53 49
internal_count=434 395 369 321 47 274 164 48 110 70 40 141 121 73 48 53 49
is_linear=0
shrinkage=0.05


Tree=67
num_leaves=16
num_cat=0
split_feature=23 4 22 21 23 15 17 11 9 21 21 14 5 19 3
split_gain=3758.16 14579.7 6867.71 4685.26 4528.38 4489.17 4290.96 3718.32 5638.33 5780.66 2033.99 1985.47 1688.93 1305.78 1138.87
threshold=-0.87838000059127797 190.50000000000003 -0.37940999865531916 0.60355499386787426 -0.60785500705242146 1.3350000381469729 0.075000001117587103 263.33999633789068 163.93000030517581 0.37940999865531927 -1.0000000180025095e-35 66.500000000000014 141.00000000000003 991.64999389648449 136.50000000000003
decision_type=2 10 2 2 2 10 10 10 10 2 2 10 10 10 8
left_child=1 3 5 -1 -4 6 -2 8 10 12 -6 -7 -10 -13 -12
right_child=2 -3 4 -5 7 11 -8 -9 9 -11 14 13 -14 -15 -16
leaf_value=-0.64838773349057077 1.0216404442603773 1.4723562380671502 -0.82340262532234199 0.39799849748611454 -0.01295382735820917 0.32359937630034985 0.18347442741631659 -0.75928420885042713 -0.34777049942603039 0.74807558040465083 -0.33052908223250821 0.037666444778442387 0.14953970430712951 -0.46843070276081566 -0.7817824531484534
leaf_weight=23 26 20 28 20 26 25 37 22 31 31 29 25 38 26 27
leaf_count=23 26 20 28 20 26 25 37 22 31 31 29 25 38 26 27
internal_value=1.15289e-09 0.35705 -0.0606312 -0.161696 -0.227146 0.217292 0.529384 -0.145307 -0.0710896 0.18092 -0.378418 -0.0414152 -0.0738895 -0.220344 -0.548098
internal_weight=434 63 371 43 232 139 63 204 182 100 82 76 69 51 56
internal_count=434 63 371 43 232 139 63 204 182 100 82 76 69 51 56
is_linear=0
shrinkage=0.05


end of trees

feature_importances:
pm25_lag_24h=83
pm25_roll_median_24h=76
pm25_lag_12h=71
day_of_week_sin=70
wind_speed_10m=69
relative_humidity_2m=67
hour_sin=57
surface_pressure=56
pm25_roll_mean_24h=55
pm25_roll_median_6h=51
hour_cos=51
pm25_roll_mean_3h=40
wind_direction_10m=40
boundary_layer_height=39
pm25_lag_6h=38
pm25_roll_mean_6h=38
wind_u=38
pm25_lag_1h=28
temperature_2m=26
day_of_week_cos=26
pm25_lag_3h=24
wind_v=22
pm25_roll_median_3h=19

parameters:
[boosting: gbdt]
[objective: regression]
[metric: rmse]
[tree_learner: serial]
[device_type: cpu]
[data_sample_strategy: bagging]
[data: ]
[valid: ]
[num_iterations: 300]
[learning_rate: 0.05]
[num_leaves: 31]
[num_threads: 0]
[seed: 42]
[deterministic: 0]
[force_col_wise: 0]
[force_row_wise: 0]
[histogram_pool_size: -1]
[max_depth: -1]
[min_data_in_leaf: 20]
[min_sum_hessian_in_leaf: 0.001]
[bagging_fraction: 0.8]
[pos_bagging_fraction: 1]
[neg_bagging_fraction: 1]
[bagging_freq: 0]
[bagging_seed: 400]
[bagging_by_query: 0]
[feature_fraction: 0.8]
[feature_fraction_bynode: 1]
[feature_fraction_seed: 30056]
[extra_trees: 0]
[extra_seed: 12879]
[early_stopping_round: 0]
[early_stopping_min_delta: 0]
[first_metric_only: 0]
[max_delta_step: 0]
[lambda_l1: 0]
[lambda_l2: 0]
[linear_lambda: 0]
[min_gain_to_split: 0]
[drop_rate: 0.1]
[max_drop: 50]
[skip_drop: 0.5]
[xgboost_dart_mode: 0]
[uniform_drop: 0]
[drop_seed: 17869]
[top_rate: 0.2]
[other_rate: 0.1]
[min_data_per_group: 100]
[max_cat_threshold: 32]
[cat_l2: 10]
[cat_smooth: 10]
[max_cat_to_onehot: 4]
[top_k: 20]
[monotone_constraints: ]
[monotone_constraints_method: basic]
[monotone_penalty: 0]
[feature_contri: ]
[forcedsplits_filename: ]
[refit_decay_rate: 0.9]
[cegb_tradeoff: 1]
[cegb_penalty_split: 0]
[cegb_penalty_feature_lazy: ]
[cegb_penalty_feature_coupled: ]
[path_smooth: 0]
[interaction_constraints: ]
[verbosity: -1]
[saved_feature_importance_type: 0]
[use_quantized_grad: 0]
[num_grad_quant_bins: 4]
[quant_train_renew_leaf: 0]
[stochastic_rounding: 1]
[linear_tree: 0]
[max_bin: 255]
[max_bin_by_feature: ]
[min_data_in_bin: 3]
[bin_construct_sample_cnt: 200000]
[data_random_seed: 175]
[is_enable_sparse: 1]
[enable_bundle: 1]
[use_missing: 1]
[zero_as_missing: 0]
[feature_pre_filter: 1]
[pre_partition: 0]
[two_round: 0]
[header: 0]
[label_column: ]
[weight_column: ]
[group_column: ]
[ignore_column: ]
[categorical_feature: ]
[forcedbins_filename: ]
[precise_float_parser: 0]
[parser_config_file: ]
[objective_seed: 16083]
[num_class: 1]
[is_unbalance: 0]
[scale_pos_weight: 1]
[sigmoid: 1]
[boost_from_average: 1]
[reg_sqrt: 0]
[alpha: 0.9]
[fair_c: 1]
[poisson_max_delta_step: 0.7]
[tweedie_variance_power: 1.5]
[lambdarank_truncation_level: 30]
[lambdarank_norm: 1]
[label_gain: ]
[lambdarank_position_bias_regularization: 0]
[eval_at: ]
[multi_error_top_k: 1]
[auc_mu_weights: ]
[num_machines: 1]
[local_listen_port: 12400]
[time_out: 120]
[machine_list_filename: ]
[machines: ]
[gpu_platform_id: -1]
[gpu_device_id: -1]
[gpu_device_id_list: ]
[gpu_use_dp: 0]
[num_gpu: 1]

end of parameters

pandas_categorical:null
