tree
version=v4
num_class=1
num_tree_per_iteration=1
label_index=0
max_feature_idx=26
objective=regression
feature_names=latitude longitude pm25_lag_1h pm25_lag_3h pm25_lag_6h pm25_lag_12h pm25_lag_24h pm25_roll_mean_3h pm25_roll_median_3h pm25_roll_mean_6h pm25_roll_median_6h pm25_roll_mean_24h pm25_roll_median_24h temperature_2m relative_humidity_2m wind_speed_10m wind_direction_10m wind_u wind_v surface_pressure boundary_layer_height hour_sin hour_cos day_of_week_sin day_of_week_cos month_sin month_cos
feature_infos=none none [43:442] [51:442] [51:442] [51:431] [66:431] [57.75:407] [54:408] [64:373.57000732421875] [66:370] [79.5:357] [80.5:357] [7.8000001907348633:22.799999237060547] [40:100] [0.05000000074505806:3.9100000858306885] [2:360] [-3.5499999523162842:2.9500000476837158] [-2.1099998950958252:1.8400000333786011] [986.79998779296875:997.70001220703125] [10:1295] [-1:1] [-1:1] [-0.97492998838424683:0.97492998838424683] [-0.9009699821472168:1] none none
tree_sizes=1560 1606 1597 1525 1515 1513 1524 1449 1603 1526 1588 1604 1602 1611 1623 1700 1525 1537 1610 1446 1371 1536 1549 1548 1532 1615 1543 1618 1541 1377 1539 1691 1623 1699 1464 1460 1623 1632 1463 1540 1538 1542 1548 1547 1543 1545 1556 1631 1637 1705 1473 1714 1552 1469 1707 1469 1549 1626 1473 1628 1474 1729 1384 1630 1561 1478 1469 1552 1479 1634 1630 1552 1633 1716 1542 1551 1642 1642 1552 1631 1559 1560 1634 1723 1630 1558 1629 1548 1563 1555 1637 1556 1625 1630 1482 1628 1554 1551 1478 1647 1647 1562 1480 1643 1642 1563 1559 1740 1483 1634 1555 1399 1478 1550 1560 1650 1562 1634 1730 1567 1640 1468 1571 1561 1569 1566 1639 1546 1476 1646 1492 1632 1638 1642 1639 1553 1648 1638 1473 1582 1628 1474 1658 1578 1481 1568 1655 1476 1564 1568 1664 1632 1483 1477 1657 1568 1476 1635 1650 1651 1566 1478 1556 1725 1577 1559 1648 1649 1567 1576 1568 1656 1475 1648 1658 1564 1574 1567 1666 1736 1637 1584 1495 1653 1649 1650 1652 1489 1577 1648 1652 1580 1564 1567 1579 1485 1642 1574 1562 1575 1563 1652 1581 1646 1559

Tree=0
num_leaves=18
num_cat=0
split_feature=7 15 9 22 20 7 14 22 19 10 6 21 12 21 17 12 23
split_gain=746896 307975 86273.7 84147.9 116003 75396.5 39432.2 38338 30757.7 33647.4 30982.3 20346.7 17146.5 15122.7 13515 2719.66 2477.21
threshold=170.37500000000003 0.92500001192092907 299.63999938964849 -0.60355499386787403 157.50000000000003 212.37500000000003 76.500000000000014 0.37940999865531927 990.75000000000011 241.00000000000003 138.50000000000003 0.37940999865531927 187.75000000000003 -0.37940999865531916 1.3450000286102297 143.75000000000003 -0.60785500705242146
decision_type=10 8 10 2 10 10 8 2 10 10 10 2 8 2 10 10 2
left_child=3 5 8 4 -1 -2 -5 -7 -3 10 -10 -6 14 -12 16 -16 -8
right_child=1 2 -4 6 11 7 12 -9 9 -11 13 -13 -14 -15 15 -17 -18
leaf_value=190.12475795675172 190.57157472406888 186.73526516202725 191.59359854253341 183.38248745696714 186.71396888061003 195.30084494488983 186.28443185968834 192.34597950399697 187.72871755609265 186.83829550688918 188.84056820056657 184.63883665423373 186.72475793809289 190.60656147541022 185.02348361897245 184.3192395900513 185.51556823145259
leaf_weight=23 28 30 21 27 27 23 20 21 28 22 22 21 23 27 29 26 22
leaf_count=23 28 30 21 27 27 23 20 21 28 22 22 21 23 27 29 26 22
internal_value=187.87 189.912 188.622 185.792 187.205 192.6 185.109 193.891 188.138 188.563 189.056 185.806 185.497 189.814 185.206 184.691 185.882
internal_weight=440 222 150 218 71 72 147 44 129 99 77 48 120 49 97 55 42
internal_count=440 222 150 218 71 72 147 44 129 99 77 48 120 49 97 55 42
is_linear=0
shrinkage=1


Tree=1
num_leaves=18
num_cat=0
split_feature=8 15 9 22 21 7 13 22 24 9 15 2 12 15 11 5 15
split_gain=682572 302187 77536.6 70458.4 74499 47028.7 39392.5 34600.1 28952.7 34465.2 25083.1 17722.3 12324.6 11502.5 7658.64 4194.48 4148.96
threshold=171.75000000000003 0.92500001192092907 299.63999938964849 -0.60355499386787403 1.0000000180025095e-35 212.37500000000003 16.650000572204593 0.37940999865531927 -0.56174498796463002 221.35500335693362 1.6649999618530276 221.00000000000003 187.75000000000003 1.3350000381469729 210.91500091552737 145.50000000000003 1.8949999809265139
decision_type=10 8 10 2 2 10 10 2 2 10 10 10 10 10 10 10 10
left_child=3 5 8 4 10 -2 12 -7 9 -3 -1 14 13 -5 -10 16 -15
right_child=1 2 -4 6 -6 7 -8 -9 11 -11 -12 -13 -14 15 -16 -17 -18
leaf_value=2.0458160585165026 3.003421222686768 2.4840314834117891 3.5369867795989629 -1.4567716528971992 -2.4718633394087517 7.0588709292204488 -4.3979549725850431 4.2517487117222386 -1.6772847079095385 -0.011156676661583686 -0.45833332419395445 0.75260391570627694 -1.1426870004638381 -1.9279467632373173 -0.40414804087744821 -3.095677004633723 -2.8902915273393908
leaf_weight=20 25 25 21 24 31 23 24 21 21 31 20 22 23 24 27 37 21
leaf_count=20 25 25 21 24 31 23 24 21 21 31 20 22 23 24 27 37 21
internal_value=1.16381e-08 2.00546 0.724177 -1.93384 -0.632086 4.73516 -2.53792 5.71911 0.255375 1.10277 0.793741 -0.422538 -2.19187 -2.41952 -0.961145 -2.7013 -2.37704
internal_weight=440 216 147 224 71 69 153 44 126 56 40 70 129 106 48 82 45
internal_count=440 216 147 224 71 69 153 44 126 56 40 70 129 106 48 82 45
is_linear=0
shrinkage=0.05


Tree=2
num_leaves=18
num_cat=0
split_feature=8 15 9 22 20 7 5 14 5 2 9 3 23 12 5 15 14
split_gain=616021 272723 69976.8 63588.7 97134.6 42443.4 33712.4 33554.8 25152.9 17073.8 16838.2 31665.7 16554.8 14761.8 11300.6 8779.84 5716.56
threshold=171.75000000000003 0.92500001192092907 299.63999938964849 -0.60355499386787403 132.50000000000003 212.37500000000003 195.50000000000003 70.500000000000014 129.50000000000003 117.50000000000001 197.21499633789065 238.00000000000003 1.0000000180025095e-35 187.75000000000003 145.50000000000003 1.7500000000000002 88.500000000000014
decision_type=10 8 10 2 10 10 10 8 10 10 10 10 2 8 10 10 10
left_child=3 5 8 4 -1 -2 -7 -5 -3 -6 -10 12 -12 14 15 -9 -16
right_child=1 2 -4 7 9 6 -8 13 10 -11 11 -13 -14 -15 16 -17 -18
leaf_value=2.352752466797829 2.8532501888275146 -1.0494036864617777 3.360137421744211 -4.3204957866668705 -2.5877654689763272 6.7556184602820357 3.9847377198083063 -1.325987817779664 -0.40525909789970949 -0.74920951503774402 2.8399335109374739 -0.32896071970462804 0.87727536757787083 -1.0012962353726229 -3.5847376060485843 -2.536332339253919 -2.4859307782403359
leaf_weight=20 25 29 21 20 28 23 21 31 28 23 22 26 21 24 20 29 29
leaf_count=20 25 29 21 20 28 23 21 31 28 23 22 26 21 24 20 29 29
internal_value=9.03552e-09 1.90519 0.687968 -1.83715 -0.600482 4.49841 5.43315 -2.41103 0.242606 -1.75861 0.628877 1.04853 1.88143 -2.12389 -2.37106 -1.91099 -2.93442
internal_weight=440 216 147 224 71 69 44 153 126 51 97 69 43 133 109 60 49
internal_count=440 216 147 224 71 69 44 153 126 51 97 69 43 133 109 60 49
is_linear=0
shrinkage=0.05


Tree=3
num_leaves=17
num_cat=0
split_feature=8 15 9 14 4 16 19 14 24 10 19 2 10 11 5 11
split_gain=555959 246133 63154.1 57520.1 45980.3 31297.6 28001 31205.8 24609.6 31172.7 16507.1 15420.7 11531.6 10301.1 12971.9 6827.66
threshold=171.75000000000003 0.92500001192092907 299.63999938964849 62.500000000000007 105.50000000000001 317.50000000000006 991.95001220703136 89.500000000000014 -0.56174498796463002 218.00000000000003 993.45001220703136 221.00000000000003 143.50000000000003 154.55500030517581 137.50000000000003 210.91500091552737
decision_type=10 8 10 8 10 10 10 10 2 10 10 10 10 10 10 10
left_child=3 6 8 -1 -5 10 -2 -8 9 -3 13 15 -12 14 -6 -10
right_child=1 2 -4 4 5 -7 7 -9 11 -11 12 -13 -14 -15 -16 -17
leaf_value=-4.1138821373815118 2.8490347299886789 1.9606622705016943 3.1921305338541668 0.23204273888559054 -2.3003507303340096 -0.17724203610420228 6.4066284724644254 3.7921386857032782 -1.5731164348267375 -0.45480276671322911 -1.9809627628326418 0.70165534398772511 -0.49890328219958713 -1.9079494087319624 -3.9442704268864226 -0.37103216515647042
leaf_weight=23 23 34 21 33 28 25 21 25 21 22 35 22 21 38 21 27
leaf_count=23 23 34 21 33 28 25 21 25 21 22 35 22 21 38 21 27
internal_value=-1.56335e-08 1.80993 0.653569 -1.74529 -1.47426 -1.80942 4.27348 4.98571 0.230476 1.01173 -2.09477 -0.394527 -1.42519 -2.52577 -3.00489 -0.896944
internal_weight=440 216 147 224 201 168 69 46 126 56 143 70 56 87 49 48
internal_count=440 216 147 224 201 168 69 46 126 56 143 70 56 87 49 48
is_linear=0
shrinkage=0.05


Tree=4
num_leaves=17
num_cat=0
split_feature=8 15 22 20 7 7 13 5 15 21 21 2 5 17 5 6
split_gain=501753 222135 55967.8 84061.8 43666.8 37283.3 30602.1 29446.5 22353.6 17960.5 16575.7 11566 10270.5 7234.24 3171.5 2714.5
threshold=171.75000000000003 0.92500001192092907 -0.60355499386787403 132.50000000000003 287.37500000000006 212.37500000000003 16.650000572204593 195.50000000000003 1.6649999618530276 0.37940999865531927 -0.37940999865531916 218.00000000000003 207.50000000000003 1.3450000286102297 155.00000000000003 161.50000000000003
decision_type=10 8 2 10 10 10 10 10 8 2 2 8 8 10 10 10
left_child=2 5 3 -1 8 -2 12 -7 10 -5 11 -3 13 14 -4 -15
right_child=1 4 6 9 -6 7 -8 -9 -10 -11 -12 -13 -14 15 -16 -17
leaf_value=2.2494968795776367 2.5178999996185305 -0.73853441856124191 -1.2577891844014326 -0.79017004549503334 2.3227330403092008 6.1718607612278156 -3.8358349363009134 3.5822213638396492 -0.79286367190189855 -2.6967015311831521 1.620667618102041 0.80589083035786957 -0.98145954203605656 -2.7692898818424769 -2.0624715995788576 -2.0390807247161868
leaf_weight=20 25 22 24 30 30 23 24 21 39 21 29 27 25 35 25 20
leaf_count=20 25 22 24 30 30 23 24 21 39 21 29 27 25 35 25 20
internal_value=-7.82607e-09 1.71943 -1.65803 -0.49783 0.620891 4.05981 -2.19642 4.9359 0.184521 -1.57521 0.673214 0.112475 -1.89141 -2.11015 -1.66834 -2.50376
internal_weight=440 216 224 71 147 69 153 44 117 51 78 49 129 104 49 55
internal_count=440 216 224 71 147 69 153 44 117 51 78 49 129 104 49 55
is_linear=0
shrinkage=0.05


Tree=5
num_leaves=17
num_cat=0
split_feature=7 15 22 14 9 7 22 14 19 10 24 14 12 17 12 23
split_gain=450990 183955 54970.3 53248.2 52978.9 47583.7 28160.3 25194.5 23644.4 28524 17646.1 15849 11218 9197.98 2387.1 2185.15
threshold=170.37500000000003 0.92500001192092907 -0.60355499386787403 70.500000000000014 299.63999938964849 212.37500000000003 0.37940999865531927 76.500000000000014 990.75000000000011 241.00000000000003 -0.56174498796463002 89.500000000000014 187.75000000000003 1.3450000286102297 136.50000000000003 -0.60785500705242146
decision_type=10 8 2 10 10 10 2 8 10 10 2 10 8 10 10 2
left_child=2 5 3 -1 8 -2 -7 -4 -3 10 -10 -12 13 15 -15 -9
right_child=1 4 7 -5 -6 6 -8 12 9 -11 11 -13 -14 14 -16 -17
leaf_value=-1.823069284690751 2.0524055936506818 -1.0197181034088136 -3.5471576831958913 0.91576838186808995 2.9180589823495775 5.8977720011835517 3.3653199456986926 -1.1566638603806496 1.8654203005347936 -1.0051772193475204 1.2713740304112435 -0.67339984655380247 -0.86388608162169866 -2.143192046880722 -2.8073941430737896 -1.8787828952074053
leaf_weight=36 28 30 27 35 21 23 21 20 35 22 22 20 23 24 31 22
leaf_count=36 28 30 27 35 21 23 21 20 35 22 22 20 23 24 31 22
internal_value=8.63082e-09 1.58628 -1.61538 -0.472938 0.589105 3.66372 4.6891 -2.16718 0.209973 0.582606 1.03626 0.345291 -1.85668 -2.09209 -2.51756 -1.53492
internal_weight=440 222 218 71 150 72 44 147 129 99 77 42 120 97 55 42
internal_count=440 222 218 71 150 72 44 147 129 99 77 42 120 97 55 42
is_linear=0
shrinkage=0.05


Tree=6
num_leaves=17
num_cat=0
split_feature=8 15 9 14 22 20 5 5 13 13 20 15 5 15 21 15
split_gain=409704 183249 63192.5 47151.9 68863.1 64988.3 37598 23450.7 17046.2 14091.5 13815.5 13793.1 7329.05 3390.28 2866.56 2452.73
threshold=171.75000000000003 0.82499998807907116 301.36000061035162 62.500000000000007 -0.37940999865531916 127.50000000000001 165.50000000000003 151.50000000000003 10.949999809265138 14.250000000000002 255.00000000000003 1.5249999761581423 207.50000000000003 1.8149999976158144 1.0000000180025095e-35 1.8149999976158144
decision_type=10 8 10 8 2 10 8 10 10 10 10 10 8 10 2 10
left_child=3 6 7 -1 5 -5 -2 11 -9 12 -10 -3 13 14 -6 -7
right_child=1 2 -4 4 9 15 -8 8 10 -11 -12 -13 -14 -15 -16 -17
leaf_value=-3.6427584316419521 2.1963273570651101 0.20494483083486559 3.2747331397607926 2.3471281846364338 -1.9427128865168646 -0.6303480286772053 4.8204619260934685 -0.20114750283605912 1.8230518754985596 -2.9650723438996538 0.29303484535217289 -1.6297663058553422 -0.80397639699280266 -2.2194390874159966 -1.1672282782467931 -1.3451802932967745
leaf_weight=23 21 20 20 21 26 24 39 34 36 26 25 21 20 38 22 24
leaf_count=23 21 20 20 21 26 24 39 34 36 26 25 21 20 38 22 24
internal_value=-6.79865e-09 1.55373 0.650546 -1.49824 -1.25285 0.0272031 3.90201 0.264636 0.695966 -1.92197 1.196 -0.734785 -1.66611 -1.86661 -1.58728 -0.987764
internal_weight=440 216 156 224 201 69 60 136 95 132 61 41 106 86 48 48
internal_count=440 216 156 224 201 69 60 136 95 132 61 41 106 86 48 48
is_linear=0
shrinkage=0.05


Tree=7
num_leaves=16
num_cat=0
split_feature=8 17 12 12 23 14 21 4 16 18 19 5 11 5 19
split_gain=369758 97024 52718.2 59595.1 101196 42554.6 36302.3 33827.6 23490.4 18034.1 13570.4 8123.39 7932.66 10230.1 7668.87
threshold=171.75000000000003 0.66999998688697826 272.50000000000006 236.00000000000003 1.0000000180025095e-35 62.500000000000007 1.0000000180025095e-35 105.50000000000001 317.50000000000006 -0.60500001907348622 993.45001220703136 142.50000000000003 154.55500030517581 137.50000000000003 991.35000610351574
decision_type=10 8 10 10 2 8 2 10 10 10 10 10 10 10 10
left_child=5 2 3 4 -2 -1 9 -7 10 -3 12 -12 13 -9 -11
right_child=1 6 -4 -5 -6 7 -8 8 -10 14 11 -13 -14 -15 -16
leaf_value=-3.4606205569661186 0.49621284893817369 -1.3090216168335507 0.67450144113972788 5.2987268187782988 4.3934569158861718 0.27333578720237267 1.8312225178435999 -1.9104577896850452 -0.063657421857118604 -0.34685527980327607 -0.30984827488660815 -1.5666491712960933 -1.5735179094107528 -3.3703485239119759 1.0377809548377992
leaf_weight=23 36 28 32 22 31 33 27 28 25 20 20 36 38 21 20
leaf_count=23 36 28 32 22 31 33 27 28 25 20 20 36 38 21 20
internal_value=-3.22576e-09 1.47605 2.41502 3.04082 2.29942 -1.42333 0.280094 -1.19021 -1.47769 -0.335795 -1.7249 -1.11779 -2.11568 -2.53613 0.345463
internal_weight=440 216 121 89 67 224 95 201 168 68 143 56 87 49 40
internal_count=440 216 121 89 67 224 95 201 168 68 143 56 87 49 40
is_linear=0
shrinkage=0.05


Tree=8
num_leaves=18
num_cat=0
split_feature=8 5 9 22 14 18 18 24 3 20 22 5 11 14 5 12 13
split_gain=333707 78642.4 47368.7 41268.8 39779.1 37304.1 39480.2 57232.6 31472.4 27734.1 25030.4 20402.5 11944.2 10765.9 8898.1 3722.03 2858.58
threshold=171.75000000000003 131.50000000000003 306.63999938964849 -0.78656998276710499 68.500000000000014 0.4200000017881394 -0.4549999982118606 -0.56174498796463002 192.50000000000003 205.00000000000003 -0.37940999865531916 225.50000000000003 156.30000305175784 87.500000000000014 144.50000000000003 187.75000000000003 11.650000095367433
decision_type=10 10 10 2 8 8 10 2 10 10 2 10 8 8 10 8 10
left_child=3 13 5 9 -5 6 7 -3 -8 -1 -6 -10 14 -2 16 -14 -12
right_child=1 2 -4 4 10 -7 8 -9 11 -11 12 -13 15 -15 -16 -17 -18
leaf_value=1.2423690064386887 0.26328472728314611 2.6143830976408462 3.7273377237648804 -3.4799702926918314 0.25214763045310978 -0.24337327241897586 4.3249942935258145 -0.80965860898678121 2.818604738958951 -1.1299426202263152 -2.0458388192313062 0.74275680989027026 -1.4591714257001878 -1.3025605161984763 -2.8073629167344833 -0.65073389001190662 -1.210597173124552
leaf_weight=22 23 23 29 27 20 25 20 26 29 28 21 20 35 21 27 24 20
leaf_count=22 23 23 29 27 20 25 20 26 29 28 21 20 35 21 27 24 20
internal_value=-9.59093e-09 1.40224 1.88478 -1.35216 -1.71597 1.51112 1.88283 0.797545 2.65354 -0.0861255 -1.39197 1.97132 -1.65088 -0.484051 -2.10255 -1.13032 -1.6384
internal_weight=440 216 172 224 174 143 118 49 69 50 147 49 127 44 68 59 41
internal_count=440 216 172 224 174 143 118 49 69 50 147 49 127 44 68 59 41
is_linear=0
shrinkage=0.05


Tree=9
num_leaves=17
num_cat=0
split_feature=8 15 9 22 20 5 24 15 14 8 12 22 5 23 11 15
split_gain=301170 148280 49627.7 37583.9 58574 32043.4 20754.1 27354.2 19733.7 10852.9 9223.35 8724.32 7464.29 7065.82 5705.13 5175.33
threshold=171.75000000000003 0.82499998807907116 301.36000061035162 -0.60355499386787403 132.50000000000003 165.50000000000003 -0.56174498796463002 1.6349999904632571 70.500000000000014 217.25000000000003 187.75000000000003 -0.91597998142242421 145.50000000000003 0.87838000059127819 156.30000305175784 1.7500000000000002
decision_type=10 8 10 2 10 8 2 10 8 10 8 2 10 2 10 10
left_child=3 5 6 4 -1 -2 7 -3 -5 13 12 -6 15 -8 -14 -10
right_child=1 2 -4 8 11 -7 9 -9 10 -11 -12 -13 14 -15 -16 -17
leaf_value=1.9595013475418093 1.8698472023010255 1.6836488317502174 2.8452214282751083 -3.1900797080993653 -0.45151809595880055 4.2923973107949278 -1.5347048944234849 -0.56492253414222171 -0.87787479658896528 0.42228175678423474 -0.61819719526295858 -1.7802907267212866 -2.6662223834257861 -0.31308702559306706 -1.5851611533890599 -1.8071294862648537
leaf_weight=20 21 38 20 20 21 39 20 21 31 28 24 30 26 29 23 29
leaf_count=20 21 38 20 20 21 39 20 21 31 28 24 30 26 29 23 29
internal_value=1.99192e-09 1.33213 0.519679 -1.28455 -0.333811 3.4445 0.177688 0.88331 -1.72575 -0.362984 -1.50555 -1.23315 -1.70093 -0.811707 -2.15879 -1.32701
internal_weight=440 216 156 224 71 60 136 59 153 77 133 51 109 49 49 60
internal_count=440 216 156 224 71 60 136 59 153 77 133 51 109 49 49 60
is_linear=0
shrinkage=0.05


Tree=10
num_leaves=18
num_cat=0
split_feature=7 15 22 20 9 7 5 19 3 14 3 14 21 11 15 5 15
split_gain=273413 121781 37266.1 52991 34028 33886.5 26841.3 17675.4 19857.1 16833.2 13164.3 14607.3 9114.55 6779.28 7938.61 7285.69 3935.96
threshold=170.37500000000003 0.92500001192092907 -0.60355499386787403 157.50000000000003 293.71499633789068 212.37500000000003 195.50000000000003 991.10000610351574 238.00000000000003 76.500000000000014 207.50000000000003 88.500000000000014 0.37940999865531927 156.30000305175784 1.8849999904632571 148.50000000000003 1.8149999976158144
decision_type=10 8 2 10 10 10 10 10 10 8 8 10 2 8 8 10 10
left_child=2 5 3 -1 7 -2 -7 -3 10 -4 11 -9 -5 15 -15 16 -11
right_child=1 4 9 12 -6 6 -8 8 -10 13 -12 -13 -14 14 -16 -17 -18
leaf_value=1.6562041332874367 1.565633889607021 -0.91988651044666769 -2.8400826701411495 -0.6550340142514971 2.1492965340614321 4.9707337905207405 2.4982985224042622 1.0829984297709805 -0.91430495636803766 -0.95799084820530644 1.7607678180933002 -0.686220270395279 -2.0439201241447811 -1.5218473599237556 -0.28540361842938833 -2.5440667802637278 -1.9149835496431304
leaf_weight=23 28 32 27 27 24 23 21 28 21 22 25 20 21 34 21 22 21
leaf_count=23 28 32 27 27 24 23 21 28 21 22 25 20 21 34 21 22 21
internal_value=-2.44171e-09 1.23511 -1.25777 -0.31712 0.423767 2.9254 3.79071 0.095095 0.440621 -1.7121 0.830394 0.345824 -1.26267 -1.4583 -1.04975 -1.804 -1.42536
internal_weight=440 222 218 71 150 72 44 126 94 147 73 48 48 120 55 65 43
internal_count=440 222 218 71 150 72 44 126 94 147 73 48 48 120 55 65 43
is_linear=0
shrinkage=0.05


Tree=11
num_leaves=18
num_cat=0
split_feature=7 15 22 22 21 19 4 5 15 2 21 7 19 19 14 15 2
split_gain=246755 111890 34727.8 33632.6 32099.5 26350.8 27618.8 34294.4 19497.9 17386.3 14369 11557.4 8219.32 7022.77 3249.92 2924.13 1561.89
threshold=170.37500000000003 1.1749999523162844 -0.37940999865531916 -0.60355499386787403 0.37940999865531927 991.54998779296886 186.50000000000003 221.00000000000003 1.8450000286102297 123.50000000000001 -1.0000000180025095e-35 203.87500000000003 993.54998779296886 992.54998779296886 88.500000000000014 1.6150000095367434 141.00000000000003
decision_type=10 8 2 2 2 10 10 10 10 8 2 10 8 8 10 8 10
left_child=3 5 11 4 8 -2 -7 -8 -1 -5 13 -3 14 -4 -11 -14 -16
right_child=1 2 10 9 -6 6 7 -9 -10 12 -12 -13 15 -15 16 -17 -18
leaf_value=1.1939112934470177 1.0036210900888993 0.42557176635378885 -0.45927989296615124 -2.5992166709899904 -1.9417241039730255 4.3418783014470881 3.2269457149593275 0.65705930051349459 -0.82154504805803308 -2.1699888933272589 0.59916734014238626 2.0654574648900463 -1.1709390989371709 -1.6047049470569779 -1.7710389554500581 -0.32617419272661213 -1.2006061422824861
leaf_weight=30 26 21 32 35 21 22 34 21 20 21 21 22 21 23 20 20 30
leaf_count=30 26 21 32 35 21 22 34 21 20 21 21 22 21 23 20 20 30
internal_value=-2.71608e-09 1.17335 0.129029 -1.19488 -0.301264 2.3799 2.84462 2.24572 0.387729 -1.62649 -0.513456 1.26458 -1.32252 -0.938276 -1.64801 -0.758859 -1.42878
internal_weight=440 222 119 218 71 103 77 55 50 147 76 43 112 55 71 41 50
internal_count=440 222 119 218 71 103 77 55 50 147 76 43 112 55 71 41 50
is_linear=0
shrinkage=0.05


Tree=12
num_leaves=18
num_cat=0
split_feature=7 5 6 9 3 14 22 20 7 3 6 22 13 11 6 11 6
split_gain=222697 60014.9 41658.1 44358.8 34921.3 30560 41113 38484.2 18677.7 28796.9 12456 9254.74 9199.97 6092.22 4051.12 3393.16 3169.86
threshold=170.37500000000003 131.50000000000003 125.50000000000001 306.63999938964849 180.50000000000003 62.500000000000007 -0.37940999865531916 127.50000000000001 200.00000000000003 257.50000000000006 185.50000000000003 0.37940999865531927 14.250000000000002 157.48000335693362 144.50000000000003 135.73999786376956 185.50000000000003
decision_type=10 10 8 10 10 8 2 10 10 10 10 2 10 8 10 10 10
left_child=5 11 -3 4 -4 -1 7 -7 -6 10 -10 -2 13 15 -9 -8 -15
right_child=1 2 3 -5 8 6 12 14 9 -11 -12 -13 -14 16 -16 -17 -18
leaf_value=-2.8588775816171066 0.27329082074372668 3.6932652759552003 2.4459538898297719 3.1505271067986125 -0.70461448293465834 1.903086549639702 -1.2239638585597277 -0.16395124524831772 0.75575364515894938 -0.37541928805153946 2.4231923552850887 -1.1164657242298126 -2.3226598567962649 -0.33495071046054364 -1.095668578360762 -1.9776559105941229 -1.2046888822858985
leaf_weight=23 23 20 28 26 26 20 32 20 21 29 24 25 25 20 28 28 22
leaf_count=23 23 20 28 26 26 20 32 20 21 29 24 25 25 20 28 28 22
internal_value=-3.05812e-09 1.11469 1.54647 1.26767 0.885211 -1.13514 -0.931825 0.0603527 0.448203 0.853247 1.64505 -0.450541 -1.46307 -1.25239 -0.707453 -1.57569 -0.790528
internal_weight=440 222 174 154 128 218 195 68 100 74 45 48 127 102 48 60 42
internal_count=440 222 174 154 128 218 195 68 100 74 45 48 127 102 48 60 42
is_linear=0
shrinkage=0.05


Tree=13
num_leaves=18
num_cat=0
split_feature=7 18 13 10 16 21 20 7 22 14 17 20 12 12 11 21 11
split_gain=200984 59147.3 51437.3 45911.2 29651.7 29148.7 53602 27328.9 24536.5 19837.3 18526.3 11925 5312.75 7488.21 4060.39 1306.17 892.84
threshold=170.37500000000003 -0.80500000715255726 8.9499998092651385 303.50000000000006 320.50000000000006 0.37940999865531927 247.50000000000003 201.12500000000003 -0.78656998276710499 69.500000000000014 0.71999999880790722 227.50000000000003 187.75000000000003 125.50000000000001 154.55500030517581 0.37940999865531927 162.379997253418
decision_type=10 10 10 10 8 2 10 10 2 10 10 10 10 10 10 2 10
left_child=4 -2 -3 5 8 7 -7 -4 11 -10 -9 -1 13 -11 15 -15 -16
right_child=1 2 3 -5 -6 6 -8 10 9 12 -12 -13 -14 14 16 -17 -18
leaf_value=0.64615764958517896 -0.70893501710051154 -0.83198355355046028 -0.52805522680282591 3.6695463730738718 0.66215538545088337 4.1805860259316185 0.82720274260410909 2.3231968074009339 -2.8513425178527836 -0.65730867437694385 0.57836036975495519 -1.0597940990328789 -0.60521356057037012 -1.7475324879521912 -1.0885532986904893 -2.2929414817265101 -1.5553460231423379
leaf_weight=21 39 22 26 26 22 22 26 29 25 23 32 20 22 23 21 21 20
leaf_count=21 39 22 26 26 22 22 26 29 25 23 32 20 22 23 21 21 20
internal_value=-6.0011e-09 1.05895 1.43571 1.74558 -1.07838 1.37504 2.36417 0.82932 -1.27375 -1.56147 1.40787 -0.186014 -1.31342 -1.45768 -1.67425 -2.00784 -1.31626
internal_weight=440 222 183 161 218 135 48 87 196 155 61 41 130 108 85 44 41
internal_count=440 222 183 161 218 135 48 87 196 155 61 41 130 108 85 44 41
is_linear=0
shrinkage=0.05


Tree=14
num_leaves=18
num_cat=0
split_feature=8 17 12 12 23 14 22 20 21 18 13 24 20 6 16 4 14
split_gain=181692 55228.5 37140.7 45739.3 72143.7 26851.6 37385.6 37318.2 24633.7 10487.4 8864.84 4593.65 4559.53 3662.84 2251.09 1695.85 992.331
threshold=171.75000000000003 0.66999998688697826 272.50000000000006 236.00000000000003 1.0000000180025095e-35 62.500000000000007 -0.37940999865531916 127.50000000000001 1.0000000180025095e-35 -0.60500001907348622 14.250000000000002 1.0000000180025095e-35 127.50000000000001 144.50000000000003 288.50000000000006 207.50000000000003 93.500000000000014
decision_type=10 8 10 10 2 8 2 10 2 10 10 2 10 10 10 10 10
left_child=5 2 3 4 -2 -1 7 -7 9 -3 11 12 16 -9 -13 -11 -8
right_child=1 8 -4 -5 -6 6 10 13 -10 15 -12 14 -14 -15 -16 -17 -18
leaf_value=-2.6160566459531371 0.096346133119530164 -1.1171284288167953 0.28220646595582366 4.2464724118059332 3.3869412350077783 1.8886013076418924 -0.89216449260711672 -0.12171301938593389 1.4101260617927269 -0.18101063966751099 -2.1329110741615298 -1.1015871688723564 -0.22622854532230471 -1.007655330986849 -1.819831242163976 0.4701125869899988 -1.3842783477902412
leaf_weight=23 36 28 32 22 31 21 21 20 27 20 26 20 21 28 24 20 20
leaf_count=23 36 28 32 22 31 21 21 20 27 20 26 20 21 28 24 20 20
internal_value=-2.87694e-09 1.03469 1.74311 2.26838 1.61886 -0.997734 -0.812553 0.130609 0.132377 -0.374964 -1.30557 -1.10264 -0.825352 -0.638513 -1.49336 0.144551 -1.13222
internal_weight=440 216 121 89 67 224 201 69 95 68 132 106 62 48 44 40 41
internal_count=440 216 121 89 67 224 201 69 95 68 132 106 62 48 44 40 41
is_linear=0
shrinkage=0.05


Tree=15
num_leaves=19
num_cat=0
split_feature=7 15 9 16 13 15 24 21 13 4 15 2 20 17 4 11 14 18
split_gain=164204 84692 29945.7 25274.7 17487.3 16802.7 13322.7 15296.5 11940.9 11345.7 9779.62 6969.77 6042.14 4286.67 4063.94 3783.03 2261.74 1383.62
threshold=170.37500000000003 0.82499998807907116 301.36000061035162 320.50000000000006 19.149999618530277 0.61000001430511486 1.0000000180025095e-35 0.37940999865531927 11.050000190734865 105.50000000000001 0.43999999761581426 123.50000000000001 47.500000000000007 0.95499998331069957 161.50000000000003 157.05000305175784 88.500000000000014 -0.65500000119209278
decision_type=10 8 10 8 10 10 2 2 10 8 10 10 10 10 8 10 10 10
left_child=3 5 6 4 9 10 7 8 12 -1 -2 17 -3 15 16 -13 -15 -11
right_child=1 2 -4 -5 -6 -7 -8 -9 -10 11 -12 13 -14 14 -16 -17 -18 -19
leaf_value=0.12529176339507103 2.671254678145051 -0.10712196883701144 2.1514014625549316 0.63221790167418401 -2.5561199986934664 3.5854854314223581 -1.0782048298489479 1.1146495650473394 0.52263368964195256 -1.4158985518273854 1.1076352106034757 -0.051689991354942323 -1.3214402756094934 -1.8828204393386843 -0.70259317735639915 -0.9589716984166039 -1.148154616355896 -1.9969907015562058
leaf_weight=20 20 21 20 22 20 23 21 38 39 21 20 20 20 20 26 27 22 20
leaf_count=20 20 21 20 22 20 23 21 38 39 21 20 20 20 20 26 27 22 20
internal_value=-4.77006e-09 0.957165 0.342432 -0.974728 -1.1551 2.50863 0.0821491 0.288653 -0.103696 -0.995893 1.88944 -1.13963 -0.699472 -0.940081 -1.19387 -0.572894 -1.498 -1.69936
internal_weight=440 222 159 218 196 63 139 118 80 176 40 156 41 115 68 47 42 41
internal_count=440 222 159 218 196 63 139 118 80 176 40 156 41 115 68 47 42 41
is_linear=0
shrinkage=0.05


Tree=16
num_leaves=17
num_cat=0
split_feature=8 5 6 4 3 5 11 22 20 2 2 22 21 19 6 10
split_gain=148788 46022.5 30735.8 30967.6 22290.1 22885.1 25276.6 21706.5 33214.9 16253 13814.6 5730.79 5376.55 4871.01 3215.61 1876.22
threshold=171.75000000000003 131.50000000000003 125.50000000000001 350.00000000000006 180.50000000000003 291.50000000000006 251.45500183105472 -0.60355499386787403 157.50000000000003 203.50000000000003 123.50000000000001 0.37940999865531927 0.37940999865531927 993.54998779296886 159.50000000000003 144.50000000000003
decision_type=10 10 8 8 10 10 10 2 10 8 10 2 2 10 8 10
left_child=7 11 -3 4 -4 6 9 8 -1 -6 -9 -2 -10 14 -12 -15
right_child=1 2 3 -5 5 -7 -8 10 12 -11 13 -13 -14 15 -16 -17
leaf_value=1.3819494053073553 0.1184110563993454 3.1480776374042034 2.097128707628984 2.8964816379547123 -0.7602399195233982 -0.76277756350381043 2.3396317525343462 -2.0504706364411578 -0.46226104938045698 0.99925017050334386 -1.5558974174090796 -1.0275844544172288 -1.5289823418571835 -0.84829500822917281 -0.8828504168325001 -0.18612831607460978
leaf_weight=23 20 20 26 20 21 28 22 39 27 35 35 24 21 23 36 20
leaf_count=23 20 20 26 20 21 28 22 39 27 35 35 24 21 23 36 20
internal_value=-3.57882e-09 0.936322 1.30546 1.06301 0.785214 0.463423 0.903598 -0.902882 -0.18035 0.339441 -1.23817 -0.506677 -0.928952 -0.960284 -1.21463 -0.540311
internal_weight=440 216 172 152 132 106 78 224 71 56 153 44 48 114 71 43
internal_count=440 216 172 152 132 106 78 224 71 56 153 44 48 114 71 43
is_linear=0
shrinkage=0.05


Tree=17
num_leaves=17
num_cat=0
split_feature=2 15 9 5 19 14 22 20 15 24 15 21 2 13 21 19
split_gain=118784 79587.2 27162.9 26551.7 27938.3 22286.9 18617.8 18465.7 16719.5 23118 8460.84 8441.22 8419.36 6752.55 6669.74 3158.5
threshold=166.50000000000003 0.82499998807907116 301.36000061035162 160.50000000000003 992.75000000000011 62.500000000000007 -0.60355499386787403 157.50000000000003 1.6649999618530276 -0.56174498796463002 1.075000047683716 1.0000000180025095e-35 221.00000000000003 14.050000190734865 0.37940999865531927 992.25000000000011
decision_type=10 8 10 8 10 8 2 10 8 2 10 2 10 10 2 10
left_child=5 3 8 -2 -5 -1 7 -7 9 -3 -8 -10 -11 14 15 -12
right_child=1 2 -4 4 -6 6 10 -9 11 12 13 -13 -14 -15 -16 -17
leaf_value=-2.3146635159202247 0.82600822031497967 1.3275118948597657 1.9491466146707535 4.3919838392734531 1.8099141424352472 1.2781588637403081 -0.026729189753532414 -0.61847419070475029 -1.2864725637435914 -0.80123283788561828 -0.88350778304297362 0.039644561111927039 0.43762901723384862 -1.9074716023776841 -0.3790442768371467 -1.6039533540606499
leaf_weight=23 20 38 20 20 22 21 20 33 30 32 29 20 24 23 33 32
leaf_count=23 20 38 20 20 22 21 20 33 30 32 29 20 24 23 33 32
internal_value=-2.97685e-09 0.799419 0.222505 2.32545 3.03947 -0.844246 -0.66718 0.119105 -0.0173069 0.375629 -0.977103 -0.756026 -0.270292 -1.13956 -0.951667 -1.26145
internal_weight=440 226 164 62 42 214 191 54 144 94 137 50 56 117 94 61
internal_count=440 226 164 62 42 214 191 54 144 94 137 50 56 117 94 61
is_linear=0
shrinkage=0.05


Tree=18
num_leaves=18
num_cat=0
split_feature=7 18 13 9 18 5 10 16 5 13 4 19 11 5 9 16 10
split_gain=122402 42019.8 40597.2 33623.2 24082.5 30492.5 22952.1 20813 19399 14725.9 8929.21 6791.68 4929.4 7867.59 4326.29 1862.23 1606.89
threshold=170.37500000000003 -0.80500000715255726 8.9499998092651385 306.63999938964849 0.4200000017881394 164.50000000000003 190.50000000000003 320.50000000000006 210.50000000000003 19.149999618530277 105.50000000000001 993.45001220703136 154.55500030517581 142.50000000000003 145.50000000000003 285.50000000000006 151.50000000000003
decision_type=10 10 10 10 10 8 10 8 10 10 8 10 10 8 10 10 10
left_child=7 -2 -3 4 5 -4 -7 9 -8 10 -1 12 13 -12 15 -13 -14
right_child=1 2 3 -5 -6 6 8 -9 -10 -11 11 14 16 -15 -16 -17 -18
leaf_value=0.13549961328506471 -0.66369611697319231 -0.87066354859959005 0.12397846754859476 3.0657323211431504 -0.49920595228672032 3.2864661411805587 2.2558363516484539 0.61666755676269536 0.44021159687212541 -2.2908956879377365 -1.1061226526647807 -0.5388920426368714 -0.51178214415907863 -2.3492720478773115 0.0061926559323356271 -1.2212098436057568 -1.1455973589420319
leaf_weight=20 39 22 34 26 20 22 31 22 28 20 35 20 20 20 21 20 20
leaf_count=20 39 22 34 26 20 22 31 22 28 20 35 20 20 20 21 20 20
internal_value=-4.01908e-09 0.826399 1.14396 1.41925 1.10215 1.38065 1.90814 -0.841562 1.39418 -1.00524 -0.859144 -0.986662 -1.25102 -1.55818 -0.574951 -0.880051 -0.82869
internal_weight=440 222 183 161 135 115 81 218 59 196 176 156 95 55 61 40 40
internal_count=440 222 183 161 135 115 81 218 59 196 176 156 95 55 61 40 40
is_linear=0
shrinkage=0.05


Tree=19
num_leaves=16
num_cat=0
split_feature=8 15 9 5 13 4 15 15 24 11 2 12 6 6 19
split_gain=110810 71658.7 21801.7 21163.1 18424.1 12649.6 12528 11767 19607.7 11159.7 6852.99 6128.91 5648.9 2682.13 1362.23
threshold=171.75000000000003 0.82499998807907116 293.71499633789068 165.50000000000003 19.149999618530277 105.50000000000001 1.0349999666213991 1.6649999618530276 -0.56174498796463002 259.02500915527349 221.00000000000003 187.75000000000003 136.50000000000003 153.50000000000003 992.75000000000011
decision_type=10 8 10 8 10 8 10 10 2 10 10 10 8 10 10
left_child=4 3 7 -2 5 -1 -7 8 9 -3 -10 12 -8 -14 -15
right_child=1 2 -4 -5 -6 6 11 -9 10 -11 -12 -13 13 14 -16
leaf_value=0.4480213048557441 0.99680640612329763 1.9015898251107761 1.564953311590048 2.965568313843165 -2.1532273132692685 0.1044675552483761 -0.61022298896783278 -0.77527832916459527 -0.83814622182999887 0.25128719657659532 0.33167964106514342 -0.22625115301622001 -1.6875288935268629 -0.87104829373183079 -1.3946895988091179
leaf_weight=24 21 21 26 39 22 33 38 37 31 20 21 23 34 27 23
leaf_count=24 21 21 26 39 22 33 38 37 31 20 21 23 34 27 23
internal_value=-2.04637e-09 0.808035 0.243239 2.2765 -0.779176 -0.629527 -0.774814 -0.0211033 0.278945 1.09656 -0.365717 -0.974927 -1.11607 -1.34491 -1.11192
internal_weight=440 216 156 60 224 202 178 130 93 41 52 145 122 84 50
internal_count=440 216 156 60 224 202 178 130 93 41 52 145 122 84 50
is_linear=0
shrinkage=0.05


Tree=20
num_leaves=15
num_cat=0
split_feature=8 15 9 5 22 14 13 8 10 24 5 8 6 6
split_gain=100006 64672 19676 19099.7 17787.1 15625.4 12215.6 10627.4 11730.6 11776.7 4033.45 3687.52 2871.36 2931.77
threshold=171.75000000000003 0.82499998807907116 293.71499633789068 165.50000000000003 -0.60355499386787403 70.500000000000014 15.650000095367433 190.25000000000003 241.00000000000003 -0.56174498796463002 207.50000000000003 204.25000000000003 143.50000000000003 159.50000000000003
decision_type=10 8 10 8 2 10 10 10 10 2 8 10 10 10
left_child=4 3 7 -2 5 -1 10 -3 9 -9 12 -11 -6 -14
right_child=1 2 -4 -5 6 -7 -8 8 -10 11 -12 -13 13 -15
leaf_value=-0.8175347634487683 0.94696608398641868 -0.94652951025962828 1.4867056837448709 2.8172899130063183 -0.60562108937237003 0.66611003058297302 -1.9300342256023038 1.2006474325486591 -0.65500240757547579 -0.53395560115575791 -0.23758065775036813 0.4146906103406634 -1.614751935005188 -0.90299060589227931
leaf_weight=36 21 25 26 39 36 35 31 35 29 20 24 21 23 39
leaf_count=36 21 25 26 39 36 35 31 35 29 20 24 21 23 39
internal_value=2.18099e-09 0.767633 0.231078 2.16268 -0.740217 -0.0861606 -1.04373 -0.0200481 0.200543 0.527001 -0.818526 -0.0480636 -0.960799 -1.16703
internal_weight=440 216 156 60 224 71 153 130 105 76 122 41 98 62
internal_count=440 216 156 60 224 71 153 130 105 76 122 41 98 62
is_linear=0
shrinkage=0.05


Tree=21
num_leaves=17
num_cat=0
split_feature=7 5 18 12 5 9 14 16 22 20 2 21 14 19 12 11
split_gain=90029.4 33932.7 23318.3 33371.4 32204.2 32451.8 21011.7 17414.2 16123.6 15980 13915.1 5878.2 5702.44 3424.61 2481.19 2439.72
threshold=170.37500000000003 131.50000000000003 -0.4549999982118606 272.50000000000006 249.00000000000003 270.34498596191412 85.500000000000014 320.50000000000006 -0.78656998276710499 72.500000000000014 111.50000000000001 0.91597998142242443 70.500000000000014 993.64999389648449 132.75000000000003 154.55500030517581
decision_type=10 8 10 10 10 10 8 8 2 10 10 2 10 10 10 10
left_child=7 -2 6 4 5 9 -3 8 12 -4 -10 13 -1 14 -12 -16
right_child=1 2 3 -5 -6 -7 -8 -9 10 -11 11 -13 -14 -15 15 -17
leaf_value=-0.56517102689970111 -0.85510031541188569 1.0572423515293528 1.3589964447198091 -0.014126600641192814 3.6141959798336032 2.7669889028255756 -0.72784095071256161 0.61211241646246473 -2.2115227977434797 -0.5057075344771147 -0.45806194706396619 -1.6474440875378524 0.61451878041028984 -0.26304072505897946 -1.4560664275884629 -0.80935276644570497
leaf_weight=21 30 34 27 33 20 26 32 22 24 20 22 22 20 27 25 35
leaf_count=21 30 34 27 33 20 26 32 22 24 20 22 22 20 27 25 35
internal_value=-7.18134e-09 0.708741 0.953091 1.35189 1.83661 1.3496 0.191747 -0.721746 -0.871464 0.565505 -1.1047 -0.901925 0.0102874 -0.751454 -0.912273 -1.07882
internal_weight=440 222 192 126 93 73 66 218 196 47 155 131 41 109 82 60
internal_count=440 222 192 126 93 73 66 218 196 47 155 131 41 109 82 60
is_linear=0
shrinkage=0.05


Tree=22
num_leaves=17
num_cat=0
split_feature=8 15 15 22 21 14 22 20 20 22 23 14 20 9 6 21
split_gain=81500.5 55528.2 17707.5 16822.1 20155.5 15526.2 22778.6 23724.2 14035.9 7565.23 6476.05 6878.29 5774.27 3436.02 3363.83 417.993
threshold=171.75000000000003 0.82499998807907116 0.61000001430511486 -0.60355499386787403 0.37940999865531927 62.500000000000007 -0.37940999865531916 127.50000000000001 172.50000000000003 -1.0000000180025095e-35 -0.87838000059127797 88.500000000000014 72.500000000000014 150.50000000000003 144.50000000000003 1.0000000180025095e-35
decision_type=10 8 10 2 2 8 2 10 10 2 2 8 10 8 10 2
left_child=5 2 -2 8 9 -1 7 -7 -3 -5 -8 -12 -11 15 -9 -13
right_child=1 3 -4 4 -6 6 10 14 -10 12 11 13 -14 -15 -16 -17
leaf_value=-1.8988178647082785 1.355341940258558 1.8774985930194026 3.1562127066510066 0.27723872542381284 0.90816832780838019 1.6104758489699593 -0.12914124889807269 0.090803777873516081 0.089597677474930179 -0.40896484933116223 -1.6357371921340627 -1.2688505430519581 -1.4052899333146902 -0.42355278001769503 -0.7582073105233057 -0.94558867335319519
leaf_weight=23 39 23 21 20 33 21 22 20 21 33 36 20 26 34 28 20
leaf_count=23 39 23 21 20 33 21 22 20 21 33 36 20 26 34 28 20
internal_value=-6.85792e-11 0.69298 1.98565 0.195801 -0.129634 -0.668231 -0.527418 0.208786 1.02418 -0.563147 -0.912252 -1.06887 -0.848023 -0.793102 -0.404453 -1.10722
internal_weight=440 216 60 156 112 224 201 69 44 79 132 110 59 74 48 40
internal_count=440 216 60 156 112 224 201 69 44 79 132 110 59 74 48 40
is_linear=0
shrinkage=0.05


Tree=23
num_leaves=17
num_cat=0
split_feature=9 5 15 22 18 20 14 3 14 22 22 11 6 9 5 19
split_gain=66766.1 48599.3 34080.6 19785.1 15982.1 13032.5 21344.1 12257.2 8380.67 7816.16 7142.53 8255.91 8215.93 5179.23 3842.02 1821.89
threshold=194.78499603271487 259.00000000000006 0.92500001192092907 0.60355499386787426 -0.80500000715255726 72.500000000000014 89.500000000000014 284.50000000000006 62.500000000000007 -1.0000000180025095e-35 -1.0000000180025095e-35 157.48000335693362 191.50000000000003 152.64499664306643 150.50000000000003 993.54998779296886
decision_type=10 10 8 2 10 10 10 8 10 2 2 10 10 8 8 10
left_child=1 5 3 -2 -4 6 -1 9 -7 -6 12 13 14 15 -10 -12
right_child=2 -3 4 -5 7 8 -8 -9 10 -11 11 -13 -14 -15 -16 -17
leaf_value=1.2513014946665084 2.6500705088338545 1.7689371023665776 -0.81282231807708749 0.66237166665849234 0.75297430276870736 -1.7273823086172344 -0.95346031214879901 1.4024559717159719 -0.34729666090570394 -0.3981791027661028 -1.3372880880832674 -0.40642208320399126 -1.0578892945215619 -2.0197562843561174 0.53611170038580891 -0.69703363120555883
leaf_weight=21 31 22 25 21 30 24 23 32 32 29 25 36 29 20 20 20
leaf_count=21 31 22 25 21 30 24 23 32 32 29 25 36 29 20 20 20
internal_value=-2.67544e-10 -0.484052 0.783703 1.84735 0.306897 -0.682315 0.0988124 0.614512 -0.849157 0.187153 -0.733347 -1.01385 -0.383581 -1.35028 -0.00752421 -1.05273
internal_weight=440 272 168 52 116 250 44 91 206 59 182 101 81 65 52 45
internal_count=440 272 168 52 116 250 44 91 206 59 182 101 81 65 52 45
is_linear=0
shrinkage=0.05


Tree=24
num_leaves=17
num_cat=0
split_feature=8 15 15 2 17 13 22 20 23 15 23 23 13 6 9 6
split_gain=66739.9 46450.4 15784.2 15261.6 17078 14111.4 16118.4 22271.7 12804 8884.54 9060.85 5110.45 5917.95 4291.29 3248.48 592.307
threshold=171.75000000000003 0.82499998807907116 0.61000001430511486 247.50000000000003 0.85500001907348644 19.149999618530277 -0.37940999865531916 127.50000000000001 -0.60785500705242146 1.6449999809265139 0.87838000059127819 -0.87838000059127797 14.250000000000002 136.50000000000003 150.50000000000003 147.50000000000003
decision_type=10 8 10 8 8 10 2 10 2 8 2 2 10 10 8 10
left_child=5 2 -2 8 -5 6 7 -1 -3 10 -10 -8 14 -9 15 -13
right_child=1 3 -4 4 -6 -7 11 13 9 -11 -12 12 -14 -15 -16 -17
leaf_value=1.4993975145476206 1.2142972109791561 -1.29876865091778 2.9145551829111009 1.5102910585062845 -0.26749736477028241 -1.8072275779464029 -0.10741381387818943 0.12635997146368028 1.2389742778695148 -0.5476424856577069 -0.1645033024089492 -0.8430303551933982 -1.6552509699178779 -0.81916571895281476 -0.41497019032637283 -1.1987525782585144
leaf_weight=21 39 21 21 35 22 22 22 20 23 32 23 22 23 30 39 25
leaf_count=21 39 21 21 35 22 22 22 20 23 32 23 22 23 30 39 25
internal_value=-1.45032e-09 0.627095 1.80939 0.172368 0.824127 -0.604699 -0.473731 0.132952 -0.202888 0.0921573 0.537235 -0.802543 -0.942845 -0.440955 -0.752318 -1.03224
internal_weight=440 216 60 156 57 224 202 71 99 78 46 131 109 50 86 47
internal_count=440 216 60 156 57 224 202 71 99 78 46 131 109 50 86 47
is_linear=0
shrinkage=0.05


Tree=25
num_leaves=18
num_cat=0
split_feature=7 15 18 3 16 22 2 5 19 3 7 18 19 5 6 11 15
split_gain=60076.4 35334.6 13628.3 18543.7 13245.6 12254.8 11307 10620.4 25023.7 8038.36 8719.01 7592.17 3807.38 4742.79 6371.81 3742.43 1805.4
threshold=170.37500000000003 0.82499998807907116 -0.4549999982118606 284.50000000000006 320.50000000000006 -0.78656998276710499 111.50000000000001 165.50000000000003 992.85000610351574 218.00000000000003 201.12500000000003 0.25499999523162847 993.64999389648449 137.50000000000003 149.50000000000003 144.08000183105472 1.6649999618530276
decision_type=10 8 10 8 8 2 10 8 10 8 10 10 10 10 10 10 10
left_child=4 7 9 11 5 15 -7 -2 -9 10 -3 -4 13 -8 -15 -1 -14
right_child=1 2 3 -5 -6 6 12 8 -10 -11 -12 -13 16 14 -16 -17 -18
leaf_value=-0.41762389526480725 0.66299234174546751 -0.54319342251481684 0.49574937941254799 1.5796236838063886 0.57372346899726179 -1.9212134520212811 -0.50303117726978497 3.3201516723632816 0.87647200931202285 -1.158522895971934 0.81383098602294934 -0.69455064762206309 -0.69213609576225288 -1.9089298730804807 -0.77335393135125441 0.53806009173393254 -0.035755663432858208
leaf_weight=21 21 29 37 31 22 24 38 20 22 21 20 21 20 21 30 20 22
leaf_count=21 21 29 37 31 22 24 38 20 22 21 20 21 20 21 30 20 22
internal_value=2.49637e-09 0.578958 0.18189 0.592421 -0.589582 -0.720157 -0.923495 1.58108 2.04013 -0.340071 0.0106941 0.0647787 -0.740707 -0.92588 -1.24094 0.0485634 -0.348318
internal_weight=440 222 159 89 218 196 155 63 42 70 49 58 131 89 51 41 42
internal_count=440 222 159 89 218 196 155 63 42 70 49 58 131 89 51 41 42
is_linear=0
shrinkage=0.05


Tree=26
num_leaves=17
num_cat=0
split_feature=7 18 19 7 6 12 21 14 20 2 22 23 21 12 6 21
split_gain=54219 22575.5 17359.2 19565.2 19969.8 32079.3 13784.5 24122.2 12099.9 9803.18 6934.37 8122.3 5440.24 2807.67 2678.2 949.583
threshold=170.37500000000003 -0.80500000715255726 994.64999389648449 221.25000000000003 232.50000000000003 212.25000000000003 0.37940999865531927 85.500000000000014 77.500000000000014 84.500000000000014 -0.78656998276710499 -0.87838000059127797 0.91597998142242443 155.50000000000003 135.50000000000003 -0.60355499386787403
decision_type=10 10 10 10 10 10 2 10 10 10 2 2 2 10 8 2
left_child=8 -2 3 6 5 -5 7 -3 -1 -10 -11 -12 13 14 -13 -16
right_child=1 2 -4 4 -6 -7 -8 -9 9 10 11 12 -14 -15 15 -17
leaf_value=0.29167256606476649 -0.5421984264483819 0.92951031915843496 2.1730120006203655 1.6823443109936573 2.2740778189439044 -0.56087763115763667 1.0851258898065204 -1.2840440302155913 -1.7677466464042664 0.040414042902343413 0.089485249571178274 -0.45801085233688354 -1.6091640020410223 -0.27010122038085355 -0.92302874624729159 -1.410261615216732
leaf_weight=35 39 20 20 34 26 30 21 32 20 34 23 20 24 22 20 20
leaf_count=35 39 20 20 34 26 30 21 32 20 34 23 20 24 22 20 20
internal_value=3.00987e-09 0.550011 0.782776 0.612195 1.10555 0.630834 0.00395125 -0.432677 -0.560102 -0.72301 -0.594822 -0.762248 -0.947058 -0.753271 -0.930434 -1.16665
internal_weight=440 222 183 163 90 64 73 52 218 183 163 129 106 82 60 40
internal_count=440 222 183 163 90 64 73 52 218 183 163 129 106 82 60 40
is_linear=0
shrinkage=0.05


Tree=27
num_leaves=18
num_cat=0
split_feature=8 13 8 5 3 5 13 22 20 20 11 19 5 6 14 5 19
split_gain=49172.5 26755.8 27541.2 17740.9 18802.1 21830.4 11594.9 13190.6 19132.3 9568.46 9754.28 4849.49 4121.08 3894.54 2681.58 2336.51 1813.63
threshold=171.75000000000003 8.8499999046325701 339.50000000000006 129.50000000000003 180.50000000000003 291.50000000000006 19.149999618530277 -0.37940999865531916 127.50000000000001 37.500000000000007 232.58000183105472 993.54998779296886 174.50000000000003 136.50000000000003 89.500000000000014 144.50000000000003 992.45001220703136
decision_type=10 10 10 8 10 10 10 2 10 10 10 8 10 10 10 10 10
left_child=6 -2 3 -3 -5 9 7 8 -1 -6 12 14 -11 -10 -9 -13 -16
right_child=1 2 -4 4 5 -7 -8 11 13 10 -12 15 -14 -15 16 -17 -18
leaf_value=1.4149781696853185 -1.0356988263626894 -0.76166126352289454 2.4911620926856997 1.8489732986688616 1.5457109082361749 -0.89904682027796901 -1.6090918372977865 -1.3883074055115383 0.15702347688376905 -0.49412927746772772 1.3458735500063215 0.097710747420787822 0.46880506610870365 -0.7437337162594001 -0.52195362148411351 -0.58717764173493237 -1.1163486866723924
leaf_weight=21 24 23 20 30 29 24 22 24 20 20 21 20 25 30 33 33 21
leaf_count=21 24 23 20 30 29 24 22 24 20 20 21 20 25 30 33 33 21
internal_value=1.20056e-09 0.538272 0.735019 0.530816 0.730326 0.448314 -0.519048 -0.400331 0.148493 0.7887 0.456074 -0.697785 0.0408342 -0.383431 -0.948553 -0.328729 -0.753107
internal_weight=440 216 192 172 149 119 224 202 71 95 66 131 45 50 78 53 54
internal_count=440 216 192 172 149 119 224 202 71 95 66 131 45 50 78 53 54
is_linear=0
shrinkage=0.05


Tree=28
num_leaves=17
num_cat=0
split_feature=8 15 15 22 20 13 22 20 5 2 17 19 6 11 19 9
split_gain=44378.2 34829.1 13448.2 12535.4 11497.4 10464.4 11904.5 17266.9 6464.87 11166.8 4687.24 4376.67 3514.83 2586.31 4490.09 2110.5
threshold=171.75000000000003 0.82499998807907116 0.61000001430511486 -0.60355499386787403 172.50000000000003 19.149999618530277 -0.37940999865531916 127.50000000000001 249.00000000000003 244.00000000000003 0.95499998331069957 993.54998779296886 136.50000000000003 156.30000305175784 989.95001220703136 144.84500122070315
decision_type=10 8 10 2 10 10 2 10 10 10 10 8 10 10 10 8
left_child=5 2 -2 4 -3 6 7 -1 9 10 -5 13 -9 14 -8 -13
right_child=1 3 -4 8 -6 -7 11 12 -10 -11 -12 15 -14 -15 -16 -17
leaf_value=1.3442292556166651 0.98583258940623364 1.6049968512161918 2.555240519841512 -1.3880030483007433 -0.013170225279671805 -1.5286372368985957 -0.54987194503080994 0.14917228620499373 0.51068854155363863 0.39854761580626175 -0.43792154368232278 -0.55792366819399775 -0.70654703671733543 -0.50542530439518119 -1.5031339009602867 0.092998313307762148
leaf_weight=21 39 23 21 21 21 22 21 20 27 30 34 33 30 27 30 20
leaf_count=21 39 23 21 21 21 22 21 20 27 30 34 33 30 27 30 20
internal_value=2.83778e-09 0.511359 1.53513 0.117602 0.83269 -0.493096 -0.380314 0.141068 -0.163325 -0.377423 -0.80068 -0.662896 -0.364259 -0.901126 -1.11061 -0.312293
internal_weight=440 216 60 156 44 224 202 71 112 85 55 131 50 78 51 53
internal_count=440 216 60 156 44 224 202 71 112 85 55 131 50 78 51 53
is_linear=0
shrinkage=0.05


Tree=29
num_leaves=15
num_cat=0
split_feature=7 5 5 17 6 19 4 19 21 13 21 12 8 12
split_gain=40184.7 40610.5 16833.9 26795.1 13490.1 11003.4 8481.82 8012.42 19155.1 6120.35 6096.46 5376.14 4811.29 2311.42
threshold=196.75000000000003 259.00000000000006 210.50000000000003 0.77000001072883617 191.50000000000003 993.64999389648449 105.50000000000001 992.35000610351574 0.60355499386787426 13.750000000000002 1.0000000180025095e-35 145.50000000000003 168.50000000000003 142.25000000000003
decision_type=10 10 8 10 10 10 8 8 2 8 2 10 10 10
left_child=1 6 3 5 -4 -2 -1 8 12 10 -9 -11 13 -8
right_child=2 -3 4 -5 -6 -7 7 9 -10 11 -12 -13 -14 -15
leaf_value=0.3379024595022202 1.2100968195746342 1.5187622478948191 -0.65920067191123966 0.039842490966503441 0.78570801178614302 2.650257373991467 -0.70354155405209617 -1.1005379046003023 -2.0585946896980549 0.6618989756246183 -0.19822779007447072 -0.47077129036188126 -1.2199643968116671 -0.084860197889308139
leaf_weight=24 36 26 35 39 30 21 26 36 29 22 39 20 21 36
leaf_count=24 36 26 35 39 30 21 26 36 29 22 39 20 21 36
internal_value=-1.74877e-09 -0.362982 0.629018 1.04972 0.00768026 1.74068 -0.556363 -0.650085 -0.952371 -0.360717 -0.631337 0.122532 -0.565859 -0.344307
internal_weight=440 279 161 96 65 57 253 229 112 117 75 42 83 62
internal_count=440 279 161 96 65 57 253 229 112 117 75 42 83 62
is_linear=0
shrinkage=0.05


Tree=30
num_leaves=17
num_cat=0
split_feature=15 8 13 22 22 7 15 13 11 13 21 9 23 13 7 23
split_gain=37026.7 24199.2 20402.5 28201.7 16170.4 15855.2 15694.9 8270.45 7994.8 7119 5738.09 8569.67 5322.36 4981.01 3858.46 1141.44
threshold=1.1749999523162844 171.75000000000003 9.4499998092651385 -1.0000000180025095e-35 -0.60355499386787403 229.12500000000003 1.8550000190734866 14.250000000000002 150.92500305175784 16.050000190734867 0.37940999865531927 148.28499603271487 0.60785500705242168 11.200000286102297 166.12500000000003 -1.0000000180025095e-35
decision_type=8 10 10 2 2 10 10 10 10 10 2 10 2 8 8 2
left_child=1 12 -3 5 6 -4 9 10 -9 -2 13 -12 -1 15 -15 -6
right_child=4 2 3 -5 7 -7 -8 8 -10 -11 11 -13 -14 14 -16 -17
leaf_value=0.1608284612496694 1.4726710776487986 -0.3415530610084534 -0.38581592842936518 2.6241803890274422 -1.0191985216187802 1.444134409674283 -0.53955409491763395 -1.8382699088616805 -0.5431904636896574 0.22746433236382227 -0.5999938357960094 0.79558930505405778 -0.89217946112155921 -0.64310068278150123 0.27362421303987505 -0.62042020962518807
leaf_weight=30 24 20 20 31 38 29 34 22 26 22 22 22 20 22 24 34
leaf_count=30 24 20 20 31 38 29 34 22 26 22 22 22 20 22 24 34
internal_value=4.84288e-09 0.637756 1.08682 1.44391 -0.329874 0.697216 0.275044 -0.560318 -1.13677 0.877137 -0.389518 0.0977977 -0.260375 -0.571229 -0.164809 -0.830887
internal_weight=440 150 100 80 290 49 80 210 48 46 162 44 50 118 46 72
internal_count=440 150 100 80 290 49 80 210 48 46 162 44 50 118 46 72
is_linear=0
shrinkage=0.05


Tree=31
num_leaves=19
num_cat=0
split_feature=15 8 19 3 5 22 20 8 12 6 19 12 24 6 6 5 12 14
split_gain=33416.6 21839.7 14846.1 16175 48458.7 14702.1 20871.8 11208.6 7942.98 5547.82 5276.55 4764.88 3118.91 2267 1948.62 1352.41 765.559 725.125
threshold=1.1749999523162844 171.75000000000003 991.54998779296886 199.50000000000003 210.50000000000003 -0.37940999865531916 97.500000000000014 198.25000000000003 155.50000000000003 185.50000000000003 992.85000610351574 147.50000000000003 -0.56174498796463002 135.50000000000003 122.50000000000001 150.50000000000003 201.75000000000003 90.500000000000014
decision_type=8 10 10 10 8 2 10 10 8 8 10 10 2 8 10 8 8 10
left_child=1 10 -3 -4 -5 6 -2 13 11 -10 -1 14 -11 -8 -7 -15 -14 -16
right_child=5 2 3 4 -6 8 7 -9 9 12 -12 -13 16 15 17 -17 -18 -19
leaf_value=-0.87643573492765425 1.5746418078740438 0.0046882732914617434 2.6082655912637716 2.0924921914058574 -1.0091969460248948 -0.29645672866276335 -0.094597271010279663 0.83295981124043461 0.39425905936956407 -0.96642917882312429 0.17203053414821626 -1.557061783472697 -0.028737199306488038 -1.0381672489643099 -1.0345324450525746 -0.46366570790608724 -0.44585910006002943 -0.67089214691748988
leaf_weight=20 21 26 20 34 20 21 20 20 25 22 30 21 22 20 29 21 22 26
leaf_count=20 21 26 20 34 20 21 20 20 25 22 30 21 22 20 29 21 22 26
internal_value=-3.97378e-09 0.605868 1.03248 1.3936 0.943718 -0.31338 0.169945 -0.194235 -0.57561 -0.240067 -0.247356 -0.890397 -0.480342 -0.531021 -0.706187 -0.74391 -0.237298 -0.86263
internal_weight=440 150 100 74 54 290 102 81 188 91 50 97 66 61 76 41 44 55
internal_count=440 150 100 74 54 290 102 81 188 91 50 97 66 61 76 41 44 55
is_linear=0
shrinkage=0.05


Tree=32
num_leaves=18
num_cat=0
split_feature=8 13 8 5 3 5 14 22 20 4 11 18 13 6 21 19 9
split_gain=29896.4 19492.9 21379.5 13724.1 17054.2 17842.7 8788.64 12186.3 11607.5 7368.8 8997.07 6026.64 3719.35 2021.58 1737.82 2907.8 1797.87
threshold=171.75000000000003 8.8499999046325701 339.50000000000006 129.50000000000003 180.50000000000003 291.50000000000006 62.500000000000007 -0.37940999865531916 127.50000000000001 280.50000000000006 191.2799987792969 -0.39499999582767481 14.250000000000002 144.50000000000003 1.0000000180025095e-35 992.45001220703136 134.35500335693362
decision_type=10 10 10 8 10 10 8 2 10 8 10 8 10 10 2 10 10
left_child=6 -2 3 -3 -5 9 -1 8 -8 10 -6 -12 14 -10 15 -9 -16
right_child=1 2 -4 4 5 -7 7 12 13 -11 11 -13 -14 -15 16 -17 -18
leaf_value=-1.3305723227398552 -0.92375397731860487 -0.72905264990809171 2.1349193978309633 1.6485870700577896 1.1467495221358079 -0.90347919190923376 1.2201543271541597 -0.35478662568511388 0.19469181060791019 1.475102790594101 -0.56990629161397621 0.53934495916962621 -1.1161558825236102 -0.463484445640019 -0.61438663482666023 -1.1074184951328097 -0.010075784393120558
leaf_weight=23 24 23 20 30 26 24 21 33 20 20 24 25 26 28 20 21 32
leaf_count=23 24 23 20 30 26 24 21 33 20 20 24 25 26 28 20 21 32
internal_value=1.84148e-09 0.419711 0.587644 0.407729 0.583205 0.314621 -0.404721 -0.298778 0.239703 0.622352 0.394951 -0.00396178 -0.580257 -0.189244 -0.44881 -0.647477 -0.242503
internal_weight=440 216 192 172 149 119 224 201 69 95 75 49 132 48 106 54 52
internal_count=440 216 192 172 149 119 224 201 69 95 75 49 132 48 106 54 52
is_linear=0
shrinkage=0.05


Tree=33
num_leaves=19
num_cat=0
split_feature=15 6 19 4 4 4 22 20 12 13 16 19 4 12 24 4 24 6
split_gain=28158.9 22696.3 19978.6 18497.2 15671.2 14702.6 8091.91 18107.8 5139.41 5215.28 4682.9 4682.96 4162.9 3001.27 2265.07 2245.12 1818.3 962.154
threshold=1.0349999666213991 202.50000000000003 991.45001220703136 187.50000000000003 319.00000000000006 147.50000000000003 -0.37940999865531916 97.500000000000014 151.50000000000003 14.250000000000002 258.00000000000006 991.75000000000011 199.50000000000003 132.75000000000003 -0.56174498796463002 157.50000000000003 1.0000000180025095e-35 141.00000000000003
decision_type=8 10 10 10 10 10 2 10 8 10 8 10 8 10 2 10 2 10
left_child=1 2 -1 5 6 -4 7 -2 9 13 14 -12 15 -8 -10 17 -15 -9
right_child=4 -3 3 -5 -6 -7 8 12 10 -11 11 -13 -14 16 -16 -17 -18 -19
leaf_value=-0.97525073637564985 1.3281163692474367 1.8691537285673208 0.43407922416925432 -0.28291416274649756 1.0738035585199084 2.3512783393263819 -0.21203587656219802 -0.0679852256178856 -1.0011252211487811 -1.5085612916946411 -0.36450855030167489 0.57712582064711526 0.27424821948463268 -0.57914693401410033 -0.28289542588449662 -0.9623532646894456 -1.2132795786857606 -0.5525587604159401
leaf_weight=24 21 29 20 28 21 20 30 20 23 20 31 23 22 26 21 20 20 21
leaf_count=24 21 29 20 28 21 20 30 20 23 20 31 23 22 26 21 20 20 21
internal_value=3.41372e-09 0.649463 0.264995 0.702729 -0.246348 1.39268 -0.339379 0.016475 -0.530146 -0.790164 -0.275434 0.0365579 -0.315386 -0.601112 -0.658334 -0.528041 -0.854857 -0.316181
internal_weight=440 121 92 68 319 40 298 104 194 96 98 54 83 76 44 61 46 41
internal_count=440 121 92 68 319 40 298 104 194 96 98 54 83 76 44 61 46 41
is_linear=0
shrinkage=0.05


Tree=34
num_leaves=16
num_cat=0
split_feature=7 5 15 5 18 21 20 19 21 5 11 10 6 19 5
split_gain=25985.9 31447.4 15581.2 11423.3 7142.15 9642.66 11870.8 6336.37 9439.26 8334.52 6498.61 5659.61 4717.2 1251.7 1354.72
threshold=196.75000000000003 259.00000000000006 0.92500001192092907 195.50000000000003 -0.80500000715255726 -0.78656998276710499 242.50000000000003 993.64999389648449 0.60355499386787426 143.50000000000003 135.34000396728518 179.50000000000003 131.50000000000003 991.10000610351574 151.50000000000003
decision_type=10 10 8 10 10 2 10 8 2 10 10 10 10 10 10
left_child=1 7 3 -2 -4 -6 -7 8 11 -9 -10 12 -1 -14 -15
right_child=2 -3 4 -5 5 6 -8 9 10 -11 -12 -13 13 14 -16
leaf_value=0.16881555507057591 1.8799817835462507 1.3640070234640289 -0.57199261713027949 0.36906295310367243 -0.27910218234315065 1.4605749198546014 -0.068535331941463731 0.50409606460701017 -1.9320916366577148 -0.59506519964763105 -0.65747291803359986 -1.1647086192938416 -0.27968317882882227 -0.93533234993616743 -0.40407686382532121
leaf_weight=38 29 26 25 22 33 30 22 34 20 35 20 22 36 24 24
leaf_count=38 29 26 25 22 33 30 22 34 20 35 20 22 36 24 24
internal_value=2.64496e-09 -0.291893 0.505827 1.22821 0.170903 0.389401 0.813644 -0.462065 -0.615295 -0.0534495 -1.29478 -0.426549 -0.293438 -0.502553 -0.669705
internal_weight=440 279 161 51 110 85 52 253 184 69 40 144 122 84 48
internal_count=440 279 161 51 110 85 52 253 184 69 40 144 122 84 48
is_linear=0
shrinkage=0.05


Tree=35
num_leaves=16
num_cat=0
split_feature=7 5 6 21 5 17 4 19 21 20 14 7 21 12 9
split_gain=23452.3 28381.3 13264.6 21653.9 15161.2 16381.3 6076.6 5761.43 13619.9 5379.98 4821.16 3658.21 3125.56 2576.52 2187.88
threshold=196.75000000000003 259.00000000000006 202.50000000000003 -0.60355499386787403 221.00000000000003 0.075000001117587103 105.50000000000001 992.35000610351574 0.60355499386787426 77.500000000000014 81.500000000000014 162.75000000000003 1.0000000180025095e-35 142.25000000000003 149.06999969482425
decision_type=10 10 10 2 10 8 8 8 2 8 10 10 2 10 10
left_child=1 6 4 -4 5 -2 -1 8 11 -7 -9 13 -12 -8 -14
right_child=2 -3 3 -5 -6 9 7 10 -10 -11 12 -13 14 -15 -16
leaf_value=0.31796268125375116 1.7138934576511382 1.2958066195249558 0.22702632510300838 2.1564190355631019 -0.9344566192626953 0.48007606500759725 -0.56790519094467162 0.20852912233935461 -1.7074182140416114 -0.49885678404569628 -0.83414031979110514 -0.88991034507751476 -0.53520556644846995 0.1304485144359725 0.16362556510028387
leaf_weight=24 20 26 33 26 25 32 25 36 29 25 36 30 24 28 21
leaf_count=24 20 26 33 26 25 32 25 36 29 25 36 30 24 28 21
internal_value=-3.41711e-09 -0.277298 0.480536 1.07727 0.135367 0.482713 -0.438961 -0.51829 -0.774621 0.0507196 -0.272913 -0.448703 -0.486887 -0.198964 -0.209084
internal_weight=440 279 161 59 102 77 253 229 112 57 117 83 81 53 45
internal_count=440 279 161 59 102 77 253 229 112 57 117 83 81 53 45
is_linear=0
shrinkage=0.05


Tree=36
num_leaves=18
num_cat=0
split_feature=15 11 14 12 20 13 10 16 3 20 20 16 6 4 11 10 21
split_gain=22218 18557.3 11285.2 11058.8 11668.1 9465.04 7954.22 6226.65 8921.1 4446.05 4271.52 1883.24 1844.63 4158.92 3404.91 865.58 735.6
threshold=0.82499998807907116 159.34000396728518 86.500000000000014 187.75000000000003 72.500000000000014 11.050000190734865 156.50000000000003 88.500000000000014 303.00000000000006 112.50000000000001 222.50000000000003 252.50000000000003 131.50000000000003 131.50000000000003 145.45999908447268 124.25000000000001 -0.37940999865531916
decision_type=8 10 10 10 10 8 8 10 8 10 10 10 10 8 10 10 2
left_child=1 -1 -3 4 5 -2 12 -5 9 11 -11 -9 13 -6 -15 -14 -17
right_child=3 2 -4 7 6 -7 -8 8 -10 10 -12 -13 15 14 -16 16 -18
leaf_value=-0.36675059628486634 -0.36584468524564401 2.2233710622787477 0.72656002745908854 -0.63176718865122117 0.37344990514573601 1.1370533061027526 -1.2182700910654507 -0.58413344472646711 1.1887700301149617 0.96170235750350086 0.030689303789819988 0.021559534560550344 -0.36792933583259585 -0.93649481989088523 -0.024924125671386719 -0.51467394842987968 -0.93837367594242105
leaf_weight=25 22 20 34 21 21 20 38 21 23 22 28 33 30 21 20 21 20
leaf_count=25 22 20 34 21 21 20 38 21 23 22 28 33 30 21 20 21 20
internal_value=-2.20977e-09 0.759515 1.28093 -0.16621 -0.396891 0.349821 -0.580294 0.165784 0.297662 0.100591 0.440335 -0.213988 -0.398015 -0.198749 -0.491826 -0.572021 -0.721357
internal_weight=440 79 54 361 213 42 171 148 127 104 50 54 133 62 41 71 41
internal_count=440 79 54 361 213 42 171 148 127 104 50 54 133 62 41 71 41
is_linear=0
shrinkage=0.05


Tree=37
num_leaves=18
num_cat=0
split_feature=4 8 13 20 21 20 14 13 22 20 8 23 23 13 6 9 13
split_gain=20492.9 11617.8 13722.8 13137 15661.4 33099.9 9385.91 7871.77 6882.45 9728.72 5167.36 3875.43 2732.1 3087.64 2527.92 1635.98 422.315
threshold=350.00000000000006 171.75000000000003 8.9499998092651385 22.500000000000004 -1.0000000180025095e-35 172.50000000000003 88.500000000000014 19.149999618530277 -0.37940999865531916 127.50000000000001 209.75000000000003 1.0000000180025095e-35 -0.87838000059127797 14.250000000000002 136.50000000000003 150.50000000000003 10.750000000000002
decision_type=10 10 10 10 2 10 8 10 2 10 10 2 2 10 10 8 10
left_child=1 7 -3 -4 6 -6 -5 8 9 -1 -8 -7 -10 15 -11 16 -14
right_child=-2 2 3 4 5 11 10 -9 12 14 -12 -13 13 -15 -16 -17 -18
leaf_value=1.0688286037672134 1.524202354749044 -0.94470794460047847 1.5275009329829898 0.39159629036982857 2.1952353129386903 -0.49115746207535271 -1.3496230521798136 -1.2706248420476915 0.062671956047415739 0.2218259671330452 -0.29734401968973029 0.38993740253723586 -0.44943030015988789 -1.0627534669378531 -0.5038805057605108 -0.17114763504419572 -0.74979985237121582
leaf_weight=21 21 23 21 30 25 24 20 20 22 20 28 26 22 23 30 39 25
leaf_count=21 21 23 21 30 25 24 20 20 22 20 28 26 22 23 30 39 25
internal_value=-3.96743e-09 -0.076392 0.203099 0.354821 0.193865 0.709753 -0.302182 -0.324409 -0.230724 0.165711 -0.735794 -0.0329881 -0.445586 -0.54817 -0.213598 -0.410549 -0.609201
internal_weight=440 419 197 174 153 75 78 222 202 71 48 50 131 109 50 86 47
internal_count=440 419 197 174 153 75 78 222 202 71 48 50 131 109 50 86 47
is_linear=0
shrinkage=0.05


Tree=38
num_leaves=16
num_cat=0
split_feature=15 18 21 7 22 7 18 4 12 12 6 15 15 19 14
split_gain=18519.6 15831.6 15784.2 12081.7 9579.27 8810.11 8412.61 5285.74 4137.29 4400.8 3346.11 2227.91 1427.81 1384.35 587.52
threshold=1.1749999523162844 -0.42499999701976771 0.37940999865531927 221.25000000000003 -0.60355499386787403 201.12500000000003 -0.64499998092651356 105.50000000000001 155.50000000000003 147.50000000000003 185.50000000000003 1.7799999713897707 1.8049999475479128 991.10000610351574 90.500000000000014
decision_type=8 10 2 10 2 10 10 10 8 10 8 10 8 10 10
left_child=1 6 3 -3 5 7 -1 -2 9 11 -10 13 -12 -6 -13
right_child=4 2 -4 -5 8 -7 -8 -9 10 -11 12 14 -14 -15 -16
leaf_value=0.43404620551857453 0.55587090566044761 -0.45279303845018148 1.855769118666649 0.98015992696347998 -0.53542356669902802 1.1117848617689949 -0.75071580986822806 -0.43256266654322029 0.30868163429773771 -1.2386327769445336 -0.5591579408790821 -0.92452852249145501 -0.12248904224899081 0.017888591610468352 -0.54127920627593995
leaf_weight=29 21 24 28 38 20 21 31 38 26 23 39 20 36 26 20
leaf_count=29 21 24 28 38 20 21 31 38 26 23 39 20 36 26 20
internal_value=3.30196e-10 0.451038 0.870451 0.425468 -0.233296 0.232292 -0.178081 -0.0807473 -0.410662 -0.624294 -0.180109 -0.459994 -0.349557 -0.222682 -0.732904
internal_weight=440 150 90 62 290 80 60 59 210 109 101 86 75 46 40
internal_count=440 150 90 62 290 80 60 59 210 109 101 86 75 46 40
is_linear=0
shrinkage=0.05


Tree=39
num_leaves=17
num_cat=0
split_feature=4 15 6 12 19 7 12 20 10 21 20 6 2 5 20 10
split_gain=17746.6 14450.3 14091.8 19207.5 27115.1 9606.89 4609.38 9813.56 6974.89 4010.67 3094.56 1802.51 2739.98 1269.72 1235.97 293.348
threshold=350.00000000000006 1.0349999666213991 202.50000000000003 218.75000000000003 991.75000000000011 172.62500000000003 187.75000000000003 72.500000000000014 156.50000000000003 -0.37940999865531916 247.50000000000003 131.50000000000003 106.50000000000001 204.50000000000003 192.50000000000003 135.50000000000003
decision_type=10 10 10 10 8 8 10 10 8 2 10 10 10 8 10 10
left_child=1 2 3 4 -1 -6 7 -3 11 13 -11 12 -9 -8 15 -13
right_child=-2 6 -4 -5 5 -7 9 8 -10 10 -12 14 -14 -15 -16 -17
leaf_value=-1.0429253986903599 1.4183981123424712 0.39116813237778847 1.4486273548603059 -1.262307150363922 0.32883553057909015 1.6709577546517054 -0.10632279451936484 -0.63462227091193202 -1.1697114241687028 0.53538704357649158 -0.1377781518524693 -0.24991686373949051 0.10291880772394293 -0.66298548210234876 -0.82814258302633581 -0.5207246854901314
leaf_weight=21 21 32 25 20 24 30 20 20 37 38 31 20 34 21 26 20
leaf_count=21 21 32 25 20 24 30 20 20 37 38 31 20 34 21 26 20
internal_value=1.3665e-09 -0.0710892 0.392407 0.114455 0.481591 1.07446 -0.257108 -0.406877 -0.569535 0.000222127 0.232951 -0.384481 -0.170245 -0.391443 -0.559766 -0.385321
internal_weight=440 419 120 95 75 54 299 189 157 110 69 120 54 41 66 40
internal_count=440 419 120 95 75 54 299 189 157 110 69 120 54 41 66 40
is_linear=0
shrinkage=0.05


Tree=40
num_leaves=17
num_cat=0
split_feature=4 15 6 12 19 7 22 20 12 6 13 22 19 4 24 4
split_gain=16016.3 13041.4 12717.8 17334.7 24471.4 8670.22 5403.31 13150.8 3737.44 4855.1 4258.53 3735.75 2327.16 2780.66 2085.48 1769.05
threshold=350.00000000000006 1.0349999666213991 202.50000000000003 218.75000000000003 991.75000000000011 172.62500000000003 -0.37940999865531916 97.500000000000014 151.50000000000003 185.50000000000003 14.250000000000002 -0.91597998142242421 992.14999389648449 137.50000000000003 -0.56174498796463002 157.50000000000003
decision_type=10 10 10 10 8 8 2 10 10 10 10 2 10 10 2 8
left_child=1 2 3 4 -1 -6 7 -3 10 -10 12 -9 -8 -14 -11 -13
right_child=-2 6 -4 -5 5 -7 8 11 9 14 -12 15 13 -15 -16 -17
leaf_value=-0.99077913619223112 1.3474782024111067 1.1300349674441599 1.3761960196495058 -1.1991918230056764 0.31239375968774163 1.5874098697801431 -0.11374244234494624 0.20728384812672931 0.2483046210729159 -0.8060681733374413 -1.2514884704635258 -0.21784189150765024 -0.23730221271514892 -1.0282819986343383 -0.19425421128670375 -0.78582593953380231
leaf_weight=21 21 22 25 20 24 30 31 30 39 26 21 29 20 25 30 26
leaf_count=21 21 22 25 20 24 30 31 30 39 26 21 29 20 25 30 26
internal_value=-5.51174e-10 -0.0675347 0.372787 0.108732 0.457512 1.02074 -0.244252 0.040471 -0.402926 -0.180016 -0.621241 -0.241534 -0.447094 -0.676735 -0.478311 -0.486343
internal_weight=440 419 120 95 75 54 299 107 192 95 97 85 76 45 56 55
internal_count=440 419 120 95 75 54 299 107 192 95 97 85 76 45 56 55
is_linear=0
shrinkage=0.05


Tree=41
num_leaves=17
num_cat=0
split_feature=4 15 6 11 11 8 12 20 10 6 24 6 17 11 20 10
split_gain=14454.7 11769.9 11834.5 14531 18448 10143.5 3946.48 8415.15 6077.38 3556.73 1789.19 1626.43 1791.32 1384.17 1119.78 261.837
threshold=350.00000000000006 1.0349999666213991 179.50000000000003 202.43499755859378 161.47999572753909 196.75000000000003 187.75000000000003 72.500000000000014 156.50000000000003 207.50000000000003 -0.56174498796463002 131.50000000000003 1.7699999809265139 257.08499145507818 192.50000000000003 135.50000000000003
decision_type=10 10 10 10 8 10 10 10 8 10 2 10 10 10 10 10
left_child=1 2 3 4 -1 -4 7 -3 11 10 -8 12 -9 -11 15 -13
right_child=-2 6 5 -5 -6 -7 9 8 -10 13 -12 14 -14 -15 -16 -17
leaf_value=-0.25731533653027305 1.280104296548026 0.3683794202283025 0.25378543706167317 -1.1345555237361364 1.6274871462211014 1.8078486073584785 0.55486337287085397 0.14297445670322137 -1.0814780682325364 -0.5412984331803663 0.011453374588128293 -0.22104211360216142 -0.43298128538385589 -0.0042989686131477359 -0.77046144203497813 -0.47689232409000398
leaf_weight=37 21 32 21 21 20 21 28 27 37 28 33 20 27 21 26 20
leaf_count=37 21 32 21 21 20 21 28 27 37 28 33 20 27 21 26 20
internal_value=-3.93611e-09 -0.064158 0.354148 -0.0102127 0.404019 1.03082 -0.23204 -0.370621 -0.521246 0.00606819 0.260887 -0.348507 -0.145003 -0.311156 -0.51501 -0.348967
internal_weight=440 419 120 78 57 42 299 189 157 110 61 120 54 49 66 40
internal_count=440 419 120 78 57 42 299 189 157 110 61 120 54 49 66 40
is_linear=0
shrinkage=0.05


Tree=42
num_leaves=17
num_cat=0
split_feature=15 5 6 2 17 5 20 10 10 8 19 12 21 18 15 18
split_gain=13166.9 13928.7 8966.77 6964.38 7221.35 6694.09 9386.33 4075.87 5581.87 4486.89 3411 4603.45 2085.8 1842.03 1260.49 438.597
threshold=0.82499998807907116 135.50000000000003 202.50000000000003 247.50000000000003 0.85500001907348644 268.50000000000006 122.50000000000001 212.25000000000003 195.50000000000003 168.50000000000003 993.64999389648449 144.50000000000003 0.60355499386787426 -0.80500000715255726 1.6449999809265139 -0.49500000476837153
decision_type=8 8 8 10 8 8 10 10 10 10 10 10 2 10 10 10
left_child=1 -1 -3 5 -5 7 -7 8 9 10 12 -12 13 -2 -15 -16
right_child=3 2 -4 4 -6 6 -8 -9 -10 -11 11 -13 -14 14 15 -17
leaf_value=-0.55561802625656131 0.0022924469674334806 0.52982230874208314 1.8319896030426026 0.85693353053295263 -0.32913403448959194 0.99249966001510614 -0.26163117990300461 -1.0035654942194621 0.44545290091773498 -0.94849394815308719 0.67349122762680058 -0.34423917007446292 -0.80781005096435554 -0.70574371101101863 -0.10277109205722811 -0.43390429556369786
leaf_weight=20 34 39 20 33 21 25 37 21 24 28 20 25 25 28 20 20
leaf_count=20 34 39 20 33 21 25 37 21 24 28 20 25 25 28 20 20
internal_value=1.04954e-09 0.58469 0.971235 -0.127952 0.395685 -0.220057 0.244067 -0.337509 -0.275066 -0.361528 -0.265976 0.108085 -0.398517 -0.2982 -0.448446 -0.268338
internal_weight=440 79 59 361 54 307 62 245 224 200 172 45 127 102 68 40
internal_count=440 79 59 361 54 307 62 245 224 200 172 45 127 102 68 40
is_linear=0
shrinkage=0.05


Tree=43
num_leaves=17
num_cat=0
split_feature=4 15 20 4 5 5 22 20 2 4 5 15 2 12 21 20
split_gain=12162.3 9717.35 9092.26 16836.4 26133.9 23178.8 4546.64 4845.42 3117.56 2518.71 2031.68 2327.74 2301.02 1939.51 1213.8 1153.96
threshold=350.00000000000006 1.0349999666213991 615.00000000000011 200.50000000000003 190.50000000000003 195.50000000000003 -0.60355499386787403 127.50000000000001 123.50000000000001 192.50000000000003 303.00000000000006 1.2599999904632571 157.50000000000003 157.50000000000003 1.0000000180025095e-35 307.50000000000006
decision_type=10 10 8 10 10 10 2 10 10 8 8 10 10 10 2 10
left_child=1 2 3 4 -1 -5 7 -3 -8 15 11 -10 14 -14 -13 -9
right_child=-2 6 -4 5 -6 -7 8 9 10 -11 -12 12 13 -15 -16 -17
leaf_value=0.27442049164521065 1.1742171491895403 0.73927634412592114 -0.65196096062660214 0.95580634772777562 2.4722649631046116 -1.4225835652578445 -0.75700880852010521 -0.62249532699584964 0.092359972106558941 0.33372780878096819 0.14407942845885244 -0.4148206744591395 -0.95368949564603656 -0.39325154945254326 0.034957819705208143 -0.091814310919670836
leaf_weight=38 21 22 20 20 21 21 36 20 28 20 28 30 26 38 30 21
leaf_count=38 21 22 20 20 21 21 36 20 28 20 28 30 26 38 30 21
internal_value=-1.61373e-09 -0.058851 0.321235 0.515874 1.0567 -0.262393 -0.211394 0.10314 -0.332256 -0.126286 -0.247306 -0.319403 -0.412382 -0.620929 -0.189931 -0.350683
internal_weight=440 419 120 100 59 41 299 83 216 61 180 152 124 64 60 41
internal_count=440 419 120 100 59 41 299 83 216 61 180 152 124 64 60 41
is_linear=0
shrinkage=0.05


Tree=44
num_leaves=17
num_cat=0
split_feature=7 5 4 3 5 21 3 4 5 11 7 18 3 12 4 18
split_gain=11214.5 17701.2 9599.93 10954.9 16730.2 7965.25 5621.19 4578.82 4905.23 3366.46 4917.46 2107.22 1525.83 1096.81 854.118 559.079
threshold=196.75000000000003 259.00000000000006 355.50000000000006 245.50000000000003 195.50000000000003 1.0000000180025095e-35 207.50000000000003 125.50000000000001 125.50000000000001 135.34000396728518 173.62500000000003 -0.59499999880790699 121.50000000000001 150.50000000000003 188.50000000000003 -0.03499999921768903
decision_type=10 10 8 10 8 2 10 8 10 8 10 10 10 8 8 10
left_child=1 7 3 5 -5 6 -2 8 -1 -9 11 13 -10 -11 15 -13
right_child=2 -3 -4 4 -6 -7 -8 9 12 10 -12 14 -14 -15 -16 -17
leaf_value=0.53899143488545509 -0.26502570929350677 1.0505923275764173 1.3027754680676895 0.65049340518621301 -1.0139856426252258 1.3562147705127365 0.75524932157110292 -0.86789152826133531 -0.63268887192010892 -0.14264034320568217 -0.88816339409677314 -0.081915202866429879 -0.015067176818847656 0.33183309166204361 -0.64698278933763509 -0.43447890979322523
leaf_weight=28 27 26 22 26 36 23 27 38 20 29 32 23 20 21 20 22
leaf_count=28 27 26 22 26 36 23 27 38 20 29 32 23 20 21 20 22
internal_value=-1.16161e-09 -0.191754 0.332294 0.178693 -0.315978 0.577 0.245112 -0.319426 0.0314212 -0.448386 -0.339942 -0.187394 -0.323878 0.0566385 -0.375111 -0.25428
internal_weight=440 279 161 139 62 77 54 253 68 185 147 115 40 50 65 45
internal_count=440 279 161 139 62 77 54 253 68 185 147 115 40 50 65 45
is_linear=0
shrinkage=0.05


Tree=45
num_leaves=17
num_cat=0
split_feature=15 5 7 22 13 23 13 21 9 19 22 13 9 21 5 3
split_gain=10390.4 11818 6138.31 6089.02 6888.91 4956.1 6333.77 3956.23 11476.3 2880.13 3665.3 2632.09 2399.71 1138.79 869.072 972.488
threshold=0.82499998807907116 135.50000000000003 294.87500000000006 -0.60355499386787403 16.050000190734867 -0.87838000059127797 16.849999427795414 0.37940999865531927 162.85999298095706 992.54998779296886 1.0000000180025095e-35 13.550000190734865 113.2150001525879 0.37940999865531927 79.000000000000014 160.50000000000003
decision_type=8 8 10 2 10 2 10 2 10 10 2 10 10 2 10 10
left_child=1 -1 -3 4 11 -5 7 9 -9 14 -11 -2 -6 -14 -7 -16
right_child=3 2 -4 5 12 6 -8 8 -10 10 -12 -13 13 -15 15 -17
leaf_value=-0.53096404194831848 0.31635941863060002 1.2545807029071607 0.18941020624978203 0.30553013818604607 -0.56598573535680774 0.071903216913342477 -1.1017001288632551 -0.49064861769611778 0.86509550180700101 -0.21376330787792211 -1.0761848079306739 1.1275456130504609 0.35029447017745541 -0.14294772529602051 -0.56451259031891821 -0.15258450496353604
leaf_weight=20 20 38 21 35 20 20 24 37 27 22 28 20 22 25 23 38
leaf_count=20 20 38 21 35 20 20 24 37 27 22 28 20 22 25 23 38
internal_value=-2.37384e-09 0.519397 0.875452 -0.113663 0.202721 -0.246943 -0.335238 -0.240904 0.0813059 -0.39832 -0.696719 0.721953 -0.107268 0.0879316 -0.214123 -0.307902
internal_weight=440 79 59 361 107 254 219 195 64 131 50 40 67 47 81 61
internal_count=440 79 59 361 107 254 219 195 64 131 50 40 67 47 81 61
is_linear=0
shrinkage=0.05


Tree=46
num_leaves=17
num_cat=0
split_feature=4 14 12 5 20 5 7 21 7 22 23 19 4 6 5 5
split_gain=9824.75 7539.58 8348.08 20297.8 9884.51 6722.09 5372.51 4990.11 4946.68 4748.05 3462.11 1590.34 1279.7 1097.85 1517.04 835.903
threshold=350.00000000000006 59.000000000000007 263.00000000000006 259.00000000000006 22.500000000000004 214.00000000000003 201.12500000000003 -0.37940999865531916 182.75000000000003 -0.37940999865531916 1.0000000180025095e-35 993.54998779296886 197.00000000000003 159.50000000000003 125.50000000000001 142.50000000000003
decision_type=10 8 10 10 10 10 10 2 8 2 2 10 8 10 8 10
left_child=1 -1 3 4 -3 6 8 12 9 10 -6 13 -8 14 -11 -13
right_child=-2 2 -4 -5 5 -7 7 -9 -10 11 -12 15 -14 -15 -16 -17
leaf_value=-1.0002387633919716 1.0553630488259453 0.88415279663526103 -0.80750982046127329 1.2843019864732221 -0.079144646025992735 -0.91690710359811778 0.26691468727020989 0.89056927776336681 -0.78895168499699952 -0.23810439445078374 0.63718496061140495 0.20571158081293106 -0.291930795609951 -0.18755352542255865 -0.81732654938331017 -0.22796822881698608
leaf_weight=20 21 26 30 31 37 25 21 25 29 20 31 20 20 33 26 25
leaf_count=20 21 26 30 31 37 25 21 25 29 20 31 20 20 33 26 25
internal_value=-6.67166e-10 -0.0528941 -0.00540814 0.0598034 -0.0525027 -0.130557 -0.06206 0.3338 -0.180281 -0.088346 0.247417 -0.272474 -0.00569287 -0.407618 -0.565491 -0.0352216
internal_weight=440 419 399 369 338 312 287 66 221 192 68 124 41 79 46 45
internal_count=440 419 399 369 338 312 287 66 221 192 68 124 41 79 46 45
is_linear=0
shrinkage=0.05


Tree=47
num_leaves=18
num_cat=0
split_feature=7 5 5 4 10 21 8 2 5 4 5 11 16 3 18 7 10
split_gain=9086.04 13582 8369.72 10633.3 8349.53 8707.44 4331.82 5385.83 4884.19 4812.64 3681.62 1920.16 3003.65 2565.73 1208.01 1048.08 325.304
threshold=196.75000000000003 259.00000000000006 291.50000000000006 303.00000000000006 241.00000000000003 -1.0000000180025095e-35 168.50000000000003 84.500000000000014 137.50000000000003 124.50000000000001 166.50000000000003 160.27500152587893 279.50000000000006 142.50000000000003 -0.50499999523162831 139.37500000000003 122.50000000000001
decision_type=10 10 10 10 10 2 10 10 10 8 10 10 10 10 10 10 10
left_child=1 6 3 4 5 10 7 -1 9 -9 -2 13 -13 16 -8 -11 -10
right_child=2 -3 -4 -5 -6 -7 14 8 11 15 -12 12 -14 -15 -16 -17 -18
leaf_value=-0.92950757091695613 0.59037087934988519 0.91563603648772607 -0.43914718416429332 1.5356532019376754 -0.30543454503401735 1.3800534203648569 -0.48501009144212892 0.73341617473849552 -0.40347727268934253 -0.35939994042827972 -0.30466667294502259 -0.50986466541886333 0.33676408007740977 -0.92364166560380356 -1.0095258003189451 0.089862872923121728 -0.11830006241798402
leaf_weight=22 27 26 31 20 39 24 23 27 20 21 20 20 22 23 21 34 20
leaf_count=22 27 26 31 20 39 24 23 27 20 21 20 20 22 23 21 34 20
internal_value=3.38663e-11 -0.1726 0.299103 0.475147 0.282327 0.605183 -0.284435 -0.189506 -0.102447 0.186709 0.209504 -0.328265 -0.0663925 -0.502846 -0.735347 -0.0816738 -0.260889
internal_weight=440 279 161 130 110 71 253 209 187 82 47 105 42 63 44 55 40
internal_count=440 279 161 130 110 71 253 209 187 82 47 105 42 63 44 55 40
is_linear=0
shrinkage=0.05


Tree=48
num_leaves=18
num_cat=0
split_feature=4 12 5 7 13 19 20 16 2 12 11 12 22 19 4 9 9
split_gain=8226.11 6575.47 18878.1 11333.4 8540.65 5676.2 9187.11 3382.71 3112.72 3030.76 4152.44 2915.54 3040.89 2847.43 2466.9 745.739 599.512
threshold=350.00000000000006 263.00000000000006 259.00000000000006 305.00000000000006 18.550000190734867 994.25000000000011 117.50000000000001 191.00000000000003 158.50000000000003 185.50000000000003 199.05999755859378 142.75000000000003 -1.0000000180025095e-35 991.10000610351574 120.50000000000001 136.14499664306643 146.28499603271487
decision_type=10 10 10 10 10 8 10 10 10 10 10 8 2 10 8 10 10
left_child=1 2 3 4 5 7 -7 8 -1 11 -11 12 14 -13 -9 -8 -14
right_child=-2 -3 -4 -5 -6 6 15 9 -10 10 -12 13 16 -15 -16 -17 -18
leaf_value=-0.16835811662487687 0.96569106011163619 -0.76164776762326569 1.1902880520589891 0.97776886406152141 -0.9464588796487079 1.1860725113323756 -0.30802603185176852 0.6121546983718873 -1.0399379900523595 0.69208838144938156 -0.17227546730727861 -0.14342202698742901 -0.55592646628618236 -0.85119077682495115 -0.15510773837566377 0.10159720307588578 -0.1687856686115265
leaf_weight=20 21 30 31 23 32 21 20 22 21 24 33 27 20 30 20 25 20
leaf_count=20 21 30 31 23 32 21 20 22 21 24 33 27 20 30 20 25 20
internal_value=-1.76062e-09 -0.0483998 0.00660648 -0.0958911 -0.169605 -0.0875611 0.322529 -0.201763 -0.614777 -0.115368 0.191667 -0.241274 -0.0503536 -0.515932 0.246792 -0.0804576 -0.362356
internal_weight=440 419 389 358 335 303 66 237 41 196 57 139 82 57 42 45 40
internal_count=440 419 389 358 335 303 66 237 41 196 57 139 82 57 42 45 40
is_linear=0
shrinkage=0.05


Tree=49
num_leaves=19
num_cat=0
split_feature=15 18 21 14 18 9 13 22 15 13 13 6 21 8 13 7 3 14
split_gain=8217.37 9309.62 11563.9 8640.49 6897.28 6796.79 5939.38 5495.4 4975.8 4688.18 3536.2 3342.65 2363.88 3597.99 3247.37 1720.74 1383.23 1133.81
threshold=1.1749999523162844 -0.42499999701976771 0.37940999865531927 92.500000000000014 -0.59499999880790699 237.93000030517581 17.349999427795414 -0.60355499386787403 1.8550000190734866 14.250000000000002 16.050000190734867 174.50000000000003 0.37940999865531927 144.50000000000003 11.200000286102297 165.37500000000003 214.00000000000003 95.500000000000014
decision_type=10 10 2 10 10 10 10 2 10 10 10 8 2 10 10 10 8 10
left_child=1 4 3 5 6 -3 -1 8 10 12 -2 -11 14 -14 16 -16 17 -9
right_child=7 2 -4 -5 -6 -7 -8 9 -10 11 -12 -13 13 -15 15 -17 -18 -19
leaf_value=0.86186000347137459 0.94981479346752173 0.03562093916393462 1.4656822179044997 -0.58331710809753057 -0.79348923334708577 1.323541812002659 -0.3566819949448109 -0.094441480313738196 -0.26758939611780297 -1.2051472964740935 0.072207518734715204 -0.35700651114949816 -0.26856060692419609 0.63948075823485862 -0.24871177843638828 0.3993185561895371 -0.80994215944538961 -0.57557183250784882
leaf_weight=20 24 21 28 21 26 20 20 24 34 21 22 26 24 20 21 20 23 25
leaf_count=20 24 21 28 21 26 20 20 24 34 21 22 26 24 20 21 20 23 25
internal_value=1.67384e-09 0.291546 0.622315 0.241439 -0.159502 0.663875 0.252589 -0.160145 0.191076 -0.297879 0.53009 -0.735963 -0.166732 0.144185 -0.287798 0.0674006 -0.490063 -0.339916
internal_weight=440 156 90 62 66 41 40 284 80 204 46 47 157 44 113 41 72 49
internal_count=440 156 90 62 66 41 40 284 80 204 46 47 157 44 113 41 72 49
is_linear=0
shrinkage=0.05


Tree=50
num_leaves=16
num_cat=0
split_feature=15 11 15 22 20 23 4 20 21 18 6 16 14 10 19
split_gain=7560.49 7869.59 8570.67 4453.62 8753.05 3979.05 3721.36 3387.35 5778.63 3797.73 2433.6 2258.06 1885.56 814.826 1592.59
threshold=0.82499998807907116 159.34000396728518 0.61000001430511486 -0.60355499386787403 97.500000000000014 -0.87838000059127797 199.50000000000003 177.50000000000003 0.37940999865531927 -0.84499999880790699 136.50000000000003 249.50000000000003 95.500000000000014 203.25000000000003 989.95001220703136
decision_type=8 10 10 2 10 2 8 10 2 10 10 8 10 10 8
left_child=1 -1 -3 4 -2 -5 10 8 11 -9 -6 -7 13 14 -13
right_child=3 2 -4 5 6 7 -8 9 -10 -11 -12 12 -14 -15 -16
leaf_value=-0.29037522077560424 0.99264496564865112 0.26031151171773675 1.542311495000666 0.28408746361732484 0.0048248341040951874 -0.80697327652680029 0.39169213516371593 -1.1009972482919694 0.38436794566611449 -0.26895533174974845 -0.66695341972204358 -0.23086996366237772 -0.61904427701234821 -0.31854045959189536 0.34910084724426271
leaf_weight=25 25 32 22 35 28 21 28 24 36 32 26 29 25 32 20
leaf_count=25 25 32 22 35 28 21 28 24 36 32 26 29 25 32 20
internal_value=3.11019e-09 0.443056 0.782608 -0.0969569 0.173624 -0.210942 -0.076077 -0.290056 -0.174796 -0.625545 -0.318624 -0.3333 -0.239459 -0.122303 0.00585282
internal_weight=440 79 54 361 107 254 82 219 163 56 54 127 106 81 49
internal_count=440 79 54 361 107 254 82 219 163 56 54 127 106 81 49
is_linear=0
shrinkage=0.05


Tree=51
num_leaves=19
num_cat=0
split_feature=15 23 13 11 23 17 19 22 20 8 13 6 9 10 24 16 19 11
split_gain=6834.53 11331.3 9624.44 17442.9 16694.9 19369.5 9370.3 4684.63 8387.22 3901.51 3099.86 2437.98 1256.68 2648.38 1021.89 1341.28 1005.04 493.291
threshold=1.1749999523162844 0.87838000059127819 9.4499998092651385 249.07500457763675 -0.60785500705242146 0.1200000010430813 994.25000000000011 -0.37940999865531916 97.500000000000014 198.25000000000003 14.250000000000002 135.50000000000003 224.78499603271487 183.50000000000003 1.0000000180025095e-35 270.50000000000006 991.85000610351574 166.46999359130862
decision_type=10 2 10 10 2 8 10 2 10 10 10 8 10 10 2 10 10 10
left_child=1 2 -1 4 5 -4 -6 8 -2 11 12 -10 13 14 15 -9 -16 -13
right_child=7 -3 3 -5 6 -7 -8 10 9 -11 -12 17 -14 -15 16 -17 -18 -19
leaf_value=-0.48184694932854699 1.0166077417277155 -0.73348878026008613 -1.4650517543156942 1.9015180620280181 0.34945423495769501 0.68245407059079133 1.8014590024948121 -0.35317596296469372 0.14299560129642486 0.49863849729299548 -0.72008084761244917 -0.35752573758363726 -0.47989014406358044 0.40204408824443816 -0.14012939870357513 0.15620965787342617 -0.61566552169620992 -0.70869902573525911
leaf_weight=23 21 24 21 22 25 21 20 24 20 20 35 20 31 20 20 28 25 20
leaf_count=23 21 24 21 22 25 21 20 24 20 20 35 20 31 20 20 28 25 20
internal_value=-9.62649e-10 0.265886 0.44759 0.64371 0.325644 -0.391299 0.99479 -0.14605 0.127297 -0.106148 -0.296913 -0.307743 -0.19684 -0.121844 -0.229862 -0.0788914 -0.404316 -0.533112
internal_weight=440 156 132 109 87 42 45 284 101 80 183 60 148 117 97 52 45 40
internal_count=440 156 132 109 87 42 45 284 101 80 183 60 148 117 97 52 45 40
is_linear=0
shrinkage=0.05


Tree=52
num_leaves=17
num_cat=0
split_feature=15 5 4 22 20 23 13 4 21 13 19 22 12 3 5 4
split_gain=6450.51 7940.74 5937.27 3546.82 7223 3484.36 4435.26 3288.65 2705.63 8596.48 2223.09 2548.14 1795.27 988.716 765.152 663.211
threshold=0.82499998807907116 135.50000000000003 187.50000000000003 -0.60355499386787403 97.500000000000014 -0.87838000059127797 16.849999427795414 199.50000000000003 0.37940999865531927 11.84999990463257 992.54998779296886 1.0000000180025095e-35 147.50000000000003 138.50000000000003 79.000000000000014 160.50000000000003
decision_type=8 8 10 2 10 2 10 8 2 10 10 2 10 10 10 10
left_child=1 -1 -3 4 -2 -5 8 12 10 -10 14 -12 -6 -11 -7 -16
right_child=3 2 -4 5 7 6 -8 -9 9 13 11 -13 -14 -15 15 -17
leaf_value=-0.45174728661775587 0.89591272056102766 1.351573197408156 0.31433789665634571 0.27195782495396481 -0.063886234443634754 0.11365853801369669 -0.90669727632775909 0.36481551975011828 0.82819734712441773 -0.61736185166984803 -0.17602946541526102 -0.89510763904878088 -0.65062595226547937 -0.12019085839390756 -0.44055508080124856 -0.10532755711012416
leaf_weight=20 25 22 37 35 32 20 24 28 24 20 22 28 22 20 25 36
leaf_count=20 25 22 37 35 32 20 24 28 24 20 22 28 22 20 25 36
internal_value=-3.97929e-10 0.409243 0.701104 -0.0895572 0.151911 -0.191278 -0.265311 -0.0749182 -0.186372 0.0800888 -0.316551 -0.578713 -0.302928 -0.368776 -0.154722 -0.242716
internal_weight=440 79 59 361 107 254 219 82 195 64 131 50 54 40 81 61
internal_count=440 79 59 361 107 254 219 82 195 64 131 50 54 40 81 61
is_linear=0
shrinkage=0.05


Tree=53
num_leaves=16
num_cat=0
split_feature=2 4 12 5 7 5 7 5 14 20 17 17 10 10 6
split_gain=6306.06 7030.56 7654.88 13305.1 7532.68 8403.33 5369.67 3853.95 4586.84 5003.67 2691.1 2590.9 2568.38 2368.48 1056.1
threshold=81.500000000000014 355.50000000000006 263.00000000000006 259.00000000000006 313.62500000000006 218.00000000000003 201.12500000000003 137.50000000000003 85.500000000000014 172.50000000000003 1.9250000119209292 0.77000001072883617 148.50000000000003 130.75000000000003 187.50000000000003
decision_type=10 8 10 10 10 10 10 10 10 10 8 10 10 10 8
left_child=-1 2 3 4 5 6 7 8 9 -2 12 -8 13 -9 -10
right_child=1 -3 -4 -5 -6 -7 11 10 14 -11 -12 -13 -14 -15 -16
leaf_value=-0.82508685046976271 1.0236433209762688 0.74383228439273263 -0.81270253615719934 1.07238510867645 0.89537088707089429 -1.0044004168361427 0.78090217101573955 -0.51538540905012808 -0.040953799486160285 -0.023277385234832765 0.086739480906519395 0.11038178529809504 -0.79513178732660084 0.15042059922760184 -0.47710597826086953
leaf_weight=22 21 33 28 29 20 24 25 34 35 25 29 34 36 22 23
leaf_count=22 21 33 28 29 20 24 25 34 35 25 29 34 36 22 23
internal_value=-2.19961e-09 0.0434256 -0.0166092 0.0458295 -0.0449331 -0.105992 -0.0300699 -0.141402 0.0818053 0.454665 -0.333249 0.394501 -0.465637 -0.253819 -0.213911
internal_weight=440 418 385 357 328 308 284 225 104 46 121 59 92 56 58
internal_count=440 418 385 357 328 308 284 225 104 46 121 59 92 56 58
is_linear=0
shrinkage=0.05


Tree=54
num_leaves=19
num_cat=0
split_feature=14 15 22 15 4 4 12 15 8 15 19 13 21 19 8 10 9 16
split_gain=5970.25 6337.11 4996.26 4927.31 11338.2 2955.17 3779.46 2196.05 2565.04 1962.78 3203.62 2195.86 2285.34 3073.34 2852.57 1402.36 691.5 425.754
threshold=59.000000000000007 0.82499998807907116 -0.37940999865531916 0.61000001430511486 186.50000000000003 291.50000000000006 144.50000000000003 1.2599999904632571 198.25000000000003 1.1749999523162844 993.45001220703136 14.250000000000002 0.37940999865531927 992.54998779296886 144.50000000000003 179.50000000000003 150.50000000000003 282.50000000000006
decision_type=8 8 2 10 10 8 10 8 8 10 8 10 2 10 8 10 10 8
left_child=-1 3 5 4 -2 6 -3 -8 -9 10 -4 12 13 16 -14 -15 -11 -18
right_child=1 2 9 -5 -6 -7 7 8 -10 11 -12 -13 14 15 -16 -17 17 -19
leaf_value=-0.84401355877518647 1.0344509442082861 0.5220828235149384 -0.3215951342508197 1.0693013574766075 -0.48237877424274178 0.76099131256341934 -0.49000022431090473 -0.25864239223301411 0.49803104542550591 -0.31511960001218892 0.57333844184875493 -0.62330434532726509 -0.24315624050796034 -0.33273069798946381 0.56536941617727288 -0.9112232760949569 -0.12739568352699279 0.1949459955805824
leaf_weight=20 22 35 20 23 28 20 25 24 21 21 20 34 24 20 20 22 20 21
leaf_count=20 22 35 20 23 28 20 25 24 21 21 20 34 24 20 20 22 20 21
internal_value=1.61775e-09 0.0401911 -0.0488904 0.463634 0.185026 0.203952 0.0978488 -0.114268 0.0944719 -0.191256 0.125872 -0.260955 -0.177712 -0.30551 0.124355 -0.635751 -0.0817993 0.0377062
internal_weight=440 420 347 73 50 125 105 70 45 222 40 182 148 104 44 42 62 41
internal_count=440 420 347 73 50 125 105 70 45 222 40 182 148 104 44 42 62 41
is_linear=0
shrinkage=0.05


Tree=55
num_leaves=16
num_cat=0
split_feature=2 4 15 9 5 3 7 8 15 9 5 15 20 14 11
split_gain=5517.25 5941.04 5412.75 4117.33 6304.21 11922.6 5001.32 6932.58 3680.52 2492.45 2177.78 2670.07 921.468 1412.23 640.271
threshold=81.500000000000014 355.50000000000006 0.43999999761581426 278.17001342773443 249.00000000000003 180.50000000000003 201.12500000000003 168.50000000000003 1.7150000333786013 236.00000000000003 137.50000000000003 1.5800000429153445 352.50000000000006 88.500000000000014 158.04999542236331
decision_type=10 8 10 10 8 10 10 10 10 10 10 10 10 10 10
left_child=-1 2 -2 4 6 -6 7 10 -9 -8 11 -4 13 -12 -15
right_child=1 -3 3 -5 5 -7 9 8 -10 -11 12 -13 -14 14 -16
leaf_value=-0.7717594070868059 0.74696774767203777 0.68447173183614562 0.43886675204549519 -0.61180002400952005 1.2088430309934277 -0.1939223845799764 0.54511999302619218 -1.2474673477086156 -0.31028771042823794 -0.12692290856079622 -0.61774427671558585 -0.17874000272580556 0.036531220749020578 -0.32856769164403282 0.030429463671601337
leaf_weight=22 22 33 35 31 28 33 37 22 20 22 26 35 24 27 23
leaf_count=22 22 33 35 31 28 33 37 22 20 22 26 35 24 27 23
internal_value=6.61239e-10 0.0406189 -0.0145685 -0.0607222 -0.00926611 0.44997 -0.112637 -0.225951 -0.801191 0.294528 -0.083833 0.130063 -0.233561 -0.318853 -0.163429
internal_weight=440 418 385 363 332 61 271 212 42 59 170 70 100 76 50
internal_count=440 418 385 363 332 61 271 212 42 59 170 70 100 76 50
is_linear=0
shrinkage=0.05


Tree=56
num_leaves=17
num_cat=0
split_feature=20 14 19 21 6 7 10 11 3 17 6 17 17 14 19 14
split_gain=5389.89 10297.1 15526.1 6445.97 22234.4 6751.64 5430.03 4357.79 4326.71 3552.15 3034.54 2268.56 2901.94 1298.5 770.087 402.255
threshold=187.50000000000003 83.500000000000014 991.10000610351574 0.37940999865531927 150.50000000000003 221.25000000000003 179.50000000000003 131.91999816894534 257.50000000000006 0.77000001072883617 117.50000000000001 1.5049999952316286 -0.82500001788139332 90.500000000000014 991.85000610351574 94.500000000000014
decision_type=8 10 10 2 10 10 10 8 8 10 8 8 10 10 10 10
left_child=1 2 -1 5 -5 6 13 -2 -7 -8 -9 12 -12 -3 -13 -15
right_child=7 3 -4 4 -6 8 9 10 -10 -11 11 14 -14 15 -16 -17
leaf_value=-0.13256668884617587 -0.93218337524682282 0.19779780656099322 1.4390770290837143 -0.37411487813918826 1.7641992515325549 0.79459779120009877 -1.3196428665518762 0.41097243101823899 -0.074278539262319865 -0.4333175111275453 -0.075584092159425062 0.26773390620946885 -0.73989438652992257 -0.11838099509477616 -0.16578401107163657 -0.40495921587944034
leaf_weight=30 20 22 33 31 20 23 20 21 38 26 31 20 35 24 21 25
leaf_count=30 20 22 33 31 20 23 20 21 38 26 31 20 35 24 21 25
internal_value=3.87663e-09 0.124587 0.690675 -0.0311489 0.46444 -0.173143 -0.395493 -0.245807 0.253331 -0.818676 -0.138561 -0.246413 -0.42787 -0.121318 0.0456881 -0.264594
internal_weight=440 292 63 229 51 178 117 148 61 46 128 107 66 71 41 49
internal_count=440 292 63 229 51 178 117 148 61 46 128 107 66 71 41 49
is_linear=0
shrinkage=0.05


Tree=57
num_leaves=18
num_cat=0
split_feature=18 12 5 4 13 6 6 3 3 5 8 4 19 3 5 6 21
split_gain=4872.57 7612.92 21633.3 8250.72 5044.59 3886.51 5334.2 4458.22 4229.92 3865.11 4955.51 2499.32 2027.42 1369.79 1530.68 1143.35 968.988
threshold=-0.42499999701976771 272.50000000000006 249.00000000000003 291.50000000000006 19.149999618530277 117.50000000000001 160.50000000000003 202.50000000000003 174.50000000000003 200.50000000000003 215.00000000000003 135.50000000000003 993.54998779296886 115.50000000000001 145.50000000000003 195.50000000000003 -0.37940999865531916
decision_type=8 8 10 10 10 8 10 10 8 10 10 8 10 10 8 10 2
left_child=4 2 3 9 5 -1 8 12 13 10 11 -2 15 -7 -15 -8 -13
right_child=1 -3 -4 -5 -6 6 7 -9 -10 -11 -12 16 -14 14 -16 -17 -18
leaf_value=0.53304313476318899 0.33079182813348984 -0.47081548759811809 1.7046160362660885 1.0356704622507096 -0.83172827959060669 -0.49139194687207538 -0.00082153888153178346 0.78557865209877498 -0.86036349747549101 -0.5639998665143704 0.70205638626217848 -0.022868766671135313 0.34463080942630769 0.3165898197889328 -0.30201426431536676 -0.51661116345362224 -0.45484661915723018
leaf_weight=23 23 38 24 20 25 21 21 20 34 29 25 21 20 20 20 22 34
leaf_count=23 23 38 24 20 25 21 21 20 34 29 25 21 20 20 20 22 34
internal_value=-5.7107e-10 0.17099 0.309561 0.0892895 -0.161911 -0.0786 -0.157633 0.135199 -0.413475 -0.0541015 0.0894621 -0.106882 -0.0712711 -0.164389 0.00728778 -0.264714 -0.28991
internal_weight=440 214 176 152 226 201 178 83 95 132 103 78 63 61 40 43 55
internal_count=440 214 176 152 226 201 178 83 95 132 103 78 63 61 40 43 55
is_linear=0
shrinkage=0.05


Tree=58
num_leaves=16
num_cat=0
split_feature=4 12 12 13 6 23 15 18 9 15 7 17 12 20 2
split_gain=4784.52 5399.92 12296.7 6072.14 4722 4176.45 8314.3 4241.24 7691.77 2595.68 2511.98 2324.01 1633.66 794.054 521.487
threshold=350.00000000000006 263.00000000000006 236.00000000000003 18.550000190734867 116.50000000000001 -0.60785500705242146 1.0349999666213991 -0.15500000119209287 171.43000030517581 1.5800000429153445 167.25000000000003 1.4550000429153445 155.50000000000003 192.50000000000003 174.50000000000003
decision_type=10 10 10 10 8 2 10 8 10 10 10 10 10 10 10
left_child=1 2 3 4 -1 7 -7 8 -6 10 -8 -11 13 -13 -14
right_child=-2 -3 -4 -5 5 6 9 -9 -10 11 -12 12 14 -15 -16
leaf_value=0.67035668504238133 0.73647887025560654 -0.68326666692892712 1.1343485658583434 -0.67413927175932464 -0.0063655298689137335 0.76486769206821925 -0.16153629436608286 0.055898848256549317 -1.2859306707978249 -0.638229526758194 0.44145899957571277 -0.12099944791146394 0.32231338828802114 -0.53052318990230563 -0.034432564924160643
leaf_weight=25 21 30 23 36 23 36 31 37 24 25 39 29 20 20 21
leaf_count=25 21 30 23 36 23 36 31 37 24 25 39 29 20 20 21
internal_value=3.2791e-09 -0.0369118 0.0129356 -0.0575357 0.00973013 -0.0444196 0.0696494 -0.34453 -0.65976 -0.0656364 0.174418 -0.211757 -0.0932918 -0.288152 0.13959
internal_weight=440 419 389 366 330 305 221 84 47 185 70 115 90 49 41
internal_count=440 419 389 366 330 305 221 84 47 185 70 115 90 49 41
is_linear=0
shrinkage=0.05


Tree=59
num_leaves=18
num_cat=0
split_feature=4 12 12 19 21 23 15 7 5 6 4 6 7 3 4 6 15
split_gain=4318.03 4873.43 11097.7 5338.18 6760.83 6257.71 11645.2 6873.97 5495.01 6539.81 3189.19 2398.17 1942.88 2586.56 1135.56 1381.52 939.78
threshold=350.00000000000006 263.00000000000006 236.00000000000003 993.64999389648449 0.60355499386787426 -0.60785500705242146 1.5549999475479128 167.25000000000003 150.50000000000003 127.50000000000001 154.50000000000003 195.50000000000003 217.50000000000003 168.00000000000003 144.50000000000003 144.50000000000003 1.7150000333786013
decision_type=10 10 10 8 2 2 10 10 8 10 8 10 10 10 10 8 10
left_child=1 2 3 4 8 -5 7 -7 11 -10 -6 14 13 -11 16 -16 -1
right_child=-2 -3 -4 5 10 6 -8 -9 9 12 -12 -13 -14 -15 15 -17 -18
leaf_value=-0.60559693872928622 0.69965491748991471 -0.64910332967837658 1.0776311416988789 -0.45007628901302815 -0.35176119953393936 0.24706532679498197 -0.25441609850591601 1.460734643467835 0.87928782668378624 -0.13616584557475467 -1.144334864616394 -0.79588076824322351 -0.42319157956676046 0.58443965584039692 0.29937506526708607 -0.28127737471035552 -0.14296480323309485
leaf_weight=21 21 30 23 25 30 20 34 28 27 33 22 20 22 20 20 21 23
leaf_count=21 21 30 23 25 30 20 34 28 27 33 22 20 22 20 20 21 23
internal_value=6.21869e-10 -0.0350662 0.0122888 -0.0546589 -0.177394 0.242428 0.453558 0.955039 -0.0493565 0.212018 -0.687081 -0.303263 -0.0281986 0.135761 -0.187354 0.00196772 -0.363767
internal_weight=440 419 389 366 259 107 82 48 207 102 52 105 75 53 85 41 44
internal_count=440 419 389 366 259 107 82 48 207 102 52 105 75 53 85 41 44
is_linear=0
shrinkage=0.05


Tree=60
num_leaves=16
num_cat=0
split_feature=13 7 13 15 24 13 3 22 15 11 13 21 7 19 19
split_gain=4250.2 7593.96 5631.58 4686.12 6946.22 8944.5 10453.3 3965.58 4149.22 3675.86 1446.68 1158.64 2224.92 2001.61 295.857
threshold=8.8499999046325701 338.37500000000006 18.550000190734867 1.1050000190734866 -0.56174498796463002 11.949999809265138 173.50000000000003 -0.37940999865531916 1.8550000190734866 191.2799987792969 14.250000000000002 1.0000000180025095e-35 144.87500000000003 992.54998779296886 990.64999389648449
decision_type=8 10 10 10 2 8 10 2 10 10 10 2 10 10 10
left_child=-1 2 3 4 -2 -6 -7 8 9 -5 11 13 -13 14 -9
right_child=1 -3 -4 7 5 6 -8 10 -10 -11 -12 12 -14 -15 -16
leaf_value=-0.56445493640438205 1.0605662236213684 0.99295450747013092 -0.61110078862735207 0.92361924648284921 0.87133290888025217 0.37514577984809877 -1.0092114760875703 -0.17723493278026581 -0.24529729622506324 0.089480722908462804 -0.50988579047843818 -0.22477646566306553 0.44625421233829998 -0.56026824186556046 0.068537675857543945
leaf_weight=31 25 20 35 25 26 30 25 24 31 28 32 30 21 32 25
leaf_count=31 25 20 35 25 26 30 25 24 31 28 32 30 21 32 25
internal_value=3.2228e-09 0.0427827 -0.00606937 0.0537501 0.332008 0.107145 -0.254108 -0.0651829 0.214187 0.482942 -0.208275 -0.135157 0.0515303 -0.252701 -0.0518407
internal_weight=440 409 389 354 106 81 55 248 84 53 164 132 51 81 49
internal_count=440 409 389 354 106 81 55 248 84 53 164 132 51 81 49
is_linear=0
shrinkage=0.05


Tree=61
num_leaves=19
num_cat=0
split_feature=11 13 13 20 16 15 13 20 17 3 6 13 13 18 24 18 18 15
split_gain=3989.34 6312.8 4654.38 6761.55 3926.81 5379.6 2645.15 5934.71 6007.78 3917.48 2459.66 2427.83 2106.95 1628.23 967.126 1034.71 873.867 478.298
threshold=136.80500030517581 17.349999427795414 8.8499999046325701 22.500000000000004 49.500000000000007 0.82499998807907116 13.150000095367433 222.50000000000003 1.3450000286102297 291.50000000000006 120.50000000000001 16.349999427795414 12.34999990463257 -0.64499998092651356 1.0000000180025095e-35 0.21999999880790713 -0.57499998807907093 1.4399999976158144
decision_type=8 10 8 8 8 8 10 10 10 8 10 10 10 10 2 10 10 10
left_child=1 10 -2 -4 -5 -6 9 8 -8 12 -1 -9 14 -13 15 17 -12 -7
right_child=2 -3 3 4 5 6 7 11 -10 -11 16 13 -14 -15 -16 -17 -18 -19
leaf_value=0.42375772438943388 -0.54319915984358103 -0.97337363243103037 0.90201549220543642 -0.59793441920053392 0.75559741320281193 -0.077071562267485128 1.1069508667303516 -0.49589008794476586 -0.011807423794553393 0.51704146206378943 -0.037216782958611201 0.41209063436836008 -0.70815051451325417 -0.16447685119509697 -0.42438207194209099 -0.33828715860843661 -0.48912279054522517 0.25297268049224564
leaf_weight=20 28 25 26 21 29 21 28 24 21 20 23 24 20 25 22 20 20 23
leaf_count=20 28 25 26 21 29 21 28 24 21 20 23 24 20 25 22 20 20 23
internal_value=-9.03806e-10 -0.301109 0.0752774 0.128726 0.0612577 0.111233 0.0358835 0.201832 0.627483 -0.124797 -0.0343379 -0.0838782 -0.245899 0.117924 -0.138399 -0.0400918 -0.247406 0.0954516
internal_weight=440 88 352 324 298 277 248 122 49 126 63 73 106 49 86 64 43 44
internal_count=440 88 352 324 298 277 248 122 49 126 63 73 106 49 86 64 43 44
is_linear=0
shrinkage=0.05


Tree=62
num_leaves=15
num_cat=0
split_feature=11 14 16 15 21 22 3 3 2 11 5 19 15 5
split_gain=3602.86 5382.29 4066.4 5716.58 5831.72 3973.05 2482.53 2129.51 2694.56 2672.53 1129.98 991.697 1070.6 638.756
threshold=136.80500030517581 68.500000000000014 49.500000000000007 0.82499998807907116 0.37940999865531927 -0.91597998142242421 134.50000000000003 284.50000000000006 237.50000000000003 225.30500030517581 125.50000000000001 992.85000610351574 1.6150000095367434 186.50000000000003
decision_type=10 8 10 10 2 2 10 8 8 10 10 10 10 10
left_child=1 -1 -2 4 -4 -5 -3 8 9 10 -7 13 -13 -12
right_child=2 6 3 5 -6 7 -8 -9 -10 -11 11 12 -14 -15
leaf_value=-0.90562487006187442 -0.51691551517557222 0.22645372106014072 0.2077191250104653 0.53674933531067592 1.2625319385528566 0.18566150188446046 -0.39755973326308386 0.30386469194458593 0.31318960084069158 -0.73669952541589745 -0.1764314747415483 -0.53601102838913606 -0.1262094346970758 0.16480155835549037
leaf_weight=25 27 37 38 33 20 25 28 36 31 20 32 30 34 24
leaf_count=25 27 37 38 33 20 25 28 36 31 20 32 30 34 24
internal_value=5.12651e-10 -0.28215 0.0725529 0.121827 0.571448 0.0234198 -0.0423521 -0.0495968 -0.114518 -0.194876 -0.120141 -0.18385 -0.318304 -0.0301887
internal_weight=440 90 350 323 58 265 65 232 196 165 145 120 64 56
internal_count=440 90 350 323 58 265 65 232 196 165 145 120 64 56
is_linear=0
shrinkage=0.05


Tree=63
num_leaves=18
num_cat=0
split_feature=13 20 23 12 12 12 6 20 15 19 16 21 11 15 22 6 6
split_gain=3494.73 5216.98 4015.5 12196.7 5502.98 9558.26 9286.59 6867.66 6604.55 3121.01 2794.41 3107.26 2140.79 1712.07 1523.24 1280.03 1124.5
threshold=8.6500000953674334 22.500000000000004 -0.87838000059127797 201.75000000000003 212.25000000000003 157.50000000000003 209.50000000000003 72.500000000000014 1.0349999666213991 992.64999389648449 278.50000000000006 0.60355499386787426 135.73999786376956 1.6150000095367434 -0.37940999865531916 334.00000000000006 141.00000000000003
decision_type=8 8 2 8 10 10 8 10 10 10 10 2 10 10 2 8 10
left_child=-1 -2 3 -3 5 7 9 -4 -6 -7 -9 13 -13 -12 -10 -8 -15
right_child=1 2 4 -5 8 6 15 10 14 -11 11 12 -14 16 -16 -17 -18
leaf_value=-0.58666702422002959 0.69297417487416957 -0.17206746828224925 0.44753933923585082 1.3679289218783379 -1.2141858034190678 0.58108981685204941 -0.35206911030225457 0.19886558843510493 0.1296952471137047 1.4440998975932597 -0.56661834801946376 -1.1526543184369804 -0.42108305469155316 0.1903558405285532 -0.4226952446194796 0.20684828871772407 -0.27401103982701897
leaf_weight=24 28 36 35 20 21 22 20 21 24 20 28 20 20 22 26 21 32
leaf_count=24 28 36 35 20 21 22 20 21 24 20 28 20 20 22 26 21 32
internal_value=-8.78407e-10 0.0338462 -0.0137198 0.377931 -0.0797814 0.0263903 0.469499 -0.180228 -0.470075 0.992047 -0.333877 -0.425579 -0.786869 -0.249339 -0.157548 -0.0657943 -0.0848245
internal_weight=440 416 388 56 332 261 83 178 71 42 143 122 40 82 50 41 54
internal_count=440 416 388 56 332 261 83 178 71 42 143 122 40 82 50 41 54
is_linear=0
shrinkage=0.05


Tree=64
num_leaves=17
num_cat=0
split_feature=4 12 5 5 2 15 2 4 15 12 10 19 16 21 14 7
split_gain=3379.61 4024.49 9488.2 5626.83 5037.41 4978.41 2525.45 2049.93 4419.17 2678.04 2619.44 1790.43 1177.51 668.726 862.761 444.392
threshold=350.00000000000006 263.00000000000006 249.00000000000003 218.00000000000003 237.50000000000003 0.97499999403953563 81.500000000000014 124.50000000000001 1.5800000429153445 187.75000000000003 176.50000000000003 991.25000000000011 282.50000000000006 0.60355499386787426 94.500000000000014 144.87500000000003
decision_type=10 10 10 10 10 10 10 10 10 10 10 10 8 2 10 10
left_child=1 2 3 4 6 -6 -1 8 -8 10 13 -10 -11 14 15 -9
right_child=-2 -3 -4 -5 5 -7 7 9 11 12 -12 -13 -14 -15 -16 -17
leaf_value=-0.63393334388732914 0.61897663218634469 -0.58902084266146026 0.8099353307310273 -0.83886921304193418 1.0390622678257171 0.0039960970099155715 0.7892011728315127 0.1961514800786972 0.26340490631759167 -0.10872336339950561 -0.63929771040425154 -0.37129711192846299 0.34330755077740727 -0.31385320512687459 -0.32649805883527733 -0.090916049938935498
leaf_weight=20 21 30 34 22 21 26 21 28 20 25 33 25 34 34 20 26
leaf_count=20 21 30 34 22 21 26 21 28 20 25 33 25 34 34 20 26
internal_value=-2.33788e-09 -0.0310227 0.0120106 -0.0644104 -0.0132449 0.466472 -0.0920796 -0.0513387 0.190286 -0.131075 -0.249428 -0.0892073 0.151769 -0.130301 -0.0459667 0.0579338
internal_weight=440 419 389 355 333 47 286 266 66 200 141 45 59 108 74 54
internal_count=440 419 389 355 333 47 286 266 66 200 141 45 59 108 74 54
is_linear=0
shrinkage=0.05


Tree=65
num_leaves=16
num_cat=0
split_feature=13 20 23 21 22 13 5 19 2 24 16 22 6 20 17
split_gain=3175 6694.7 3641.66 9954.92 4651.57 6166.44 5772.69 4325.71 4952.74 3146.28 1988.39 1424.88 941.264 895.265 2849.74
threshold=8.8499999046325701 22.500000000000004 -0.87838000059127797 0.60355499386787426 -0.78656998276710499 18.550000190734867 291.50000000000006 994.25000000000011 160.50000000000003 -0.56174498796463002 313.50000000000006 -1.0000000180025095e-35 122.50000000000001 67.500000000000014 1.5699999928474428
decision_type=8 8 2 2 2 10 10 10 10 2 10 2 10 10 10
left_child=-1 -2 3 -3 9 6 7 10 -9 -4 11 -6 -11 -13 -15
right_child=1 2 4 -5 5 -7 -8 8 -10 12 -12 13 -14 14 -16
leaf_value=-0.48786163269992805 0.79787044657601258 -0.16070419022015164 0.69378661723048607 1.2163122813439085 0.16787717667822211 -1.0277737689018249 -0.81374195630733781 -0.12827037940422695 0.7729197489638483 0.27891925179532601 -0.62283398281960256 0.0013997417176142336 -0.16062452998654597 -0.7861064513524374 -0.036512161931023003
leaf_weight=31 27 35 27 21 36 20 26 30 31 21 21 32 29 21 32
leaf_count=31 27 35 27 21 36 20 26 30 31 21 21 32 29 21 32
internal_value=1.51679e-09 0.0369773 -0.0168031 0.355677 -0.0807874 -0.185816 -0.112282 -0.0224402 0.329711 0.25885 -0.173717 -0.0957707 0.0239839 -0.207433 -0.333521
internal_weight=440 409 382 56 326 249 229 203 61 77 142 121 50 85 53
internal_count=440 409 382 56 326 249 229 203 61 77 142 121 50 85 53
is_linear=0
shrinkage=0.05


Tree=66
num_leaves=16
num_cat=0
split_feature=16 14 13 20 12 21 22 6 14 20 5 12 8 6 2
split_gain=3021.05 3724.39 3882.01 5989.92 4515.68 11410.5 5714.44 2737.64 3273.81 1640.34 1627.39 1357.83 1946.82 793.094 1326.86
threshold=49.500000000000007 64.500000000000014 8.8499999046325701 22.500000000000004 208.50000000000003 0.37940999865531927 -0.37940999865531916 120.50000000000001 77.500000000000014 72.500000000000014 151.50000000000003 193.75000000000003 160.50000000000003 191.50000000000003 124.50000000000001
decision_type=8 8 8 8 10 2 2 10 10 10 10 10 10 10 10
left_child=-1 -2 -3 -4 7 6 -6 8 -5 10 -9 12 13 14 -11
right_child=1 2 3 4 5 -7 -8 9 -10 11 -12 -13 -14 -15 -16
leaf_value=-0.55786162848057952 -0.49651191571066455 -0.4634685510589231 0.86616885566711432 0.59343885257840157 0.4528754194577535 1.1420470633333728 -0.57582760028265134 0.45917806327342992 -0.13359912467499577 -0.32382172659039499 -0.17866746500134467 0.14940117718208404 -0.60078509980014394 -0.43550429925322531 0.12364189407309972
leaf_weight=23 31 31 25 32 27 31 27 20 30 30 20 21 35 20 37
leaf_count=23 31 31 25 32 27 31 27 20 30 30 20 21 35 20 37
internal_value=-9.51642e-10 0.0307693 0.0731158 0.119972 0.0634424 0.377456 -0.0614761 -0.0455011 0.241646 -0.142786 0.140255 -0.221958 -0.285881 -0.159195 -0.076715
internal_weight=440 417 386 355 330 85 54 245 62 183 40 143 122 87 67
internal_count=440 417 386 355 330 85 54 245 62 183 40 143 122 87 67
is_linear=0
shrinkage=0.05


Tree=67
num_leaves=17
num_cat=0
split_feature=20 14 19 16 21 3 5 20 11 13 13 3 17 4 12 4
split_gain=2907.26 6970.23 10160.5 4241.38 7507.8 12336.4 6059.95 2890.81 2413.09 2160.78 1654.85 2729.74 3115.93 728.216 768.231 375.951
threshold=187.50000000000003 83.500000000000014 991.10000610351574 88.500000000000014 0.37940999865531927 160.50000000000003 221.00000000000003 27.500000000000004 131.91999816894534 12.650000095367433 16.349999427795414 143.50000000000003 -0.42499999701976771 211.50000000000003 152.25000000000003 144.50000000000003
decision_type=10 8 10 8 2 8 10 8 10 8 10 10 10 8 10 10
left_child=1 2 -1 -3 6 -6 7 -5 -2 13 -10 -12 -13 14 15 -9
right_child=8 3 -4 4 5 -7 -8 9 10 -11 11 12 -14 -15 -16 -17
leaf_value=-0.10996143877506258 -0.68028500406515036 -0.71444915760131122 1.1614298661549887 0.51917403158934217 -0.24625133026316429 1.4480017819187858 -0.8378995153903962 -0.10765459150075914 -0.37379746789014656 0.26095555676147342 0.43798845189589042 0.33049777448177342 -0.44411649005235854 -0.4405514317063185 0.096883037189642585 -0.41422867193818097
leaf_weight=30 21 21 33 23 21 22 25 20 38 32 27 20 37 26 24 20
leaf_count=30 21 21 33 23 21 22 25 20 38 32 27 20 37 26 24 20
internal_value=-1.9814e-09 0.0891817 0.556005 -0.0365017 0.0303382 0.620576 -0.118957 0.00499842 -0.185223 -0.0919363 -0.100008 0.0238492 -0.172322 -0.217409 -0.126757 -0.260942
internal_weight=440 297 63 234 213 43 170 145 143 122 122 84 57 90 64 40
internal_count=440 297 63 234 213 43 170 145 143 122 122 84 57 90 64 40
is_linear=0
shrinkage=0.05


Tree=68
num_leaves=16
num_cat=0
split_feature=4 12 5 5 8 15 10 15 19 18 14 3 11 11 5
split_gain=2782.15 3601.33 8092.8 4888.18 3687.14 4830.13 2478.77 1835.72 1394.22 1330.07 924.644 1160.73 687.172 805.825 645.711
threshold=350.00000000000006 263.00000000000006 249.00000000000003 218.00000000000003 203.75000000000003 0.97499999403953563 212.25000000000003 0.89499998092651378 995.35000610351574 -1.205000042915344 76.500000000000014 141.00000000000003 157.05000305175784 185.69999694824222 127.50000000000001
decision_type=10 10 10 10 10 10 10 8 8 8 10 8 10 10 10
left_child=1 2 3 4 7 -6 -7 -1 9 -9 11 -11 14 -14 -12
right_child=-2 -3 -4 -5 5 6 -8 8 -10 10 12 -13 13 -15 -16
leaf_value=-0.44570436494096238 0.56160580430712015 -0.55599536905686064 0.7494789546903442 -0.77985590208660482 0.81499922701290672 0.43711995899677281 -0.27245753435418013 -0.47187444823128843 0.30061715888977053 0.33548736197167428 -0.07467857769557408 -0.1596438376605511 0.23509409301306891 -0.15551514558253751 -0.37839632381285943
leaf_weight=34 21 30 34 22 28 20 32 21 25 29 35 20 23 31 35
leaf_count=34 21 30 34 22 28 20 32 21 25 29 35 20 23 31 35
internal_value=-2.64072e-09 -0.0281473 0.0125608 -0.0580173 -0.0103283 0.285547 0.000456886 -0.103886 -0.0508178 -0.0961058 -0.0504923 0.133393 -0.123157 0.0108555 -0.226537
internal_weight=440 419 389 355 333 80 52 253 219 194 173 49 124 54 70
internal_count=440 419 389 355 333 80 52 253 219 194 173 49 124 54 70
is_linear=0
shrinkage=0.05


Tree=69
num_leaves=18
num_cat=0
split_feature=16 14 15 13 5 20 22 18 20 4 13 14 10 3 5 5 17
split_gain=2800.38 3040.34 4059.18 6818.65 9384.75 4506.27 3537.59 3156.38 2542.14 2473.79 1398.13 925.296 922.709 1078.86 1659.77 699.892 565.537
threshold=49.500000000000007 64.500000000000014 1.1749999523162844 9.1500000953674334 246.50000000000003 32.500000000000007 -0.37940999865531916 -0.50499999523162831 97.500000000000014 195.50000000000003 14.250000000000002 75.500000000000014 241.00000000000003 160.50000000000003 164.50000000000003 195.50000000000003 1.7050000429153445
decision_type=8 8 10 10 8 10 2 10 10 8 10 10 10 8 10 10 10
left_child=-1 -2 3 -3 5 -5 8 -7 -4 11 12 -10 13 15 -15 16 -8
right_child=1 2 6 4 -6 7 10 -9 9 -11 -12 -13 -14 14 -16 -17 -18
leaf_value=-0.53710123294073608 -0.44677998311817646 -0.54192154139280324 0.70161279950823108 0.71741037943533492 1.3333357445895673 0.42339518785476687 0.057701942709184467 -0.3773172521032393 0.093301534205675135 0.52278936773538598 -0.46827307250350714 -0.37660192726179959 -0.40217015797441658 -0.10029750801622868 0.48033986419439317 -0.42702157139778141 -0.27376953759654005
leaf_weight=23 31 20 21 28 24 20 31 32 20 20 32 22 22 32 20 20 22
leaf_count=23 31 20 21 28 24 20 31 32 20 20 32 22 22 32 20 20 22
internal_value=3.44166e-10 0.0296243 0.0678847 0.303572 0.466166 0.206016 -0.0436617 -0.0693509 0.22615 0.0651061 -0.16877 -0.152838 -0.103572 -0.0510186 0.123025 -0.174995 -0.07989
internal_weight=440 417 386 124 104 80 262 52 83 62 179 42 147 125 52 73 53
internal_count=440 417 386 124 104 80 262 52 83 62 179 42 147 125 52 73 53
is_linear=0
shrinkage=0.05


Tree=70
num_leaves=18
num_cat=0
split_feature=23 13 12 12 9 21 17 11 17 14 20 5 13 19 2 20 20
split_gain=2685.57 3599.56 7993.28 5119.65 6716.43 5547.18 4834.4 3810.33 2583.81 2961.02 3066.81 2496.19 2709.26 2189.25 1686.9 949.342 772.995
threshold=0.87838000059127819 9.0500001907348651 232.75000000000003 218.75000000000003 194.78499603271487 -1.0000000180025095e-35 -1.0249999761581419 189.02500152587893 1.2200000286102297 85.500000000000014 450.00000000000006 68.500000000000014 11.650000095367433 989.75000000000011 149.50000000000003 205.00000000000003 137.50000000000003
decision_type=2 8 8 10 10 2 10 10 10 10 10 10 10 10 10 10 10
left_child=1 -1 3 4 7 -6 -4 8 9 10 -3 -2 -13 -10 15 -15 -14
right_child=11 2 6 -5 5 -7 -8 -9 13 -11 -12 12 16 14 -16 -17 -18
leaf_value=-0.46206680009762446 0.18780862167477608 0.91789680340073332 0.26510586839914324 -0.7041783147532007 0.14080105611256191 1.1277453579008581 1.3080540788173676 -0.70279157473927456 0.19092349279671908 -0.13986250420411428 0.062413600832223894 0.0098538397190471496 -0.8819161057472229 0.040059631371072366 -0.69639107733964922 -0.39885082502256741 -0.44231556558981544
leaf_weight=30 24 22 25 23 35 24 20 21 32 30 20 24 20 28 20 22 20
leaf_count=30 24 22 25 23 35 24 20 21 32 30 20 24 20 28 20 22 20
internal_value=-1.15738e-09 0.0617634 0.110568 0.0101589 0.074843 0.54227 0.728638 -0.0665837 0.0102 0.23953 0.510524 -0.247054 -0.410127 -0.15168 -0.308298 -0.153061 -0.662116
internal_weight=440 352 322 277 254 59 45 195 174 72 42 88 64 102 70 50 40
internal_count=440 352 322 277 254 59 45 195 174 72 42 88 64 102 70 50 40
is_linear=0
shrinkage=0.05


Tree=71
num_leaves=17
num_cat=0
split_feature=16 23 21 5 5 20 11 13 13 20 3 16 3 18 13 9
split_gain=2646.94 3519.13 6438.99 3856.13 4635.06 5230.79 2294.82 5828.37 2455.43 1967.01 1782.41 1701.88 1618.46 1149.41 1129.08 1118.71
threshold=49.500000000000007 -0.87838000059127797 0.60355499386787426 309.00000000000006 259.00000000000006 32.500000000000007 136.80500030517581 15.449999809265138 12.750000000000002 192.50000000000003 134.50000000000003 313.50000000000006 160.50000000000003 -0.69499999284744252 9.8499999046325701 190.140007019043
decision_type=8 2 2 10 10 8 8 10 8 8 10 10 8 10 10 10
left_child=-1 2 15 4 5 -3 7 10 11 -10 -7 12 -8 -11 -14 -2
right_child=1 3 -4 -5 -6 6 8 -9 9 13 -12 -13 14 -15 -16 -17
leaf_value=-0.52217937474665443 -0.2431864613578433 0.60860517806020287 1.0883440184451285 -0.57429200368002054 0.75554554030299192 0.38957013726234435 -0.39816155296105604 -0.84494008917827168 0.4435945198512995 0.17333406251337793 -0.24370880508422854 -0.5849097419352759 -0.1266593009499567 -0.26294653507379384 0.34613798934480422 0.27932524397969244
leaf_weight=23 21 29 21 30 20 20 26 32 39 36 25 21 28 26 23 20
leaf_count=23 21 29 21 30 20 20 26 32 39 36 25 21 28 26 23 20
internal_value=-9.85085e-10 0.0288013 0.376368 -0.0319005 0.0181664 -0.0301864 -0.0973058 -0.329083 -0.00762306 0.165382 0.0377485 -0.185924 -0.0771102 -0.00962232 0.086563 0.0116973
internal_weight=440 417 62 355 325 305 276 77 199 101 45 98 77 62 51 41
internal_count=440 417 62 355 325 305 276 77 199 101 45 98 77 62 51 41
is_linear=0
shrinkage=0.05


Tree=72
num_leaves=18
num_cat=0
split_feature=16 23 11 5 5 11 13 22 4 12 12 15 19 16 5 19 22
split_gain=2388.86 3176.02 5297.07 3480.16 4183.14 3061.77 5508.05 2585.6 2845.32 3515.88 2495.72 2020.23 1680.57 957.958 768.319 726.653 721.233
threshold=49.500000000000007 -0.87838000059127797 205.11000061035159 309.00000000000006 259.00000000000006 136.80500030517581 15.449999809265138 0.37940999865531927 218.00000000000003 144.50000000000003 147.50000000000003 1.2599999904632571 992.75000000000011 279.50000000000006 109.00000000000001 994.25000000000011 -0.60355499386787403
decision_type=8 2 10 10 10 8 10 2 8 10 10 10 10 10 10 10 2
left_child=-1 2 10 4 5 6 14 8 9 -7 -2 -11 13 -9 -3 -14 -13
right_child=1 3 -4 -5 -6 7 -8 12 -10 11 -12 16 15 -15 -16 -17 -18
leaf_value=-0.49607039197631508 0.4265257056429983 0.2558559671692226 1.0033140406012535 -0.54557739932710925 0.71776823699474335 0.61152974176406871 -0.80269308183342225 -0.16547616404436885 0.67434501785498402 -0.45161864136656127 -0.35390648785091583 0.29634964275360109 -0.55565967857837684 0.29694126546382904 -0.15283197929029879 -0.16521809571064439 -0.057423062628025524
leaf_weight=23 20 23 21 30 20 25 32 21 26 24 21 25 22 24 23 26 34
leaf_count=23 20 23 21 30 20 25 32 21 26 24 21 25 22 24 23 26 34
internal_value=1.43593e-09 0.0273612 0.35755 -0.0303055 0.0172581 -0.028677 -0.298931 0.0641856 0.204767 0.0917199 0.0267921 -0.0648493 -0.138372 0.0811465 0.051512 -0.34417 0.0924806
internal_weight=440 417 62 355 325 305 78 227 134 108 41 83 93 45 46 48 59
internal_count=440 417 62 355 325 305 78 227 134 108 41 83 93 45 46 48 59
is_linear=0
shrinkage=0.05


Tree=73
num_leaves=19
num_cat=0
split_feature=4 10 9 21 6 20 6 6 18 12 6 10 19 6 19 17 16 6
split_gain=2178.18 3713.8 5260.11 7236.2 3856.37 3629.82 9166.52 3587.78 3261.66 2549.79 2610.67 2595.9 1799.73 1886.58 1752.56 1387.21 982.035 492.82
threshold=350.00000000000006 241.00000000000003 202.58500671386722 1.0000000180025095e-35 211.50000000000003 72.500000000000014 150.50000000000003 218.00000000000003 -0.34499999880790705 155.50000000000003 185.50000000000003 156.50000000000003 991.35000610351574 149.50000000000003 993.04998779296886 0.55500000715255748 272.50000000000006 129.50000000000003
decision_type=10 10 10 2 10 10 10 8 10 10 10 8 10 8 10 10 10 8
left_child=1 2 4 16 5 6 -1 14 -6 11 -11 12 13 -7 -3 -14 -4 -17
right_child=-2 7 3 -5 8 9 -8 -9 -10 10 -12 -13 15 -15 -16 17 -18 -19
leaf_value=-0.14502527952194214 0.49692124312832242 -0.33451279222965247 0.31087176799774174 1.1841918323527683 -0.068197336451460921 -0.68954191690399536 1.2368904316425324 0.10780781923482817 -0.91104879162528296 0.48994686130215143 -0.21910504329772224 -0.69500967065493269 0.41236471867188818 -0.034060339694437773 -0.99643340945243841 0.09242561757564545 -0.1786824703216553 -0.20594598028448319
leaf_weight=30 21 20 20 22 24 21 20 24 22 34 21 21 20 23 20 25 21 31
leaf_count=30 21 20 20 22 24 21 20 24 22 34 21 21 20 23 20 25 21 31
internal_value=-1.53245e-10 -0.0249054 0.0382991 0.452656 -0.0510998 0.0274743 0.407741 -0.375493 -0.4713 -0.0695325 0.219218 -0.182166 -0.092418 -0.346904 -0.665473 0.0549159 0.0601245 -0.0727444
internal_weight=440 419 355 63 292 246 50 64 46 196 55 141 120 44 40 76 41 56
internal_count=440 419 355 63 292 246 50 64 46 196 55 141 120 44 40 76 41 56
is_linear=0
shrinkage=0.05


Tree=74
num_leaves=17
num_cat=0
split_feature=11 7 16 5 21 5 7 13 3 4 13 15 11 9 5 11
split_gain=2268.74 4119.63 3220.32 3196.46 10094.1 2295.4 2124.78 2749.21 1578.28 1333.01 1474.36 1075.9 1668.09 1205.24 1041.95 434.821
threshold=278.95999145507818 338.37500000000006 49.500000000000007 259.00000000000006 0.60355499386787426 212.00000000000003 198.00000000000003 11.050000190734865 207.50000000000003 122.50000000000001 15.650000095367433 1.6150000095367434 140.50000000000003 169.2850036621094 143.50000000000003 157.05000305175784
decision_type=8 8 8 10 2 10 10 8 10 8 10 8 10 10 10 10
left_child=1 2 -1 5 -5 6 9 -8 -9 10 -4 14 -13 15 -11 -14
right_child=-2 -3 3 4 -6 -7 7 8 -10 11 -12 12 13 -15 -16 -17
leaf_value=-0.59830263229933656 -0.52029058858752253 0.72508467197418214 0.39225487452128838 -0.33273695869879294 1.181899010593241 -0.46210615571056102 -0.12326278598047793 0.16871701031923295 0.74938730192184444 -0.097676293512708276 -0.11640909252954382 -0.36857014430256996 0.10807366149500014 -0.14625272637811201 -0.47305132349332174 0.43382977630410879
leaf_weight=22 20 20 29 22 22 28 32 22 25 38 28 26 20 29 36 21
leaf_count=22 20 20 29 22 22 28 32 22 25 38 28 26 20 29 36 21
internal_value=-3.42896e-10 0.0247757 -0.0102397 0.0239862 0.424581 -0.0287868 0.0108633 0.234203 0.477584 -0.0668628 0.142385 -0.137022 -0.026586 0.100437 -0.280291 0.274924
internal_weight=440 420 400 378 44 334 306 79 47 227 57 170 96 70 74 41
internal_count=440 420 400 378 44 334 306 79 47 227 57 170 96 70 74 41
is_linear=0
shrinkage=0.05


Tree=75
num_leaves=17
num_cat=0
split_feature=3 3 7 3 9 5 2 17 16 19 11 12 16 17 13 20
split_gain=2082.06 3506.84 1951.38 4316.41 3460.25 2641.56 2173.4 3298.07 2051.04 2677.3 3141.28 1862.6 1686.21 1583.29 2209.13 1119.77
threshold=350.00000000000006 338.50000000000006 211.25000000000003 245.50000000000003 287.07000732421881 344.00000000000006 188.50000000000003 0.50499999523162853 325.00000000000006 994.45001220703136 163.58999633789065 198.50000000000003 307.50000000000006 1.5699999928474428 11.949999809265138 142.50000000000003
decision_type=10 8 10 10 10 8 8 10 8 10 10 10 10 8 10 10
left_child=1 2 5 11 -5 6 8 -8 9 12 -11 -4 13 14 -1 -15
right_child=-2 -3 3 4 -6 -7 7 -9 -10 10 -12 -13 -14 15 -16 -17
leaf_value=-0.021030853646142142 -0.48583409048262099 0.63882579099048264 0.23622157790444118 -0.50796941927185768 0.33678159036419614 0.41143702444835351 -0.91150730133056657 -0.082594036944210525 0.4334295281767846 0.61869696125388152 -0.22200991258025171 0.89455153374444873 -0.54366630869252341 -0.15190361974494798 -0.60064275226285391 0.24805564144435005
leaf_weight=35 21 22 22 27 22 26 20 30 20 25 20 21 28 35 31 35
leaf_count=35 21 22 22 27 22 26 20 30 20 25 20 21 28 35 31 35
internal_value=-3.31407e-10 0.0243497 -0.00970189 0.192136 -0.128693 -0.070584 -0.115504 -0.414159 -0.0502949 -0.0965843 0.245049 0.557732 -0.190325 -0.117579 -0.293273 0.048076
internal_weight=440 419 397 92 49 305 279 50 229 209 45 43 164 136 66 70
internal_count=440 419 397 92 49 305 279 50 229 209 45 43 164 136 66 70
is_linear=0
shrinkage=0.05


Tree=76
num_leaves=18
num_cat=0
split_feature=11 8 7 5 3 8 17 13 17 12 22 3 3 11 8 8 18
split_gain=2088.77 4760.91 4233.44 5020.61 5985.42 2743.85 2569.44 1747.91 1732.65 2828.06 1326.88 1288.09 2503.24 899.104 1290.88 889.267 780.183
threshold=278.95999145507818 339.50000000000006 294.87500000000006 259.00000000000006 186.50000000000003 215.00000000000003 0.77000001072883617 19.149999618530277 0.1200000010430813 167.00000000000003 -0.37940999865531916 115.50000000000001 143.50000000000003 173.90500640869143 160.50000000000003 144.50000000000003 -0.59499999880790699
decision_type=8 10 10 10 10 8 10 10 8 10 2 10 10 10 10 10 10
left_child=1 2 3 5 -5 7 -7 8 9 -1 11 -10 -13 14 15 16 -12
right_child=-2 -3 -4 4 -6 6 -8 -9 10 -11 13 12 -14 -15 -16 -17 -18
leaf_value=0.019568946491926909 -0.49922761969268326 0.77661739796400076 -0.72289730668067931 1.1649418497085573 -0.058314157128334043 0.59641818086306253 -0.089922748208045966 -0.52941560420123013 -0.11316715478897095 -0.6685062473373754 0.052165429521119223 0.75256968826055537 0.025450311768157732 0.12678688970558785 -0.4810756647586823 0.20064008547501133 -0.35985659526454078
leaf_weight=32 20 20 20 20 20 30 25 22 26 28 20 20 29 34 25 22 27
leaf_count=32 20 20 20 20 20 30 25 22 26 28 20 20 29 34 25 22 27
internal_value=-2.59765e-10 0.0237727 -0.0138695 0.0234478 0.553314 -0.0388894 0.284445 -0.101287 -0.0654743 -0.301533 0.00429671 0.171295 0.322234 -0.0935537 -0.173251 -0.0617208 -0.184528
internal_weight=440 420 400 380 40 340 55 285 263 60 203 75 49 128 94 69 47
internal_count=440 420 400 380 40 340 55 285 263 60 203 75 49 128 94 69 47
is_linear=0
shrinkage=0.05


Tree=77
num_leaves=18
num_cat=0
split_feature=20 19 13 4 19 15 12 15 11 6 9 6 19 17 17 11 9
split_gain=2059.39 3708.77 2916.76 4740.89 2838.84 6450.21 5658.43 6943.63 1461.44 2539.62 1369.57 1172.31 860.702 910.364 745.917 996.423 237.936
threshold=187.50000000000003 994.85000610351574 8.8499999046325701 291.50000000000006 992.85000610351574 0.81499999761581432 149.50000000000003 1.2400000095367434 131.91999816894534 136.50000000000003 143.14499664306643 232.50000000000003 991.45001220703136 1.2200000286102297 -0.82500001788139332 166.46999359130862 150.50000000000003
decision_type=10 10 8 10 10 8 8 10 10 10 10 8 10 10 10 10 10
left_child=1 2 -1 4 5 -4 -6 -8 -2 10 -10 12 13 -7 -11 -16 -15
right_child=8 -3 3 -5 6 11 7 -9 9 14 -12 -13 -14 16 15 -17 -18
leaf_value=-0.46145877324301621 -0.54116000277655463 0.56647023640655203 0.93609836776962596 0.7518112013521403 0.37268139297763508 -0.46209815686399286 -1.2516783316930136 -0.048935425807056683 0.51471874957904218 -0.078326791222207259 -0.035632571004904239 0.2665841067475932 0.14442202234268189 -0.18987704634666444 -0.1340142834186554 -0.60750684499740604 0.048408687758174813
leaf_weight=29 21 34 21 23 24 22 21 28 20 31 26 28 25 20 20 25 22
leaf_count=29 21 34 21 23 24 22 21 28 20 31 26 28 25 20 20 25 22
internal_value=1.31258e-09 0.075059 0.0115305 0.0701489 -0.00415555 0.129234 -0.256316 -0.564397 -0.155892 -0.0895751 0.203651 -0.0155881 -0.104361 -0.201542 -0.267054 -0.397066 -0.0650607
internal_weight=440 297 263 234 211 138 73 49 143 122 46 117 89 64 76 45 42
internal_count=440 297 263 234 211 138 73 49 143 122 46 117 89 64 76 45 42
is_linear=0
shrinkage=0.05


Tree=78
num_leaves=17
num_cat=0
split_feature=20 14 19 21 14 13 20 15 12 4 16 4 13 13 19 10
split_gain=1858.6 4426.2 7183.08 2875.4 7627.29 2253.27 4050.32 2510.08 1032.83 1988.55 2025.06 1254.96 1939.86 796.145 1075.79 435.806
threshold=187.50000000000003 83.500000000000014 991.10000610351574 0.37940999865531927 94.500000000000014 8.8499999046325701 22.500000000000004 1.2400000095367434 128.00000000000003 120.50000000000001 301.50000000000006 190.50000000000003 16.44999980926514 11.200000286102297 992.75000000000011 201.50000000000003
decision_type=10 8 10 2 10 8 8 8 10 10 10 10 10 8 10 8
left_child=1 2 -1 5 -5 -3 -7 -8 -2 -10 11 12 -11 14 -9 -15
right_child=8 3 -4 4 -6 6 7 13 9 10 -12 -13 -14 15 -16 -17
leaf_value=-0.11664516856273016 -0.47197845890408474 -0.56244832506030806 0.95235567038709468 -0.2733303463017499 0.95171662705639992 0.59501566205705914 -0.5637151536242716 0.070058809026427901 0.35035266138258436 -0.28645489422435111 -0.56464649908817732 -0.3805482596691166 0.32345556500367822 -0.01698042956284351 -0.39144479839347435 0.26963087717692058
leaf_weight=30 21 25 33 27 24 21 29 23 21 22 26 21 32 36 28 21
leaf_count=30 21 25 33 27 24 21 29 23 21 22 26 21 32 36 28 21
internal_value=1.19458e-09 0.071306 0.443308 -0.0288482 0.303162 -0.121376 -0.0515858 -0.1507 -0.148097 -0.0923471 -0.184394 -0.0525726 0.0749735 -0.0397977 -0.183316 0.0886132
internal_weight=440 297 63 234 51 183 158 137 143 122 101 75 54 108 51 57
internal_count=440 297 63 234 51 183 158 137 143 122 101 75 54 108 51 57
is_linear=0
shrinkage=0.05


Tree=79
num_leaves=18
num_cat=0
split_feature=11 8 16 5 3 5 5 20 13 22 19 6 11 6 10 4 3
split_gain=1921.36 4012.07 3864.52 2482.53 8090.33 1947.84 1828.38 1823.43 2137.88 1397.2 1365.1 1838.22 1090.6 1709.44 818.028 246.785 353.204
threshold=278.95999145507818 339.50000000000006 49.500000000000007 259.00000000000006 190.50000000000003 212.00000000000003 173.50000000000003 72.500000000000014 10.949999809265138 -0.37940999865531916 991.75000000000011 282.00000000000006 131.91999816894534 127.50000000000001 179.50000000000003 156.50000000000003 137.50000000000003
decision_type=8 10 8 10 10 10 8 10 8 2 8 8 10 8 10 8 10
left_child=1 2 -1 5 -5 6 7 8 -4 -8 -11 -12 -9 -14 15 16 -15
right_child=-2 -3 3 4 -6 -7 9 12 -10 10 11 -13 13 14 -16 -17 -18
leaf_value=-0.67198893399465653 -0.47880438864231112 0.71390603423118604 -0.20165708708492192 1.0257712825484899 -0.33162220659710112 -0.42077134203697952 0.4632763828000715 -0.41517320564564542 0.44281998315165122 -0.24729385301470758 0.46683921093742059 -0.12024356769397855 0.30314087772911247 -0.29358755636882655 -0.43853676406045755 0.044061495647543955 -0.0090834243479184819
leaf_weight=21 20 20 22 23 21 28 31 34 31 24 30 24 22 24 24 21 20
leaf_count=21 20 20 22 23 21 28 31 34 31 24 30 24 22 24 24 21 20
internal_value=2.04785e-10 0.0228002 -0.0117551 0.0248278 0.377924 -0.0215491 0.0148621 -0.0756727 0.175301 0.17932 0.0664651 0.205914 -0.167408 -0.0915159 -0.189071 -0.0969612 -0.164267
internal_weight=440 420 400 379 44 335 307 198 53 109 78 54 145 111 89 65 44
internal_count=440 420 400 379 44 335 307 198 53 109 78 54 145 111 89 65 44
is_linear=0
shrinkage=0.05


Tree=80
num_leaves=17
num_cat=0
split_feature=3 3 5 7 20 5 2 20 6 16 21 23 19 5 18 3
split_gain=1912.8 2911.78 1518.22 2496.41 4354.61 3564.52 2633.16 2325.17 1878.9 1483.61 690.595 542.727 954.819 641.69 1062.28 439.456
threshold=350.00000000000006 338.50000000000006 291.50000000000006 201.12500000000003 97.500000000000014 259.00000000000006 187.50000000000003 37.500000000000007 91.500000000000014 320.50000000000006 0.78656998276710521 1.0000000180025095e-35 991.35000610351574 161.50000000000003 -0.59499999880790699 214.00000000000003
decision_type=10 8 10 10 8 8 8 10 10 10 2 2 10 10 10 10
left_child=1 2 3 5 7 6 8 -5 -1 10 11 13 -13 14 -10 -9
right_child=-2 -3 -4 4 -6 -7 -8 15 9 -11 -12 12 -14 -15 -16 -17
leaf_value=-0.5251189403235913 -0.46566766330174042 0.5832594150846655 -0.33242914757945319 0.36490075571196423 0.89762939330190417 0.41455434799194341 -0.58139626238470166 -0.027408999204635621 -0.021194381349616584 0.37044985386627644 -0.27124995530554741 -0.055052265875479761 0.38033212661743165 0.14312147051095964 -0.46866688501267206 -0.35886639185249808
leaf_weight=20 21 22 33 35 20 35 28 20 36 22 33 34 20 20 21 20
leaf_count=20 21 22 33 35 20 35 28 20 36 22 33 34 20 20 21 20
internal_value=-6.7587e-10 0.023339 -0.00768939 0.0217513 0.242091 -0.0560637 -0.126455 0.0672802 -0.0646186 -0.0151025 -0.0668229 -0.015326 0.106201 -0.100553 -0.186053 -0.193138
internal_weight=440 419 397 364 95 269 234 75 206 186 164 131 54 77 57 40
internal_count=440 419 397 364 95 269 234 75 206 186 164 131 54 77 57 40
is_linear=0
shrinkage=0.05


Tree=81
num_leaves=17
num_cat=0
split_feature=13 6 6 21 4 12 5 19 20 17 18 13 15 5 11 19
split_gain=1724.65 1911.88 2000.31 3987.94 2604.11 2408.71 7700.81 2106.29 3319.14 1975.26 1344.68 966.668 922.696 1048.97 1490.07 192.305
threshold=19.349999427795414 116.50000000000001 150.50000000000003 0.60355499386787426 145.50000000000003 272.50000000000006 249.00000000000003 993.64999389648449 112.50000000000001 0.84499999880790722 -0.15500000119209287 11.84999990463257 2.185000061988831 159.50000000000003 197.09500122070315 989.35000610351574
decision_type=10 8 8 2 8 10 10 8 10 8 10 10 10 8 10 10
left_child=1 -1 3 4 -3 6 7 9 -9 10 -4 -6 13 15 -15 -11
right_child=-2 2 5 -5 11 -7 -8 8 -10 12 -12 -13 -14 14 -16 -17
leaf_value=0.40969320833683015 -0.38715771745752403 -0.41200543962143082 -0.50735307697738918 -0.74313730788230892 -0.0055505072629010235 -0.35167128486979393 0.89698164356606347 0.70983689367771152 -0.040102416111363309 0.051302571807588848 -0.001260339929943993 0.4355603991805212 -0.25541963905096055 0.58319803124124359 -0.0056279965809413364 -0.16267622712822188
leaf_weight=30 27 27 35 25 27 31 28 25 36 21 21 23 20 22 21 21
leaf_count=30 27 27 35 25 27 31 28 25 36 21 21 23 20 22 21 21
internal_value=-6.1044e-10 0.0253106 -0.00479775 -0.194456 -0.0163133 0.0640463 0.115595 0.0170421 0.26725 -0.0777571 -0.317568 0.197361 0.0501422 0.122039 0.295632 -0.0556868
internal_weight=440 413 383 102 77 281 250 222 61 161 56 50 105 85 43 42
internal_count=440 413 383 102 77 281 250 222 61 161 56 50 105 85 43 42
is_linear=0
shrinkage=0.05


Tree=82
num_leaves=18
num_cat=0
split_feature=20 14 19 8 21 6 7 7 18 24 11 6 4 21 13 14 2
split_gain=1602.12 3658.57 6249.12 3198.69 4168.14 9704.87 3013 4178.28 2442.1 1668.77 1120.77 2021.72 1120.41 630.115 598.508 463.331 383.798
threshold=187.50000000000003 83.500000000000014 991.10000610351574 309.75000000000006 0.37940999865531927 150.50000000000003 221.25000000000003 173.62500000000003 -0.34499999880790705 -0.56174498796463002 131.91999816894534 141.00000000000003 159.50000000000003 -0.60355499386787403 16.750000000000004 67.500000000000014 141.00000000000003
decision_type=10 8 10 10 2 10 8 10 10 2 10 10 8 2 10 10 10
left_child=1 2 -1 4 6 -6 7 13 -9 -8 -2 12 -12 -3 -13 -16 -15
right_child=10 3 -4 -5 5 -7 9 8 -10 -11 11 14 -14 16 15 -17 -18
leaf_value=-0.11787008926272394 -0.47488812917754769 0.19908172078430653 0.87921459060726748 -0.62955330759286887 -0.13746338121592999 1.2844533073902131 -0.098212186731398116 -0.27770651510128608 -1.0126080071926118 0.50437586417904601 -0.029542395218821439 -0.40380433693979728 0.45691324815154077 -0.25164856954731724 -0.28631545656360685 0.054026610106229778 0.047188746503421239
leaf_weight=30 21 28 33 20 30 20 20 26 20 27 29 33 20 22 20 20 21
leaf_count=30 21 28 33 20 30 20 20 26 20 27 29 33 20 22 20 20 21
internal_value=1.14235e-09 0.0662035 0.404412 -0.0248527 0.0316613 0.431303 -0.0901807 -0.226013 -0.597229 0.247955 -0.1375 -0.0794245 0.169011 0.0144927 -0.246182 -0.116144 -0.105705
internal_weight=440 297 63 234 214 50 164 117 46 47 143 122 49 71 73 40 43
internal_count=440 297 63 234 214 50 164 117 46 47 143 122 49 71 73 40 43
is_linear=0
shrinkage=0.05


Tree=83
num_leaves=19
num_cat=0
split_feature=16 23 21 5 5 21 6 15 22 3 13 12 21 21 6 6 2 13
split_gain=1672.92 2068.85 4336.16 2820.7 2942.57 2578.67 2921.16 1975.28 1921.38 1624.74 924.311 911.344 792.663 738.973 701.922 463.207 299.879 483.57
threshold=49.500000000000007 -0.87838000059127797 0.60355499386787426 309.00000000000006 259.00000000000006 0.60355499386787426 129.50000000000003 0.82499998807907116 -0.37940999865531916 144.50000000000003 16.050000190734867 149.50000000000003 1.0000000180025095e-35 1.0000000180025095e-35 166.50000000000003 225.50000000000003 188.50000000000003 11.750000000000002
decision_type=8 2 2 10 10 2 8 8 2 10 10 10 2 2 10 8 8 10
left_child=-1 2 14 4 5 7 -7 -3 10 -8 11 -9 -12 15 -2 16 17 -10
right_child=1 3 -4 -5 -6 6 9 8 13 -11 12 -13 -14 -15 -16 -17 -18 -19
leaf_value=-0.41513167671535323 -0.21176382814134873 0.47719754255734959 0.87365290983801802 -0.48753580187757817 0.60670070767402651 -0.71130852673109624 -0.34647534211667685 0.61189292132854467 -0.34608185333865032 0.19784939624188502 -0.18925708957016468 0.13457125350832941 0.25590114787220958 0.15556638822669078 0.20212321465834979 -0.031698129789249317 -0.41466260496526958 -0.0025499808788299562
leaf_weight=23 21 26 21 30 20 25 26 20 21 29 20 20 20 21 20 37 20 20
leaf_count=23 21 26 21 30 20 25 26 20 21 29 20 20 20 21 20 37 20 20
internal_value=1.02735e-09 0.022897 0.289389 -0.0236454 0.0191753 -0.019351 -0.263168 0.0673395 0.0137902 -0.0594678 0.203277 0.373232 0.033322 -0.113596 -0.00986771 -0.171273 -0.255934 -0.178505
internal_weight=440 417 62 355 325 305 80 225 199 55 80 40 40 119 41 98 61 41
internal_count=440 417 62 355 325 305 80 225 199 55 80 40 40 119 41 98 61 41
is_linear=0
shrinkage=0.05


Tree=84
num_leaves=18
num_cat=0
split_feature=16 23 21 5 19 15 21 6 6 5 14 11 16 18 6 13 4
split_gain=1509.81 1867.14 3913.38 2545.68 3103.92 6600.25 2773.99 4283.27 1730.09 1532.28 1987.95 1107.38 727.63 645.588 538.313 393.095 669.747
threshold=49.500000000000007 -0.87838000059127797 0.60355499386787426 309.00000000000006 994.25000000000011 1.4149999618530276 0.60355499386787426 145.50000000000003 121.50000000000001 173.50000000000003 90.500000000000014 223.19999694824222 313.50000000000006 0.10500000044703485 245.50000000000003 10.150000095367433 160.50000000000003
decision_type=8 2 2 10 10 10 2 8 8 8 8 10 10 10 8 10 8
left_child=-1 2 13 4 6 -6 8 -8 -3 12 14 -12 15 -2 -11 -10 -17
right_child=1 3 -4 -5 5 -7 7 -9 9 10 11 -13 -14 -15 -16 16 -18
leaf_value=-0.39437510189802749 -0.20299913031714306 0.43584351715716452 0.82997024499234695 -0.46315902074178061 0.8127256713369313 -0.15869732811891785 -0.89763631056184368 0.047826547443866732 -0.28515117235481741 0.1892829674888741 0.12909954616001673 -0.39075838580727579 -0.41871919713237071 0.19393171057105066 0.54319936633110044 -0.15854890278062306 0.18981977755373175
leaf_weight=23 21 22 21 30 34 36 23 25 20 22 21 20 22 20 21 37 22
leaf_count=23 21 22 21 30 34 36 23 25 20 22 21 20 22 20 21 37 22
internal_value=-1.73247e-09 0.0217521 0.27492 -0.0224631 0.0182165 0.313137 -0.062742 -0.405208 0.0166704 -0.0331772 0.124611 -0.12449 -0.164407 -0.00937433 0.362126 -0.093586 -0.0286487
internal_weight=440 417 62 355 325 70 255 48 207 185 84 41 101 41 43 79 59
internal_count=440 417 62 355 325 70 255 48 207 185 84 41 101 41 43 79 59
is_linear=0
shrinkage=0.05


Tree=85
num_leaves=17
num_cat=0
split_feature=3 3 5 19 5 8 8 7 16 13 8 11 19 19 19 14
split_gain=1697.63 2676.47 1395.88 9750.81 2286.15 2391.77 1944.13 2056.19 1389.19 2056.43 1211.32 1377.14 1289.91 542.148 579.753 322.452
threshold=350.00000000000006 338.50000000000006 277.50000000000006 993.75000000000011 249.00000000000003 203.75000000000003 168.50000000000003 193.12500000000003 307.50000000000006 10.250000000000002 124.75000000000001 131.91999816894534 993.75000000000011 993.04998779296886 992.35000610351574 88.500000000000014
decision_type=10 8 10 10 8 10 10 10 10 10 10 10 10 10 10 10
left_child=1 2 4 -4 5 6 10 -8 9 -7 11 -1 13 14 15 -12
right_child=-2 -3 3 -5 -6 8 7 -9 -10 -11 12 -13 -14 -15 -16 -17
leaf_value=-0.54761093407869343 -0.43869456109546479 0.55880658951672646 0.51869048178195953 -1.0067267932675101 0.39096361433989124 -0.043917098286606018 -0.62812774296729801 0.012658061300005234 -0.11105759989308275 0.57867542637719049 -0.20143267007713972 -0.037296866587339307 0.34429145073217732 -0.25845573335886002 0.25029743242670194 0.048860120773315432
leaf_weight=20 21 22 20 22 38 21 31 21 23 36 22 39 31 20 22 31
leaf_count=20 21 22 20 22 38 21 31 21 23 36 22 39 31 20 22 31
internal_value=-4.52115e-10 0.0219871 -0.00776111 -0.280338 0.0244874 -0.0194435 -0.0992377 -0.369349 0.216947 0.349299 -0.0233145 -0.210285 0.064235 -0.0271519 0.0345292 -0.055035
internal_weight=440 419 397 42 355 317 237 52 80 57 185 59 126 95 75 53
internal_count=440 419 397 42 355 317 237 52 80 57 185 59 126 95 75 53
is_linear=0
shrinkage=0.05


Tree=86
num_leaves=18
num_cat=0
split_feature=20 14 19 8 21 7 5 7 12 8 12 6 18 15 13 21 9
split_gain=1396.8 3118.01 5615.69 3213.49 4024.93 8102.21 2832.56 1678.45 1581.92 1025.24 790.447 1484.58 1351.43 613.098 483.545 368.24 166.308
threshold=187.50000000000003 86.500000000000014 991.10000610351574 303.75000000000006 0.37940999865531927 175.50000000000003 212.00000000000003 221.25000000000003 191.50000000000003 181.75000000000003 128.00000000000003 143.50000000000003 -0.90500000119209278 1.544999957084656 16.550000190734867 -0.60355499386787403 150.50000000000003
decision_type=10 8 10 10 2 10 10 8 10 10 10 10 10 10 10 2 10
left_child=1 2 13 4 6 -6 7 9 -4 15 -2 12 -12 -1 -13 -3 -17
right_child=10 3 8 -5 5 -7 -8 -9 -10 -11 11 14 -14 -15 -16 16 -18
leaf_value=-0.2440317120552063 -0.41172758865924114 0.12910716006687534 1.0163839990442449 -0.64600719690322883 -0.1330840675426381 1.1845605576038361 -0.6653788501024247 0.30864168313042872 0.4096813551017216 -0.40855234066645307 -0.1634683215747709 -0.37734274364286857 0.34975315760178816 0.12738042771816255 -0.11278271835583907 -0.21610103980416345 -0.021484813984969389
leaf_weight=25 21 24 22 20 28 20 20 29 21 24 23 31 29 20 39 21 23
leaf_count=25 21 24 22 20 28 20 20 29 21 24 23 31 29 20 39 21 23
internal_value=3.91579e-10 0.061816 0.311484 -0.0433072 0.0204705 0.415935 -0.114155 -0.0230442 0.720087 -0.127597 -0.128387 -0.0796154 0.122751 -0.0789596 -0.229945 -0.0284368 -0.11437
internal_weight=440 297 88 209 189 48 141 121 43 92 143 122 52 45 70 68 44
internal_count=440 297 88 209 189 48 141 121 43 92 143 122 52 45 70 68 44
is_linear=0
shrinkage=0.05


Tree=87
num_leaves=17
num_cat=0
split_feature=3 3 5 19 5 8 2 16 13 12 8 3 12 16 12 8
split_gain=1465.48 2461.83 1247.46 8696.16 2031.2 2004.22 1788.64 1264.4 1720.76 982.44 1758.46 1648.88 633.872 1199.21 546.904 448.933
threshold=350.00000000000006 338.50000000000006 277.50000000000006 993.75000000000011 249.00000000000003 203.75000000000003 187.50000000000003 313.50000000000006 10.250000000000002 147.50000000000003 124.75000000000001 134.50000000000003 155.50000000000003 269.50000000000006 128.00000000000003 147.25000000000003
decision_type=10 8 10 10 8 10 8 10 10 10 10 10 10 10 10 10
left_child=1 2 4 -4 5 6 9 8 -7 10 14 -12 -11 -14 -1 -13
right_child=-2 -3 3 -5 -6 7 -8 -9 -10 12 11 15 13 -15 -16 -17
leaf_value=-0.38521055184304714 -0.40759761787596205 0.53527262644334284 0.48879996418952942 -0.95176200216466733 0.36782148517668251 -0.041707740227381392 -0.4461558753444303 -0.12538545483892613 0.52496631387117743 -0.35663155070666613 0.50830792859196661 -0.14186561246487228 -0.28537910351409551 0.16604459881782532 -0.034420840859413153 0.17406488618125088
leaf_weight=20 21 22 20 22 38 21 31 22 37 29 28 22 31 28 25 23
leaf_count=20 21 22 20 22 38 21 31 22 37 29 28 22 31 28 25 23
internal_value=-2.62908e-09 0.0204285 -0.00810189 -0.26578 0.022384 -0.0190249 -0.0920688 0.197368 0.319791 -0.0387839 0.0555113 0.207056 -0.165225 -0.0711441 -0.190327 0.01961
internal_weight=440 419 397 42 355 317 237 80 58 206 118 73 88 59 45 45
internal_count=440 419 397 42 355 317 237 80 58 206 118 73 88 59 45 45
is_linear=0
shrinkage=0.05


Tree=88
num_leaves=17
num_cat=0
split_feature=2 15 5 19 3 5 17 2 9 18 14 15 14 24 18 19
split_gain=1370.1 2056.44 4989.87 3160.03 1372.59 1877.66 1651.54 683.621 741.011 558.513 1440.59 983.158 452.68 312.716 381.406 507.468
threshold=351.50000000000006 0.82499998807907116 165.50000000000003 992.75000000000011 81.500000000000014 221.00000000000003 -0.82500001788139332 247.50000000000003 212.35500335693362 -1.205000042915344 85.500000000000014 1.5249999761581423 75.500000000000014 -0.56174498796463002 -0.15500000119209287 992.54998779296886
decision_type=8 10 8 8 10 10 10 10 10 10 10 10 10 2 10 10
left_child=1 2 -1 -4 -3 7 -7 8 9 -6 11 -11 -13 -12 15 -15
right_child=-2 4 3 -5 5 6 -8 -9 -10 10 13 12 -14 14 -16 -17
leaf_value=-0.20068567015907984 -0.34507416310133759 0.35187219300053341 1.0757899695634843 0.20740194862539119 -0.22942097778229611 -0.021948984146118164 -0.57220525650928422 0.24264571108640387 -0.28487798905372624 0.42741006602501053 0.071021370396018024 0.20595938681811093 -0.1014040901852043 -0.055497758999905167 0.060791364125907424 -0.33520951626762269
leaf_weight=33 27 22 20 22 23 25 30 26 25 29 25 25 23 34 20 31
leaf_count=33 27 22 20 22 23 25 30 26 25 29 25 25 23 34 20 31
internal_value=4.66085e-10 0.0225593 0.259414 0.62092 -0.0299971 -0.0565829 -0.322089 -0.000633404 -0.0275494 0.00308497 0.031682 0.197553 0.0586811 -0.0844278 -0.130148 -0.188899
internal_weight=440 413 75 42 338 316 55 261 235 210 187 77 48 110 85 65
internal_count=440 413 75 42 338 316 55 261 235 210 187 77 48 110 85 65
is_linear=0
shrinkage=0.05


Tree=89
num_leaves=17
num_cat=0
split_feature=16 14 13 15 20 20 3 10 13 11 22 10 17 18 11 12
split_gain=1400.29 1492.95 1497.37 3567.49 4681.78 1454.64 1357.83 3032.46 1712.64 1312.15 2010.19 2112.16 1240.16 962.872 663.125 428.752
threshold=49.500000000000007 64.500000000000014 9.0500001907348651 0.82499998807907116 47.500000000000007 57.500000000000007 207.50000000000003 208.00000000000003 11.84999990463257 166.46999359130862 -1.0000000180025095e-35 115.50000000000001 1.4550000429153445 -0.22499999403953549 205.11000061035159 145.50000000000003
decision_type=8 8 8 8 10 10 8 8 8 10 2 10 8 10 10 10
left_child=-1 -2 5 4 -4 -3 9 -8 -9 10 11 -5 14 15 -11 -12
right_child=1 2 3 6 -6 -7 7 8 -10 12 13 -13 -14 -15 -16 -17
leaf_value=-0.37980105423409011 -0.31289099222349548 -0.54339552968740468 0.082587063408667047 -0.088903302238101056 1.0638033071160318 0.059647075054235756 0.72148994415998458 -0.28704041419205845 0.23377713521844462 -0.5652319477628106 -0.11660516394509211 0.56952670216560364 0.034420813139407862 0.1619231792571752 -0.19666603342271771 -0.40088739430620557
leaf_weight=23 31 20 31 21 20 20 20 27 38 23 36 29 31 23 26 21
leaf_count=23 31 20 31 21 20 20 20 27 38 23 36 29 31 23 26 21
internal_value=7.80406e-10 0.0209483 0.0477592 0.0812428 0.467378 -0.241874 0.0144873 0.183097 0.0174375 -0.0537595 0.0442855 0.292986 -0.213083 -0.111152 -0.369666 -0.221341
internal_weight=440 417 386 346 51 40 295 85 65 210 130 50 80 80 49 57
internal_count=440 417 386 346 51 40 295 85 65 210 130 50 80 80 49 57
is_linear=0
shrinkage=0.05


Tree=90
num_leaves=18
num_cat=0
split_feature=4 9 5 11 5 2 5 10 3 4 19 9 24 6 4 3 3
split_gain=1309.23 3151.49 2399.4 5911.34 2068.05 1757.47 1228.99 1523.91 2149.99 1016.15 957.046 710.566 2279.51 1295.11 696.626 474.518 327.437
threshold=350.00000000000006 285.50000000000006 249.00000000000003 259.02500915527349 212.00000000000003 237.50000000000003 173.50000000000003 176.50000000000003 203.50000000000003 207.50000000000003 993.75000000000011 131.51499938964847 1.0000000180025095e-35 141.00000000000003 174.50000000000003 142.50000000000003 150.50000000000003
decision_type=10 10 10 10 10 10 8 10 10 10 10 10 2 8 8 10 8
left_child=1 2 4 -4 5 6 7 10 -9 14 11 12 -1 -13 15 -8 -15
right_child=-2 -3 3 -5 -6 -7 9 8 -10 -11 -12 13 -14 16 -16 -17 -18
leaf_value=-0.62882270926520945 0.38525517611276539 -0.46657792892720967 0.88556208372116085 -0.22514561881189762 -0.47184005901217463 0.37364045910537247 0.33565317392349248 -0.69360868982646773 0.015223572328686714 0.43546439398080117 0.20711039716706559 0.29136667956411838 0.091692772321403035 -0.30958881326077975 -0.14163686535321177 -0.0046481025218963624 -0.030056542293591934
leaf_weight=21 21 36 25 23 24 30 21 23 20 20 34 25 23 20 32 20 22
leaf_count=21 21 36 25 23 24 30 21 23 20 20 34 25 23 20 32 20 22
internal_value=2.49499e-11 -0.0193087 0.0227322 0.353348 -0.0246396 0.00987108 -0.0289655 -0.10251 -0.363919 0.119706 -0.0249893 -0.0960828 -0.25219 0.00643503 0.0331969 0.169653 -0.163167
internal_weight=440 419 383 48 335 311 281 188 43 93 145 111 44 67 73 41 42
internal_count=440 419 383 48 335 311 281 188 43 93 145 111 44 67 73 41 42
is_linear=0
shrinkage=0.05


Tree=91
num_leaves=17
num_cat=0
split_feature=16 23 21 5 5 20 21 6 10 23 22 6 4 9 15 9
split_gain=1245.09 1609.03 3147.26 1795.73 2355.58 2402.94 1411.54 2210.63 1233.73 1316.15 1370.9 1127.27 636.062 598.881 348.979 284.733
threshold=49.500000000000007 -0.87838000059127797 0.60355499386787426 309.00000000000006 259.00000000000006 32.500000000000007 0.60355499386787426 129.50000000000003 210.50000000000003 1.0000000180025095e-35 -0.37940999865531916 209.50000000000003 174.50000000000003 190.140007019043 1.9950000047683718 156.21499633789065
decision_type=8 2 2 10 10 8 2 8 10 2 2 8 8 10 10 8
left_child=-1 2 13 4 5 -3 8 -8 9 12 -11 -9 14 -2 -7 -12
right_child=1 3 -4 -5 -6 6 7 11 -10 10 15 -13 -14 -15 -16 -17
leaf_value=-0.35813555795213453 -0.18666921108961107 0.41136274152788621 0.75253493161428553 -0.39142516016960149 0.53854271739721304 -0.31529610846881517 -0.63392366790771493 0.11794961040670222 -0.2548935462896888 0.41796703204894681 -0.12073038142351877 -0.34410899952054025 0.11066609360277653 0.19563376963138582 -0.043527832201548988 0.12900967824459075
leaf_weight=23 21 29 21 30 20 27 25 33 37 39 21 22 26 20 21 25
leaf_count=23 21 29 21 30 20 27 25 33 37 39 21 22 26 20 21 25
internal_value=4.69048e-10 0.0197533 0.254772 -0.0212922 0.0128739 -0.0215962 -0.0670882 -0.244077 0.00515202 0.0656658 0.19989 -0.0668738 -0.0885103 -0.000179952 -0.196397 0.0149979
internal_weight=440 417 62 355 325 305 276 80 196 159 85 55 74 41 48 46
internal_count=440 417 62 355 325 305 276 80 196 159 85 55 74 41 48 46
is_linear=0
shrinkage=0.05


Tree=92
num_leaves=18
num_cat=0
split_feature=23 15 10 5 6 6 9 15 3 20 17 10 2 3 14 19 20
split_gain=1248.8 1805.14 1647 6205.82 5540.09 2797.24 2537.34 2301.77 1657.81 1404.48 1235.94 1799.58 588.895 583.804 529.141 475.821 728.377
threshold=0.87838000059127819 1.1549999713897707 241.00000000000003 249.00000000000003 191.50000000000003 210.50000000000003 198.64499664306643 1.2050000429153445 176.50000000000003 32.500000000000007 1.4200000166893008 137.50000000000003 146.50000000000003 199.50000000000003 77.500000000000014 989.75000000000011 192.50000000000003
decision_type=2 10 10 10 8 8 10 8 10 10 8 10 10 10 10 10 10
left_child=2 -2 3 5 -4 6 8 -7 10 -6 11 -1 -9 14 -3 -12 -17
right_child=1 13 4 -5 9 7 -8 12 -10 -11 15 -13 -14 -15 -16 16 -18
leaf_value=0.60345214074072639 -0.56070274507457563 0.041609406482893976 -0.82961479425430307 0.74923131540417676 0.45380182266235353 -0.70333528944424228 0.50581436639820987 0.12433830886369659 -0.38984606351171225 -0.13165622438703264 0.15432661260877337 0.045810403502904454 -0.24188127796287123 0.16560561732470019 -0.31004081711820936 0.023119094832377 -0.34829745807430967
leaf_weight=23 22 20 22 32 20 21 33 21 21 21 21 39 23 23 23 33 22
leaf_count=23 22 20 22 32 20 21 33 21 21 21 21 39 23 23 23 33 22
internal_value=2.64898e-09 -0.168469 0.0421173 0.0926144 -0.189528 0.0108566 0.106835 -0.272649 0.0240282 0.153933 0.0870091 0.252677 -0.0670947 -0.0377246 -0.146483 -0.0481415 -0.125448
internal_weight=440 88 352 289 63 257 192 65 159 41 138 62 44 66 43 76 55
internal_count=440 88 352 289 63 257 192 65 159 41 138 62 44 66 43 76 55
is_linear=0
shrinkage=0.05


Tree=93
num_leaves=18
num_cat=0
split_feature=19 12 11 10 3 6 6 19 5 19 22 20 15 6 5 15 2
split_gain=1132.37 1996.98 5544.98 2870.27 3883.71 1453.09 1246.93 1472.6 1052.07 1032.72 2566.5 3484.58 1695.85 867.842 1245.22 828.679 622.906
threshold=991.45001220703136 263.00000000000006 249.07500457763675 241.00000000000003 209.50000000000003 117.50000000000001 232.50000000000003 989.04998779296886 199.50000000000003 993.85000610351574 0.37940999865531927 270.00000000000006 1.2599999904632571 145.50000000000003 161.50000000000003 1.5549999475479128 190.50000000000003
decision_type=8 8 10 10 8 8 8 10 10 10 2 10 8 10 10 10 10
left_child=6 2 3 4 5 -2 7 15 -9 12 11 -11 -7 -14 -15 -1 -8
right_child=1 -3 -4 -5 -6 9 16 8 -10 10 -12 -13 13 14 -16 -17 -18
leaf_value=-0.22734247486699713 0.37432371402780218 -0.28616344654882275 0.9061372228339315 -0.45653797709024868 0.62701166292031607 -0.47511774152517322 -0.089956635022535925 -0.55405023374101692 -0.11619890098986418 0.81829714750871063 -0.32346951108087196 -0.10387596275125231 -0.26297590847719804 -0.14757244544369835 0.39692881043468203 0.18960923323264489 0.29158026239146356
leaf_weight=22 24 37 20 26 30 28 20 34 23 20 22 21 22 21 21 26 23
leaf_count=22 24 37 20 26 30 28 20 34 23 20 22 21 22 21 21 26 23
internal_value=5.4567e-10 0.0571054 0.106913 0.0388939 0.100527 0.0122889 -0.112667 -0.205543 -0.377373 -0.0437682 0.112194 0.345965 -0.150568 -0.00857791 0.124678 -0.00149363 0.114121
internal_weight=440 292 255 235 209 179 148 105 57 155 63 41 92 64 42 48 43
internal_count=440 292 255 235 209 179 148 105 57 155 63 41 92 64 42 48 43
is_linear=0
shrinkage=0.05


Tree=94
num_leaves=16
num_cat=0
split_feature=4 9 23 15 20 11 21 15 23 16 13 20 18 6 15
split_gain=1173.12 2636.31 1589.43 3178.26 3077.51 5358.26 2368.26 2107.35 1946.44 956.587 1199.94 870.363 588.962 391.636 335.314
threshold=350.00000000000006 285.50000000000006 0.87838000059127819 1.485000014305115 47.500000000000007 197.09500122070315 -0.37940999865531916 1.2400000095367434 1.0000000180025095e-35 306.50000000000006 17.44999980926514 205.00000000000003 -0.1950000002980232 252.50000000000003 1.9950000047683718
decision_type=10 10 2 10 8 10 2 10 2 10 10 10 10 8 10
left_child=1 2 3 4 6 8 -1 -4 -6 10 11 12 14 -9 -5
right_child=-2 -3 7 9 5 -7 -8 13 -10 -11 -12 -13 -14 -15 -16
leaf_value=0.21245224870020346 0.36468100718089513 -0.42735839751031668 -0.62446380913257604 -0.21437912998454914 -0.11647253988776357 0.97838025642880089 -0.47524275666191462 -0.19324434345418759 0.43943856993029196 -0.34085237445502448 0.30451972047271941 -0.39094801604747775 0.16403639135616166 0.075973223873547158 0.020138583125339615
leaf_weight=31 21 36 20 35 32 29 21 22 31 29 23 20 28 35 27
leaf_count=31 21 36 20 35 32 29 21 22 31 29 23 20 28 35 27
internal_value=-1.98033e-09 -0.0182776 0.0201739 0.0712686 0.242183 0.415962 -0.0652707 -0.182878 0.157071 -0.0806558 -0.0239212 -0.0925952 -0.0262945 -0.0279353 -0.11225
internal_weight=440 419 383 306 144 92 52 77 63 162 133 110 90 57 62
internal_count=440 419 383 306 144 92 52 77 63 162 133 110 90 57 62
is_linear=0
shrinkage=0.05


Tree=95
num_leaves=18
num_cat=0
split_feature=16 23 11 19 15 15 5 10 12 12 12 6 11 5 6 5 8
split_gain=1088.12 1302.58 2826.84 1970.07 4702.38 1538.21 1911.6 3325.2 1444.48 944.263 1597.25 1108.32 844.884 740.851 577.68 385.284 177.877
threshold=49.500000000000007 -0.87838000059127797 205.11000061035159 994.25000000000011 1.3049999475479128 1.3049999475479128 210.50000000000003 223.50000000000003 147.50000000000003 155.50000000000003 147.50000000000003 210.50000000000003 166.46999359130862 134.50000000000003 136.50000000000003 204.50000000000003 133.25000000000003
decision_type=8 2 10 8 8 10 10 10 10 10 8 8 10 10 10 8 10
left_child=-1 2 8 5 -5 6 7 13 -2 10 14 -11 -6 -3 -7 -13 -16
right_child=1 3 -4 4 12 9 -8 -9 -10 11 -12 15 -14 -15 16 -17 -18
leaf_value=-0.33480108717213508 0.2924070824682713 -0.15838790701871569 0.70166859130064652 0.64693848955280642 0.12146529059179806 0.13880117980910367 -0.65777740029787479 0.36834121113238127 -0.30132919720241003 0.33403710342115828 -0.50184460913762452 0.10790846388448368 -0.28944144076828299 -0.56008375414336731 -0.030173841189770473 -0.18800479674881154 -0.23852531597018245
leaf_weight=23 20 22 21 34 22 38 22 23 21 36 20 22 29 24 21 22 20
leaf_count=23 20 22 21 34 22 38 22 23 21 36 20 22 29 24 21 22 20
internal_value=5.39532e-10 0.0184662 0.229924 -0.0184643 0.191463 -0.0845525 -0.251932 -0.122532 -0.0117017 0.000539732 -0.102693 0.12829 -0.112188 -0.367968 -0.00164193 -0.0400482 -0.131809
internal_weight=440 417 62 355 85 270 91 69 41 179 99 80 51 46 79 44 41
internal_count=440 417 62 355 85 270 91 69 41 179 99 80 51 46 79 44 41
is_linear=0
shrinkage=0.05


Tree=96
num_leaves=17
num_cat=0
split_feature=15 3 14 19 21 12 20 19 11 20 18 6 6 16 6 12
split_gain=1073.88 1153.03 1033.33 2791.37 3977.71 2941.39 2463.11 4131.77 1597.94 1190.33 1502.23 781.398 831.815 679.418 553.15 388.127
threshold=2.5349999666213994 81.500000000000014 86.500000000000014 992.75000000000011 1.0000000180025095e-35 218.75000000000003 187.50000000000003 991.10000610351574 191.2799987792969 342.50000000000006 -0.65500000119209278 225.50000000000003 161.50000000000003 311.50000000000006 183.50000000000003 164.25000000000003
decision_type=10 10 10 10 2 10 10 8 10 10 10 8 10 10 8 10
left_child=1 -1 6 4 11 13 7 -3 -9 -8 -11 12 -4 15 -12 -5
right_child=-2 2 3 5 -6 -7 9 8 -10 10 14 -13 -14 -15 -16 -17
leaf_value=0.37815859637090138 -0.35795660458505152 -0.10246828705877871 0.032031445102445009 -0.08919427428733219 0.72377941352980479 -0.6757528059681257 -0.29902129020345841 0.90217674037684559 0.3061287143013694 0.2902040052775513 0.028885492980480196 0.2128722333908081 -0.35744313884239931 0.12168143934011461 -0.33853112601098562 -0.36833477653563024
leaf_weight=21 20 37 29 33 21 30 38 23 22 34 20 20 26 25 21 20
leaf_count=21 20 37 29 33 21 30 38 23 22 34 20 20 26 25 21 20
internal_value=-4.73705e-10 0.0170456 -0.0019604 -0.0806297 0.115544 -0.255006 0.0803398 0.288946 0.610775 -0.0710382 0.0444732 -0.0547622 -0.152084 -0.0931804 -0.159304 -0.19453
internal_weight=440 420 399 204 96 108 195 82 45 113 75 75 55 78 41 53
internal_count=440 420 399 204 96 108 195 82 45 113 75 75 55 78 41 53
is_linear=0
shrinkage=0.05


Tree=97
num_leaves=17
num_cat=0
split_feature=4 9 9 21 4 8 8 16 21 19 20 4 14 24 4 3
split_gain=1072.18 2336.92 1364.21 3901.85 5944.77 2097.57 3131.51 1561.2 1276.26 1524.79 1204.15 1104.95 518.037 771.67 502.309 529.834
threshold=350.00000000000006 285.50000000000006 198.64499664306643 -0.37940999865531916 221.00000000000003 183.00000000000003 171.75000000000003 289.50000000000006 0.60355499386787426 992.35000610351574 42.500000000000007 131.50000000000003 76.500000000000014 -0.56174498796463002 132.50000000000003 145.50000000000003
decision_type=10 10 10 2 8 10 8 10 2 10 8 8 10 2 8 8
left_child=1 2 5 10 -5 6 8 -7 12 -10 -4 -11 -1 -14 -15 -16
right_child=-2 -3 3 4 -6 7 -8 -9 9 11 -12 -13 13 14 15 -17
leaf_value=0.21635965190827849 0.34863801059268773 -0.40262640201383171 0.12618917513352176 1.1333060351865631 0.020429686350481854 -0.68507310539484034 0.58659308376637376 -0.06781565972736904 -0.5151888838181129 0.22205474850806325 -0.34635464612926758 -0.25146160572767257 0.25077880024909976 -0.25863747562353429 0.17902816581726075 -0.12817965233698489
leaf_weight=35 21 36 26 21 28 20 22 21 26 22 28 28 23 26 25 32
leaf_count=35 21 36 26 21 28 20 22 21 26 22 28 28 23 26 25 32
internal_value=1.59933e-09 -0.0174735 0.0187289 0.174315 0.497377 -0.0385046 0.018177 -0.368917 -0.0394505 -0.204614 -0.118834 -0.0431144 0.0495736 -0.00549723 -0.0765135 0.00656062
internal_weight=440 419 383 103 49 280 239 41 217 76 54 50 141 106 83 57
internal_count=440 419 383 103 49 280 239 41 217 76 54 50 141 106 83 57
is_linear=0
shrinkage=0.05


Tree=98
num_leaves=16
num_cat=0
split_feature=16 20 21 8 5 20 19 6 19 17 2 23 14 19 16
split_gain=1046.25 1234.18 2665.21 9006.19 2166.35 1601.3 1049.34 919.234 1190.68 915.507 989.446 924.669 839.19 622.276 337.189
threshold=49.500000000000007 222.50000000000003 0.37940999865531927 171.75000000000003 203.50000000000003 22.500000000000004 992.85000610351574 191.50000000000003 992.14999389648449 0.075000001117587103 210.50000000000003 -1.0000000180025095e-35 85.500000000000014 993.95001220703136 294.50000000000006
decision_type=8 10 2 10 10 8 10 10 10 8 10 2 10 10 10
left_child=-1 2 4 -4 5 -2 -6 8 -3 -7 11 -11 -13 -10 -14
right_child=1 7 3 -5 6 9 -8 -9 13 10 -12 12 14 -15 -16
leaf_value=-0.32829586060150812 0.48395194496427268 -0.23778753974229883 -0.14850672433773679 1.072726028297956 -0.10854406582898107 0.27670166656888767 -0.57931800022721291 -0.34367653303074119 0.33243290998718961 -0.21855871805714236 -0.29201346399455236 0.30944902305217353 0.10257351723100459 -0.039524010730826342 -0.15900453870946712
leaf_weight=23 21 38 36 26 29 29 20 33 22 27 29 34 28 23 22
leaf_count=23 21 38 36 26 29 29 20 33 22 27 29 34 28 23 22
internal_value=8.42847e-10 0.0181074 0.0715069 0.363623 -0.00427217 0.0721742 -0.300697 -0.120455 -0.0317043 0.0210065 -0.0319589 0.0359832 0.1178 0.142322 -0.0125208
internal_weight=440 417 301 62 239 190 49 116 83 169 140 111 84 45 50
internal_count=440 417 301 62 239 190 49 116 83 169 140 111 84 45 50
is_linear=0
shrinkage=0.05


Tree=99
num_leaves=18
num_cat=0
split_feature=2 13 3 15 15 5 3 14 19 5 14 22 2 19 13 22 22
split_gain=1038.4 1772.03 2634.69 1273.21 4223.15 972.441 1129.35 740.415 700.763 925.178 414.147 393.89 511.735 708.235 614.985 620.515 613.46
threshold=351.50000000000006 18.550000190734867 338.50000000000006 0.82499998807907116 0.61000001430511486 241.00000000000003 197.00000000000003 75.500000000000014 994.25000000000011 143.50000000000003 68.500000000000014 -0.78656998276710499 149.50000000000003 992.75000000000011 13.250000000000002 0.60355499386787426 0.78656998276710521
decision_type=8 10 8 10 8 10 10 10 10 10 10 2 10 10 10 2 2
left_child=1 2 3 4 -1 7 -7 10 11 -10 -5 -9 16 14 15 -14 -13
right_child=-2 -3 -4 5 -6 6 -8 8 9 -11 -12 12 13 -15 -16 -17 -18
leaf_value=-0.092282097081880315 -0.30041378140449526 -0.33773004449903965 0.54582145750522615 0.043739660607562181 0.79546960421970914 -0.52197035789489754 0.0093833675980567952 -0.26738771122434868 0.38923409574088597 -0.065202939137816426 0.35775631467501323 0.26649146911998595 0.2795278865098953 -0.34923107968643308 -0.24762954984022226 -0.085119261273315983 -0.075248953032082525
leaf_weight=37 27 32 25 21 21 20 20 23 21 24 21 24 20 24 23 28 29
leaf_count=37 27 32 25 21 21 20 20 23 21 24 21 24 20 24 23 28 29
internal_value=-1.64294e-09 0.0196396 0.0496549 0.0148118 0.229145 -0.0269041 -0.256293 0.00866012 -0.0286903 0.146868 0.200748 -0.0748898 -0.0449745 -0.114419 -0.0350459 0.0668171 0.0795014
internal_weight=440 413 381 356 58 298 40 258 216 45 42 171 148 95 71 48 53
internal_count=440 413 381 356 58 298 40 258 216 45 42 171 148 95 71 48 53
is_linear=0
shrinkage=0.05


Tree=100
num_leaves=18
num_cat=0
split_feature=11 7 7 5 3 3 15 15 19 22 16 14 13 19 12 6 3
split_gain=1026.75 2336.66 2168.96 2210.32 2856.64 1123.96 2861.84 2377.67 772.234 1266.84 1198.08 606.92 942.599 356.516 345.79 554.459 309.609
threshold=278.95999145507818 338.37500000000006 294.87500000000006 259.00000000000006 186.50000000000003 202.50000000000003 1.0249999761581423 0.88499999046325695 993.64999389648449 -1.0000000180025095e-35 307.50000000000006 75.500000000000014 14.250000000000002 992.04998779296886 130.50000000000003 159.50000000000003 132.50000000000003
decision_type=8 8 10 10 10 10 10 8 10 2 10 10 10 10 10 10 10
left_child=1 2 3 5 -5 7 -7 -1 10 -10 11 -9 14 -8 -13 -16 -11
right_child=-2 -3 -4 4 -6 6 13 8 9 16 -12 12 -14 -15 15 -17 -18
leaf_value=-0.43793776803895046 -0.35001357346773149 0.54408948421478276 -0.50432840379930688 0.79176094055175783 -0.05331950545310974 0.6594392335414887 0.10291812630991143 0.17039412096948237 0.46776983857154852 -0.15841103661805392 -0.34682501630647289 0.19051597496494652 -0.37351717926561834 -0.15562922469029825 -0.2162317059658192 0.093692811284094096 0.11646958351844834
leaf_weight=38 20 20 21 20 20 20 24 37 20 20 31 20 20 30 27 31 21
leaf_count=38 20 20 21 20 20 20 24 37 20 20 31 20 20 30 27 31 21
internal_value=-1.18352e-09 0.0166673 -0.0097038 0.0177028 0.369221 -0.0237742 0.148513 -0.0718845 -0.0106069 0.141525 -0.0665108 -0.00214237 -0.0672837 -0.0407193 0.0112377 -0.0505824 -0.0176185
internal_weight=440 420 400 379 40 339 74 265 227 61 166 135 98 54 78 58 41
internal_count=440 420 400 379 40 339 74 265 227 61 166 135 98 54 78 58 41
is_linear=0
shrinkage=0.05


Tree=101
num_leaves=17
num_cat=0
split_feature=2 13 3 15 20 22 12 3 17 11 3 11 11 18 19 19
split_gain=972.1 1567.04 2343.59 1109.5 6099.87 741.266 1352.03 1032.63 810.191 456.634 437.762 734.482 429.547 312.894 455.031 108.405
threshold=351.50000000000006 18.550000190734867 338.50000000000006 0.82499998807907116 47.500000000000007 -0.37940999865531916 144.50000000000003 207.50000000000003 0.81999999284744274 241.2850036621094 160.50000000000003 166.46999359130862 183.71499633789065 -0.35500000417232508 992.85000610351574 991.35000610351574
decision_type=8 10 8 10 10 2 10 10 10 10 10 10 10 10 10 10
left_child=1 2 3 4 -1 6 -5 8 -8 10 11 13 15 14 -7 -12
right_child=-2 -3 -4 5 -6 9 7 -9 -10 -11 12 -13 -14 -15 -16 -17
leaf_value=-0.20122189990111761 -0.29066470618601198 -0.31706192139536143 0.51518199050426483 0.34236224668737342 0.84698322959568184 -0.28362738585666469 -0.39893387258052826 0.23597695366902785 0.025484952201013978 -0.30750064276158812 0.003194619119167328 -0.35995558322221044 0.15323305322151437 0.08156048143603678 0.038289199698539007 -0.15945855634553094
leaf_weight=35 27 32 25 34 23 23 22 22 23 20 20 25 38 29 21 21
leaf_count=35 27 32 25 34 23 23 22 22 23 20 20 25 38 29 21 21
internal_value=1.43955e-09 0.0190023 0.0472282 0.0143662 0.214446 -0.0245754 0.0855586 -0.0447597 -0.182009 -0.08104 -0.0554513 -0.126051 0.0321281 -0.0459466 -0.129985 -0.0801155
internal_weight=440 413 381 356 58 298 101 67 45 197 177 98 79 73 44 41
internal_count=440 413 381 356 58 298 101 67 45 197 177 98 79 73 44 41
is_linear=0
shrinkage=0.05


Tree=102
num_leaves=16
num_cat=0
split_feature=16 20 23 15 19 15 15 20 14 6 19 15 11 6 9
split_gain=947.95 1105.26 1451.78 2263.12 1474.77 4156.13 1081.75 1727.44 1139.21 712.693 812.427 757.797 699.434 612.197 323.761
threshold=49.500000000000007 615.00000000000011 -0.87838000059127797 0.97499999403953563 994.25000000000011 1.3049999475479128 1.3049999475479128 32.500000000000007 82.500000000000014 150.50000000000003 991.25000000000011 1.5800000429153445 166.46999359130862 156.50000000000003 158.64499664306643
decision_type=8 10 2 10 8 8 10 10 10 8 10 10 10 10 10
left_child=-1 2 3 -2 6 -6 7 -4 -9 10 -8 -11 -7 -13 -15
right_child=1 -3 4 -5 5 12 9 8 -10 11 -12 13 -14 14 -16
leaf_value=-0.31249310218769577 0.70309838056564333 -0.24758054961760842 0.12163304841076886 0.045999513762561901 0.64019535698236962 0.10972699997099965 0.059086932038719009 -0.12301808641507075 -0.57520563907921318 0.27903602018075835 -0.37061342834071681 0.19878077820803111 -0.27006709056871908 -0.25001712952341354 -0.001685211445604052
leaf_weight=23 20 36 27 38 31 22 22 26 30 34 22 26 27 21 35
leaf_count=23 20 36 27 38 31 22 22 26 30 34 22 26 27 21 35
internal_value=-1.39444e-09 0.0172358 0.0422578 0.272585 0.000898735 0.187103 -0.0604031 -0.206874 -0.365261 0.0155787 -0.155763 0.0805705 -0.0995473 -0.00172002 -0.0948097
internal_weight=440 417 381 58 323 80 243 83 56 160 44 116 49 82 56
internal_count=440 417 381 58 323 80 243 83 56 160 44 116 49 82 56
is_linear=0
shrinkage=0.05


Tree=103
num_leaves=18
num_cat=0
split_feature=3 3 15 4 15 9 5 10 7 4 15 11 13 15 5 20 11
split_gain=985.48 1883.27 1182.76 6939.39 2923.54 982.089 1594.7 724.817 580.704 542.885 1098.22 544.186 650.89 588.341 476.919 351.038 285.654
threshold=350.00000000000006 338.50000000000006 0.61000001430511486 186.50000000000003 0.82499998807907116 270.34498596191412 235.50000000000003 212.25000000000003 201.12500000000003 123.50000000000001 1.5950000286102297 137.81999969482425 16.44999980926514 1.3949999809265139 187.50000000000003 127.50000000000001 158.58000183105472
decision_type=10 8 8 10 10 10 10 10 10 8 10 10 10 10 8 10 10
left_child=1 2 3 -1 -4 6 7 8 9 10 -6 15 13 -13 16 -11 -15
right_child=-2 -3 4 -5 5 -7 -8 -9 -10 11 -12 12 -14 14 -16 -17 -18
leaf_value=0.39254043281078338 -0.33424504456065951 0.46705386629328133 0.52091172536214192 -0.9245954954624177 0.41228182126175278 0.310629369531359 -0.35552277664343518 -0.22506140009500086 0.26715533360838889 -0.052076071947813031 -0.033814084479534955 -0.27082277173581332 0.23595082592964173 0.03969496325367973 0.17584038283033621 -0.3447702574233214 -0.22433765843510628
leaf_weight=20 21 22 27 20 22 21 36 32 23 20 37 23 25 21 29 21 20
leaf_count=20 21 22 27 20 22 21 36 32 23 20 37 23 25 21 29 21 20
internal_value=6.42189e-10 0.0167521 -0.00820161 -0.266028 0.0206864 -0.0202411 -0.0427274 -0.00147967 0.0282075 0.00299744 0.132527 -0.0450669 0.00945813 -0.051427 0.0206602 -0.201993 -0.0891014
internal_weight=440 419 397 40 357 330 309 273 241 218 59 159 118 93 70 41 41
internal_count=440 419 397 40 357 330 309 273 241 218 59 159 118 93 70 41 41
is_linear=0
shrinkage=0.05


Tree=104
num_leaves=18
num_cat=0
split_feature=11 8 7 5 21 13 11 10 14 6 2 7 11 6 7 23 2
split_gain=917.729 2842.24 2810.53 1986.96 5823.24 1009.8 1553.2 2288.01 1043.89 1040.48 954.925 1216.37 1517.14 597.676 544.484 520.018 125.812
threshold=278.95999145507818 339.50000000000006 294.87500000000006 259.00000000000006 0.60355499386787426 15.84999990463257 132.36000061035159 156.50000000000003 81.500000000000014 125.50000000000001 232.50000000000003 173.62500000000003 199.05999755859378 177.00000000000003 135.00000000000003 1.0000000180025095e-35 144.50000000000003
decision_type=8 10 10 10 2 10 10 10 10 8 8 10 10 10 10 2 10
left_child=1 2 3 5 -5 8 -7 13 -1 -10 11 14 -13 -8 -11 16 -16
right_child=-2 -3 -4 4 -6 6 7 -9 9 10 -12 12 -14 -15 15 -17 -18
leaf_value=0.32041834318744289 -0.330910536646843 0.5974466153979302 -0.5910381317394785 -0.25286953732371331 0.95369987189769745 -0.53782612183574763 0.24016614092720881 -0.47390297625375832 0.32111326442523436 -0.17245059721171857 0.21175597060111262 -0.54946677265343846 -0.019417092811178278 -0.10073675036430359 0.057726827003061781 0.2322060173843056 -0.11374271201050801
leaf_weight=28 20 20 20 20 20 21 36 23 22 30 31 27 27 20 20 32 23
leaf_count=28 20 20 20 20 20 21 36 23 22 30 31 27 27 20 20 32 23
internal_value=-8.25279e-10 0.0157576 -0.0133268 0.0170791 0.350415 -0.022137 -0.155629 -0.0540319 0.0334846 -0.0044123 -0.0421047 -0.0915996 -0.284442 0.118415 0.00757646 0.0795873 -0.0339894
internal_weight=440 420 400 380 40 340 100 79 240 212 190 159 54 56 105 75 43
internal_count=440 420 400 380 40 340 100 79 240 212 190 159 54 56 105 75 43
is_linear=0
shrinkage=0.05


Tree=105
num_leaves=17
num_cat=0
split_feature=2 20 3 15 22 20 6 16 15 22 15 20 7 8 6 18
split_gain=918.604 1435.21 2268.64 1013.76 2323.77 868.068 835.299 845.178 804.479 880.902 554.284 415.485 286.058 467.463 322.009 124.415
threshold=351.50000000000006 192.50000000000003 338.50000000000006 0.82499998807907116 1.0000000180025095e-35 277.50000000000006 188.50000000000003 307.50000000000006 1.2250000238418581 -0.37940999865531916 1.6150000095367434 47.500000000000007 162.75000000000003 144.50000000000003 191.50000000000003 -0.42499999701976771
decision_type=8 10 8 10 2 10 8 10 10 2 10 10 10 10 8 10
left_child=1 2 3 4 -1 -3 7 -7 11 10 -10 -5 13 15 -14 -11
right_child=-2 5 -4 8 -6 6 -8 -9 9 12 -12 -13 14 -15 -16 -17
leaf_value=-0.16006471425294877 -0.28255369608049041 -0.34613866969593804 0.54614289111147329 -0.049495804309844973 0.55101493111363165 0.2231545472310649 -0.22764542094971005 -0.17021023522723805 0.4180848110289801 -0.13148193299060776 0.066340300751229139 -0.36042449772357943 -0.2414588223695755 0.24827164709568025 -0.011583967774342268 0.040630587438742323
leaf_weight=20 27 32 24 22 27 36 38 22 21 21 24 21 25 20 39 21
leaf_count=20 27 32 24 22 27 36 38 22 21 21 24 21 25 20 39 21
internal_value=-2.20004e-09 0.018472 0.0809367 0.0381592 0.248428 -0.12061 -0.0454332 0.0739472 -0.00802133 0.0405921 0.230488 -0.201345 -0.0272277 0.0493154 -0.101379 -0.0454257
internal_weight=440 413 285 261 47 128 96 58 214 171 45 43 126 62 64 42
internal_count=440 413 285 261 47 128 96 58 214 171 45 43 126 62 64 42
is_linear=0
shrinkage=0.05


Tree=106
num_leaves=17
num_cat=0
split_feature=3 20 20 5 18 5 18 6 13 13 12 4 5 24 6 6
split_gain=926.139 1594.38 931.54 2604.7 1863.79 3392.51 1887.21 983.785 792.016 1034.94 690.483 1044.81 968.022 810.985 670.214 205.141
threshold=350.00000000000006 22.500000000000004 47.500000000000007 195.50000000000003 -0.42499999701976771 249.00000000000003 -0.59499999880790699 159.50000000000003 14.250000000000002 9.8499999046325701 152.25000000000003 127.50000000000001 173.50000000000003 1.0000000180025095e-35 218.00000000000003 151.50000000000003
decision_type=10 8 8 10 8 10 10 8 10 10 10 8 10 2 10 10
left_child=1 -1 3 -3 6 8 10 -8 9 -6 11 15 -12 -13 -11 -4
right_child=-2 2 4 -5 5 -7 7 -9 -10 14 12 13 -14 -15 -16 -17
leaf_value=0.40344148149341347 -0.32402543237521536 0.075772499451131542 0.24433618620038033 -0.63655391860575916 -0.12330254480242729 0.59256629986422404 -0.56939788460731511 -0.12122807610034943 -0.23949886988038604 0.46985956922173505 -0.029039407372474669 -0.37126705376431346 0.36942786817197448 -0.0062043567155969552 0.06052650511264801 0.017873572036623955
leaf_weight=25 21 33 20 21 30 35 24 25 23 20 35 32 27 29 20 20
leaf_count=25 21 33 20 21 30 35 24 25 23 20 35 32 27 29 20 20
internal_value=-1.62981e-10 0.0162399 -0.00832869 -0.201243 0.0223107 0.172969 -0.0686526 -0.34074 0.0150556 0.0986949 0.0131405 -0.0674879 0.144487 -0.197713 0.265193 0.131105
internal_weight=440 419 394 54 340 128 212 49 93 70 163 101 62 61 40 40
internal_count=440 419 394 54 340 128 212 49 93 70 163 101 62 61 40 40
is_linear=0
shrinkage=0.05


Tree=107
num_leaves=19
num_cat=0
split_feature=11 8 7 12 3 20 11 22 3 16 15 20 2 11 13 13 12 13
split_gain=868.919 2544.23 2571.06 1078.25 2895.6 2082.51 1192.65 1481.85 1160.24 637.464 703.34 1131.53 566.044 679.77 772.389 507.419 507.236 481.554
threshold=278.95999145507818 339.50000000000006 294.87500000000006 208.50000000000003 190.50000000000003 82.500000000000014 191.2799987792969 -1.0000000180025095e-35 211.50000000000003 83.500000000000014 0.89499998092651378 72.500000000000014 156.50000000000003 137.81999969482425 15.449999809265138 17.150000572204593 156.50000000000003 12.050000190734865
decision_type=8 10 10 10 10 8 10 2 10 10 10 10 10 10 10 10 10 10
left_child=1 2 3 6 -5 -6 8 -8 9 -1 -11 -12 13 14 -13 17 -14 -15
right_child=-2 -3 -4 4 5 -7 7 -9 -10 10 11 12 16 15 -16 -17 -18 -19
leaf_value=0.25383429586887363 -0.32199036538600923 0.5656822128407657 -0.56473631203174601 0.65368815790052004 -0.35412599277527385 0.32767091379279184 -0.55328132721849466 -0.0049206990482551713 0.32445690046463693 -0.30255876805471338 0.28374249828713283 0.023305815794775565 -0.35432912672941508 0.17317315082658422 -0.36942891620454338 0.30954305756659739 -0.023938456887290592 -0.16156544834375383
leaf_weight=20 20 20 20 23 24 21 22 28 28 23 28 31 26 22 21 21 21 21
leaf_count=20 20 20 20 23 24 21 22 28 28 23 28 31 26 22 21 21 21 21
internal_value=-8.64013e-10 0.0153329 -0.0121846 0.0168971 0.197307 -0.0359541 -0.0224231 -0.246199 0.0202823 -0.0161147 -0.0413435 -0.00988829 -0.0603279 -0.00101886 -0.135299 0.108083 -0.206708 0.00969616
internal_weight=440 420 400 380 68 45 312 50 262 234 214 191 163 116 52 64 47 43
internal_count=440 420 400 380 68 45 312 50 262 234 214 191 163 116 52 64 47 43
is_linear=0
shrinkage=0.05


Tree=108
num_leaves=16
num_cat=0
split_feature=2 7 19 15 19 3 11 14 2 21 11 21 6 16 22
split_gain=888.011 1132.68 1200.74 3775.97 1295.96 2263.97 2083.2 978.484 1261.45 837.445 751.479 706.404 458.956 554.041 743.014
threshold=351.50000000000006 303.50000000000006 994.25000000000011 1.3049999475479128 992.95001220703136 202.50000000000003 251.45500183105472 93.500000000000014 214.00000000000003 0.60355499386787426 166.46999359130862 -1.0000000180025095e-35 136.50000000000003 286.50000000000006 -0.60355499386787403
decision_type=8 10 8 10 10 10 10 10 10 2 10 2 10 10 2
left_child=1 2 4 -4 6 11 7 8 9 12 -5 -6 -1 -14 -15
right_child=-2 -3 3 10 5 -7 -8 -9 -10 -11 -12 -13 13 14 -16
leaf_value=0.16419778834832344 -0.27780882488522263 0.36724234753372997 0.53761463470658977 0.095337122678756714 -0.25016992046781211 -0.67263570584001997 0.43831661301851277 0.18813559646542011 -0.46859775677323345 -0.24868590753329431 -0.28737057516800951 0.13378769207000732 -0.24111440682411198 0.27296821985925951 -0.12047112314030528
leaf_weight=38 27 22 38 23 23 21 25 37 20 38 29 25 25 21 28
leaf_count=38 27 22 38 23 23 21 25 37 20 38 29 25 25 21 28
internal_value=1.5261e-09 0.0181618 -0.00147952 0.15876 -0.0493915 -0.239631 0.0071884 -0.0448802 -0.0955954 -0.0458618 -0.118096 -0.050192 0.0229535 -0.0495773 0.0481457
internal_weight=440 413 391 90 301 69 232 207 170 150 52 48 112 74 49
internal_count=440 413 391 90 301 69 232 207 170 150 52 48 112 74 49
is_linear=0
shrinkage=0.05


Tree=109
num_leaves=18
num_cat=0
split_feature=16 20 13 20 20 5 5 20 3 12 20 5 9 13 2 6 11
split_gain=867.423 905.916 1088.58 2159.88 1124.94 2559.56 1744.6 965.66 543.16 634.212 501.981 646.065 352.494 465.721 504.018 441.368 204.405
threshold=49.500000000000007 615.00000000000011 9.0500001907348651 22.500000000000004 47.500000000000007 249.00000000000003 192.50000000000003 57.500000000000007 309.00000000000006 208.50000000000003 327.50000000000006 207.50000000000003 130.84500122070315 13.250000000000002 156.50000000000003 150.50000000000003 154.55500030517581
decision_type=8 10 8 8 8 10 8 10 8 10 10 8 10 10 8 10 10
left_child=-1 2 7 -4 6 8 -5 -2 9 10 11 12 15 14 16 -6 -14
right_child=1 -3 3 4 5 -7 -8 -9 -10 -11 -12 -13 13 -15 -16 -17 -18
leaf_value=-0.29892570816952252 -0.45329477027058601 -0.22326173608501754 0.54725939875299279 0.10884255859113874 -0.35698808601924353 0.45830134600400929 -0.54366504591889686 0.038045358136296274 -0.21944130361080172 0.26286133406338869 0.17509997844696046 0.22356601197804726 -0.091590694444520143 0.1541203216408138 -0.26405819310591772 -0.028788774013519286 0.13175771266222
leaf_weight=23 20 36 22 21 21 37 20 20 23 27 35 21 21 27 26 20 20
leaf_count=23 20 36 22 21 21 37 20 20 23 27 35 21 21 27 26 20 20
internal_value=-2.41424e-09 0.0164875 0.039141 0.0680871 0.0350407 0.0710993 -0.209454 -0.207625 0.0116533 0.0360349 0.0039704 -0.0344241 -0.0745559 -0.021197 -0.0918472 -0.196891 0.0173597
internal_weight=440 417 381 341 319 278 41 40 241 218 191 156 135 94 67 41 41
internal_count=440 417 381 341 319 278 41 40 241 218 191 156 135 94 67 41 41
is_linear=0
shrinkage=0.05


Tree=110
num_leaves=17
num_cat=0
split_feature=3 3 5 19 5 19 6 6 7 13 4 24 13 11 8 6
split_gain=809.717 1555.09 1281.23 5764.53 1043.19 1085.54 1858.49 1844.29 1043.23 1800.82 1245.08 967.92 1022.74 309.43 435.476 300.304
threshold=350.00000000000006 338.50000000000006 277.50000000000006 993.45001220703136 249.00000000000003 991.45001220703136 207.50000000000003 238.00000000000003 198.00000000000003 12.34999990463257 120.50000000000001 1.0000000180025095e-35 14.250000000000002 164.51999664306643 141.75000000000003 156.50000000000003
decision_type=10 8 10 8 8 10 8 10 10 10 10 2 10 10 10 10
left_child=1 2 4 -4 5 11 8 -8 10 -10 -7 12 -1 14 -12 -13
right_child=-2 -3 3 -5 -6 6 7 -9 9 -11 13 15 -14 -15 -16 -17
leaf_value=-0.066859079003334043 -0.30297561685244245 0.42437473630363293 0.34572798356413847 -0.82714345130053446 0.27096232336602716 0.41717501148581509 -0.51577241867780688 0.053305260113307412 0.075177597461475273 0.6925310867173331 0.061179300894339886 0.16122064049477164 -0.48326748969226047 0.14904493987560272 -0.20203209564541327 -0.089123446911573423
leaf_weight=30 21 22 20 22 38 20 24 35 27 21 30 23 29 20 33 25
leaf_count=30 21 22 20 22 38 20 24 35 27 21 30 23 29 20 33 25
internal_value=3.83536e-10 0.0151849 -0.00749057 -0.268633 0.0234052 -0.00627044 0.0597753 -0.178184 0.152753 0.34527 0.0630361 -0.135893 -0.271534 -0.0222986 -0.0766933 0.0308331
internal_weight=440 419 397 42 355 317 210 59 151 48 103 107 59 83 63 48
internal_count=440 419 397 42 355 317 210 59 151 48 103 107 59 83 63 48
is_linear=0
shrinkage=0.05


Tree=111
num_leaves=15
num_cat=0
split_feature=16 20 21 6 5 13 18 6 11 19 16 13 18 15
split_gain=783.799 878.308 1899.68 6920.54 1689.14 861.594 1761.1 679.689 826.774 601.027 513.511 476.638 422.894 133.757
threshold=49.500000000000007 222.50000000000003 0.37940999865531927 161.50000000000003 221.00000000000003 10.34999990463257 -0.24499999731779096 191.50000000000003 134.93999481201175 994.25000000000011 313.50000000000006 17.750000000000004 -0.24499999731779096 1.9049999713897707
decision_type=8 10 2 8 10 8 10 10 10 8 10 10 10 10
left_child=-1 2 4 -4 5 12 9 8 -3 10 13 -10 -2 -7
right_child=1 7 3 -5 -6 6 -8 -9 11 -11 -12 -13 -14 -15
leaf_value=-0.28415168368298077 0.042165008652955298 -0.25216927126187971 -0.11247382618879016 0.97204836818079154 -0.33536553301594479 0.097099925761082867 0.41643604446907301 -0.29316361002398261 -0.066504734423425457 0.25950675368309023 -0.25282733961939813 0.22542455617723794 -0.21045158966318578 -0.052960175275802615
leaf_weight=23 30 27 38 24 33 33 37 33 27 20 22 29 37 27
leaf_count=23 30 27 38 24 33 33 37 33 27 20 22 29 37 27
internal_value=1.08838e-09 0.0156726 0.0607202 0.307341 -0.00325682 0.0499451 0.120938 -0.101218 -0.0249022 0.0137481 -0.046193 0.0846729 -0.0973397 0.0295729
internal_weight=440 417 301 62 239 206 139 116 83 102 82 56 67 60
internal_count=440 417 301 62 239 206 139 116 83 102 82 56 67 60
is_linear=0
shrinkage=0.05


Tree=112
num_leaves=16
num_cat=0
split_feature=15 14 6 5 7 3 3 11 15 18 11 23 3 7 7
split_gain=750.431 907.781 3554.57 2872.01 1086.05 924.097 1238.97 1593.48 1321.37 781.247 620.829 1157.56 559.715 1081.83 441.909
threshold=2.4050000905990605 94.500000000000014 164.50000000000003 291.50000000000006 303.50000000000006 289.50000000000006 202.50000000000003 189.98000335693362 1.3750000000000002 -0.30500000715255732 145.45999908447268 1.0000000180025095e-35 141.00000000000003 131.00000000000003 145.37500000000003
decision_type=10 10 10 10 8 8 10 10 10 10 10 2 10 10 10
left_child=1 3 9 4 5 6 7 10 -8 -3 12 14 13 -1 -12
right_child=-2 2 -4 -5 -6 -7 8 -9 -10 -11 11 -13 -14 -15 -16
leaf_value=-0.12098973328486468 -0.26056287735700606 -0.32461602795781802 0.62107928799731393 -0.44799788253647943 0.33942010035881631 -0.32594332039356233 0.5184985529010494 -0.33792115756694008 -0.017969312722032723 0.078818883473674467 0.14364841553297911 0.35379095145634243 -0.22684326141832339 0.32413750461169655 -0.15823621484968398
leaf_weight=39 26 20 28 35 26 20 24 34 22 30 22 35 31 21 27
leaf_count=39 26 20 28 35 26 20 24 34 22 30 22 35 31 21 27
internal_value=1.80378e-10 0.0163639 0.170032 -0.019309 0.0305385 0.00133517 0.0270041 -0.0247014 0.261927 -0.0825551 0.0361527 0.134173 -0.0543281 0.0348048 -0.0226962
internal_weight=440 414 78 336 301 275 255 209 46 50 175 84 91 60 49
internal_count=440 414 78 336 301 275 255 209 46 50 175 84 91 60 49
is_linear=0
shrinkage=0.05


Tree=113
num_leaves=17
num_cat=0
split_feature=2 13 3 6 6 20 4 17 5 6 3 20 6 4 13 5
split_gain=823.017 1156.46 1744.37 1061.94 1560.63 1210.75 777.426 1601.2 2138.74 1223.01 707.792 615.939 532.549 475.372 404.499 333.701
threshold=351.50000000000006 18.550000190734867 338.50000000000006 210.50000000000003 200.50000000000003 67.500000000000014 187.50000000000003 0.37500000000000006 151.50000000000003 142.50000000000003 195.50000000000003 127.50000000000001 160.50000000000003 149.50000000000003 14.150000095367433 125.50000000000001
decision_type=8 10 8 10 10 10 10 10 8 8 10 10 8 8 10 10
left_child=1 2 3 4 6 -5 7 8 -1 -8 -11 -7 13 14 -9 -14
right_child=-2 -3 -4 5 -6 11 9 12 -10 10 -12 -13 15 -15 -16 -17
leaf_value=0.035322070232144114 -0.26744907735674472 -0.27121642236597837 0.44545353627204892 -0.45323393827547198 0.46386406746777625 0.12706581315686624 0.18382319262623789 -0.046212056021277724 0.70810992150079644 -0.43413272643089296 -0.07109585106372833 -0.20293012834512272 0.25858680489270586 0.074470586276480136 -0.33086889168868461 -0.0028678956513221447
leaf_weight=27 27 32 25 23 22 31 25 26 21 25 29 26 23 28 24 26
leaf_count=27 27 32 25 23 22 31 25 26 21 25 29 26 23 28 24 26
internal_value=1.32586e-09 0.0174846 0.0417324 0.0133812 0.059874 -0.147019 0.0248828 0.0836557 0.329667 -0.10531 -0.239168 -0.0234587 -0.00932488 -0.0904768 -0.182847 0.119856
internal_weight=440 413 381 356 276 80 254 175 48 79 54 57 127 78 50 49
internal_count=440 413 381 356 276 80 254 175 48 79 54 57 127 78 50 49
is_linear=0
shrinkage=0.05


Tree=114
num_leaves=17
num_cat=0
split_feature=5 5 5 5 3 15 15 3 19 7 15 4 13 13 3 13
split_gain=801.527 3655.63 2123.86 2022.11 991.786 1743.48 1177.48 508.993 620.98 1163.87 646.482 543.503 451.004 438.669 238.126 203.871
threshold=338.50000000000006 291.50000000000006 249.00000000000003 221.00000000000003 202.50000000000003 0.84499999880790722 0.7150000035762788 190.50000000000003 991.54998779296886 156.00000000000003 1.5549999475479128 150.50000000000003 10.949999809265138 13.750000000000002 261.50000000000006 11.550000190734865
decision_type=10 10 10 10 10 10 8 8 10 10 10 10 10 10 10 10
left_child=1 2 3 4 6 -6 -1 8 10 13 -8 -12 -7 15 -14 -10
right_child=-2 -3 -4 -5 5 12 7 -9 9 -11 11 -13 14 -15 -16 -17
leaf_value=-0.39201040636925472 0.29415723356333645 -0.65838965440080288 0.49599120400168684 -0.49865159511566165 0.47115900940009547 -0.15037715102617558 -0.26723274547478248 -0.19026278731142801 -0.0059069501179637336 0.36473432125583777 0.13720815292484054 -0.18126620245831354 0.23342413788750058 0.14584120043686458 -0.007644683718681336 -0.20821509242057801
leaf_weight=21 22 21 22 20 30 26 29 31 33 31 37 21 21 35 20 20
leaf_count=21 22 21 22 20 30 26 29 31 33 31 37 21 21 35 20 20
internal_value=4.03683e-10 -0.015482 0.0185258 -0.00948555 0.0180731 0.154371 -0.0331707 -0.00137473 0.0270502 0.101277 -0.0744786 0.0218985 0.0125255 0.0084683 0.11583 -0.0822496
internal_weight=440 418 397 375 355 97 258 237 206 119 87 58 67 88 41 53
internal_count=440 418 397 375 355 97 258 237 206 119 87 58 67 88 41 53
is_linear=0
shrinkage=0.05


Tree=115
num_leaves=18
num_cat=0
split_feature=3 3 15 4 15 9 5 9 15 5 5 20 9 3 12 20 23
split_gain=787.096 1341.63 1228.93 5830.3 2408.49 685.941 1319.91 503.147 252.371 281.681 388.855 397.113 419.541 513.343 537.66 427.249 247.855
threshold=350.00000000000006 338.50000000000006 0.61000001430511486 186.50000000000003 0.82499998807907116 270.34498596191412 235.50000000000003 228.96499633789065 2.3750000000000004 109.00000000000001 115.50000000000001 62.500000000000007 132.14499664306643 138.50000000000003 187.75000000000003 270.00000000000006 -1.0000000180025095e-35
decision_type=10 8 8 10 10 10 10 10 10 8 10 10 10 10 10 10 2
left_child=1 2 3 -1 -4 6 7 8 9 -6 -11 -12 15 -14 16 -13 -15
right_child=-2 -3 4 -5 5 -7 -8 -9 -10 10 11 12 13 14 -16 -17 -18
leaf_value=0.33474921941757207 -0.29871361596243723 0.3950410130349073 0.47738470479294109 -0.87255113411694762 -0.10931382179260254 0.26272787593659902 -0.31715679698520238 -0.20885062325000764 -0.13516817912459375 0.25613530666931816 -0.16652035514513652 -0.15952373975605677 0.34533180899563293 -0.15170650762319565 0.21454303102833885 0.12897275714647202 0.084444565917365266
leaf_weight=20 21 22 27 20 27 21 36 25 22 23 21 33 21 25 35 21 20
leaf_count=20 21 22 27 20 27 21 36 25 22 23 21 33 21 25 35 21 20
internal_value=-2.57744e-09 0.0149713 -0.00609047 -0.268901 0.0233561 -0.0137917 -0.0325843 0.00494173 0.0264934 0.0422303 0.0627916 0.0375251 0.06517 0.125319 0.0675654 -0.0473307 -0.0467505
internal_weight=440 419 397 40 357 330 309 273 248 226 199 176 155 101 80 54 45
internal_count=440 419 397 40 357 330 309 273 248 226 199 176 155 101 80 54 45
is_linear=0
shrinkage=0.05


Tree=116
num_leaves=17
num_cat=0
split_feature=16 13 20 14 6 16 6 19 20 20 12 24 23 6 18 18
split_gain=772.507 785.344 1912.87 1327.78 2656.11 872.014 897.356 1519.74 685.777 650.254 693.1 755.606 786.018 681.255 656.033 603.559
threshold=49.500000000000007 9.0500001907348651 22.500000000000004 94.500000000000014 151.50000000000003 98.000000000000014 207.50000000000003 992.75000000000011 57.500000000000007 77.500000000000014 155.50000000000003 -0.56174498796463002 0.87838000059127819 171.50000000000003 -0.74500000476837147 -0.55500000715255726
decision_type=8 8 8 10 10 8 10 10 10 8 10 2 2 8 10 8
left_child=-1 8 -3 5 -5 -4 9 -8 -2 13 11 -11 14 -7 -13 -12
right_child=1 2 3 4 -6 6 7 -9 -10 10 15 12 -14 -15 -16 -17
leaf_value=-0.28209735025530275 -0.40212526842951779 0.4903332764452154 0.19687136003845618 -0.072734028416184288 0.69369203828275205 -0.026717861944978889 -0.035681553789087245 -0.56045076108791614 0.011932965433225036 -0.35015350324766981 0.22174132681068254 0.18893865235149862 -0.30222635217334914 0.37648444950580595 -0.13185271531343462 -0.11918618210724422
leaf_weight=23 20 22 38 26 20 22 37 22 20 28 34 34 23 20 30 21
leaf_count=23 20 22 38 26 20 22 37 22 20 28 34 34 23 20 30 21
internal_value=6.46423e-10 0.0155593 0.03791 0.00987254 0.260495 -0.0274369 -0.0588897 -0.231358 -0.195096 -0.0108914 -0.0544169 -0.124236 -0.0515273 0.165283 0.0385677 0.091569
internal_weight=440 417 377 355 46 309 271 59 40 212 170 115 87 42 64 55
internal_count=440 417 377 355 46 309 271 59 40 212 170 115 87 42 64 55
is_linear=0
shrinkage=0.05


Tree=117
num_leaves=18
num_cat=0
split_feature=2 5 12 5 2 17 17 2 6 20 4 8 6 20 7 2 10
split_gain=745.236 1053.87 3744.88 2218.92 947.109 1500.84 618.391 999.244 611.657 456.53 536.746 419.741 492.335 553.668 337.025 424.205 270.739
threshold=351.50000000000006 259.00000000000006 246.50000000000003 221.00000000000003 232.50000000000003 0.1200000010430813 0.1200000010430813 146.50000000000003 202.50000000000003 47.500000000000007 199.50000000000003 93.250000000000014 120.50000000000001 102.50000000000001 124.62500000000001 155.50000000000003 137.50000000000003
decision_type=8 10 10 10 10 8 8 10 10 10 10 10 10 10 10 10 10
left_child=1 3 -3 4 6 -6 7 -1 9 -8 11 -11 16 -14 -15 -16 -13
right_child=-2 2 -4 -5 5 -7 8 -9 -10 10 -12 12 13 14 15 -17 -18
leaf_value=0.043626282151256295 -0.25449766199345941 0.72660559659654445 -0.11060007499421345 -0.51361230214436848 0.52588566433299666 -0.030455776635143497 0.18883087056844186 -0.37879102677106857 0.21691191106131585 -0.22384219177067283 -0.27462325637990775 0.29542270623147487 -0.27680069211404773 -0.12933502172430356 0.259644272246144 -0.047462185893369757 0.043886426479920103
leaf_weight=28 27 22 34 21 22 27 24 28 33 20 22 20 20 24 22 23 23
leaf_count=28 27 22 34 21 22 27 24 28 33 20 22 20 20 24 22 23 23
internal_value=2.09103e-09 0.0166379 0.218302 -0.0149958 0.0161678 0.21933 -0.0185185 -0.167582 0.0176182 -0.0155974 -0.0437944 -0.010385 0.0219571 -0.045163 0.0219783 0.102679 0.16088
internal_weight=440 413 56 357 336 49 287 56 231 198 174 152 132 89 69 45 43
internal_count=440 413 56 357 336 49 287 56 231 198 174 152 132 89 69 45 43
is_linear=0
shrinkage=0.05


Tree=118
num_leaves=19
num_cat=0
split_feature=3 3 15 4 15 9 18 21 4 14 17 19 4 6 11 23 23 7
split_gain=721.722 1196.61 1093.04 5286.47 2131.02 602.637 656.029 510.856 778.508 639.242 612.26 497.22 663.983 390.853 628.929 353.509 353.112 208.316
threshold=350.00000000000006 338.50000000000006 0.61000001430511486 186.50000000000003 0.82499998807907116 270.34498596191412 0.25499999523162847 0.60355499386787426 131.50000000000003 76.500000000000014 1.6449999809265139 994.14999389648449 113.50000000000001 238.00000000000003 191.2799987792969 -1.0000000180025095e-35 0.60785500705242168 174.12500000000003
decision_type=10 8 8 10 10 10 10 2 8 10 10 10 8 10 10 2 2 10
left_child=1 2 3 -1 -4 6 7 9 -9 -6 -10 12 -11 14 15 -14 -17 -8
right_child=-2 -3 4 -5 5 -7 17 8 10 11 -12 -13 13 -15 -16 16 -18 -19
leaf_value=0.32139861255884172 -0.28603954826082506 0.37327659258788287 0.44929177452016761 -0.82821709804236898 0.22116674387302157 0.24645887215932213 -0.10111735582351684 0.11677169700463613 -0.43448366607938499 -0.29771459189554056 -0.074513088773798072 0.22787362560629845 -0.12213940978759813 0.20303576191266381 -0.23433115759066175 0.25240837794542315 -0.025707281975164298 -0.3265923138175692
leaf_weight=20 21 22 27 20 39 21 20 24 21 21 27 20 21 21 28 25 21 21
leaf_count=20 21 22 27 20 39 21 20 24 21 21 27 20 21 21 28 25 21 21
internal_value=6.37956e-10 0.0143361 -0.0055548 -0.253409 0.022216 -0.0127266 -0.0303411 -0.00184557 -0.115743 0.0399943 -0.232 -0.00501036 -0.039008 0.00782679 -0.0353247 0.0478422 0.125443 -0.216605
internal_weight=440 419 397 40 357 330 309 268 72 196 48 157 137 116 95 67 46 41
internal_count=440 419 397 40 357 330 309 268 72 196 48 157 137 116 95 67 46 41
is_linear=0
shrinkage=0.05


Tree=119
num_leaves=17
num_cat=0
split_feature=15 16 23 12 5 5 20 15 22 20 4 13 16 19 6 3
split_gain=707.415 771.298 1014.35 1685.85 1025.81 1326.43 737.945 833.322 874.523 675.914 502.862 420.222 324.972 291.392 183.304 145.967
threshold=2.5349999666213994 54.500000000000007 -0.87838000059127797 196.25000000000003 309.00000000000006 259.00000000000006 32.500000000000007 1.1299999952316286 -0.37940999865531916 97.500000000000014 144.50000000000003 14.250000000000002 308.50000000000006 992.75000000000011 127.50000000000001 161.50000000000003
decision_type=10 8 2 10 10 10 8 8 2 10 8 10 10 10 10 10
left_child=1 -1 3 -3 5 6 -4 12 9 -9 -11 13 -8 15 -15 -10
right_child=-2 2 4 -5 -6 -7 7 8 11 10 -12 -13 -14 14 -16 -17
leaf_value=-0.24993070272298962 -0.29052963649854063 0.023858946825041333 0.24231666113649097 0.59640048801898959 -0.28051491965850195 0.41951763138175013 -0.097811394929885873 0.40474816799163826 -0.020019211868445078 -0.078895057498344356 0.24477592933745612 -0.23429403989403338 -0.36714086589359107 0.024551233202219011 -0.16332759891410131 0.13349797131377272
leaf_weight=26 20 36 28 20 30 20 24 20 30 28 21 27 21 20 37 32
leaf_count=26 20 36 28 20 30 20 24 20 30 28 21 27 21 20 37 32
internal_value=3.45383e-10 0.0138347 0.0312406 0.228338 -0.00141462 0.0257705 -0.00157308 -0.0278381 0.013114 0.1598 0.0598211 -0.0562101 -0.223498 -0.0158045 -0.0974052 0.0592155
internal_weight=440 420 394 56 338 308 288 260 215 69 49 146 45 119 57 62
internal_count=440 420 394 56 338 308 288 260 215 69 49 146 45 119 57 62
is_linear=0
shrinkage=0.05


Tree=120
num_leaves=18
num_cat=0
split_feature=5 5 5 5 3 15 15 3 19 7 8 16 15 11 5 15 8
split_gain=715.016 3079.82 1741.93 1437.9 843.873 1537.81 984.996 497.835 557.018 983.574 639.285 629.825 525.118 337.658 589.715 329.887 243.23
threshold=338.50000000000006 291.50000000000006 249.00000000000003 221.00000000000003 202.50000000000003 0.84499999880790722 0.7150000035762788 190.50000000000003 991.54998779296886 156.00000000000003 143.50000000000003 289.50000000000006 1.5549999475479128 188.55999755859378 192.50000000000003 1.9049999713897707 131.50000000000003
decision_type=10 10 10 10 10 10 8 8 10 10 10 10 10 10 8 10 10
left_child=1 2 3 4 6 -6 -1 8 12 10 11 16 -8 -7 -15 -14 -10
right_child=-2 -3 -4 -5 5 13 7 -9 9 -11 -12 -13 15 14 -16 -17 -18
leaf_value=-0.36100776195526124 0.27782948884097014 -0.60472871235438763 0.44900096282362939 -0.42126945346593864 0.43770503729581833 -0.15356326570565051 -0.24549185983065902 -0.19053017146464798 -0.12634236782789229 0.3368804458648928 -0.23134516761416482 0.30406725774095822 0.17337205381620499 0.2473470528125763 -0.11691366225481033 -0.074744874571223516 0.10759518384933471
leaf_weight=21 22 21 22 20 30 22 29 31 25 31 21 22 21 25 20 37 20
leaf_count=21 22 21 22 20 30 22 29 31 25 31 21 22 21 25 20 37 20
internal_value=5.21329e-10 -0.0146226 0.0165921 -0.00877591 0.0144632 0.140187 -0.0328052 -0.00372395 0.0243877 0.094688 0.00937018 0.0848183 -0.0717702 0.00697032 0.0854534 0.0150906 -0.0223701
internal_weight=440 418 397 375 355 97 258 237 206 119 88 67 87 67 45 58 45
internal_count=440 418 397 375 355 97 258 237 206 119 88 67 87 67 45 58 45
is_linear=0
shrinkage=0.05


Tree=121
num_leaves=16
num_cat=0
split_feature=2 20 5 3 7 13 20 5 14 4 16 6 5 4 15
split_gain=702.358 962.838 1785.27 957.287 1801.24 1299.75 680.333 579.437 801.541 550.355 1029.15 571.552 515.887 488.916 462.757
threshold=351.50000000000006 192.50000000000003 259.00000000000006 202.50000000000003 173.62500000000003 12.34999990463257 270.00000000000006 125.50000000000001 89.500000000000014 127.50000000000001 300.50000000000006 188.50000000000003 190.50000000000003 138.50000000000003 1.6649999618530276
decision_type=8 10 10 10 10 8 10 10 10 8 10 8 8 8 10
left_child=1 2 3 4 7 12 -3 8 -1 -8 11 -11 -5 -9 -15
right_child=-2 6 -4 5 -6 -7 9 13 -10 10 -12 -13 -14 14 -16
leaf_value=0.42163404911756519 -0.24706784343277968 -0.31560955835240234 0.41312902656129813 0.14090625523559508 -0.35039721286218417 0.40992882642894984 0.1778527886323307 -0.19066384658217431 0.00060696263725941002 0.18028624401642726 -0.40947012513875958 -0.13759705443536083 -0.17162942756777225 -0.12667690068483353 0.18381899578496816
leaf_weight=20 27 28 33 31 38 32 23 32 26 26 20 31 23 20 30
leaf_count=20 27 28 33 31 38 32 23 32 26 26 20 31 23 20 30
internal_value=-4.99528e-11 0.0161521 0.0673149 0.0220297 -0.0481135 0.157423 -0.097765 0.041627 0.183662 -0.0367685 -0.100876 0.00740234 0.00778921 -0.0380514 0.0596206
internal_weight=440 413 285 252 166 86 128 128 46 100 77 57 54 82 50
internal_count=440 413 285 252 166 86 128 128 46 100 77 57 54 82 50
is_linear=0
shrinkage=0.05


Tree=122
num_leaves=17
num_cat=0
split_feature=3 3 15 18 15 22 3 12 3 13 17 2 23 21 8 8
split_gain=723.383 1139.26 969.703 3088.7 1855.4 731.542 628.19 966.166 1046.84 388.614 336.844 395.36 428.717 282.201 322.392 234.406
threshold=350.00000000000006 338.50000000000006 0.61000001430511486 -0.24499999731779096 0.82499998807907116 -1.0000000180025095e-35 207.50000000000003 146.25000000000003 115.50000000000001 16.250000000000004 1.6750000119209292 134.50000000000003 0.60785500705242168 0.60355499386787426 173.75000000000003 144.50000000000003
decision_type=10 8 8 8 10 2 10 10 10 10 10 8 2 2 10 10
left_child=1 2 3 -1 -4 6 7 8 -6 -9 11 -7 13 14 -13 -12
right_child=-2 -3 4 -5 5 10 -8 9 -10 -11 15 12 -14 -15 -16 -17
leaf_value=-0.67787592232227334 -0.28636835302625385 0.36458601856773554 0.41960295085553767 0.20085955135524275 -0.075439411774277695 0.052521795213222505 0.26525994567200545 -0.26217891301574381 0.32822049475378462 -0.0010295987129211425 -0.095918686281551022 -0.014315109550952913 -0.0037711664502109799 -0.38860676657585874 -0.27179988141982786 0.12051705843929589
leaf_weight=20 21 22 27 20 29 25 32 29 36 28 22 20 28 21 31 29
leaf_count=20 21 22 27 20 29 25 32 29 36 28 22 20 28 21 31 29
internal_value=7.76384e-10 0.0143526 -0.00505581 -0.238508 0.0211013 -0.0115034 0.0680811 0.0163621 0.148126 -0.133895 -0.0811398 -0.125323 -0.169784 -0.234345 -0.170825 0.0271526
internal_weight=440 419 397 40 357 330 154 122 65 57 176 125 100 72 51 51
internal_count=440 419 397 40 357 330 154 122 65 57 176 125 100 72 51 51
is_linear=0
shrinkage=0.05


Tree=123
num_leaves=17
num_cat=0
split_feature=3 3 5 5 12 15 15 7 20 11 13 3 13 3 5 3
split_gain=652.853 1028.18 972.831 2440.15 756.969 1069.89 1624.4 303.443 594.614 246.291 901.91 387.63 373.523 530.069 347.487 239.156
threshold=350.00000000000006 338.50000000000006 277.50000000000006 322.00000000000006 232.75000000000003 0.50499999523162853 0.84499999880790722 212.37500000000003 72.500000000000014 137.81999969482425 16.650000572204593 134.50000000000003 17.150000572204593 131.50000000000003 151.50000000000003 160.50000000000003
decision_type=10 8 10 10 10 8 10 10 10 10 10 10 10 10 8 10
left_child=1 2 4 -4 5 -1 -7 8 -8 10 11 -10 13 -11 -15 -16
right_child=-2 -3 3 -5 -6 6 7 -9 9 12 -12 -13 -14 14 15 -17
leaf_value=-0.34167427981183646 -0.27204993282045636 0.34635672169652854 -0.61346891252767477 0.14875644076438177 0.31329674564656762 0.34295133286052282 0.19106798478074977 -0.14531564559591445 0.17563777897845617 -0.25172928429462693 -0.35893794560562009 -0.12468769876729875 0.16400333419442178 -0.136089875549078 -0.027830012202262878 0.17588683862019988
leaf_weight=21 21 22 21 21 21 36 37 38 22 22 23 21 31 24 25 34
leaf_count=21 21 22 21 21 21 36 37 38 22 22 23 21 31 24 25 34
internal_value=-2.12342e-09 0.013635 -0.00480302 -0.232356 0.0221188 0.00381117 0.0269907 -0.0140728 0.00679429 -0.0269588 -0.106212 0.0289672 0.0115022 -0.0335219 0.0243162 0.0895661
internal_weight=440 419 397 42 355 334 313 277 239 202 66 43 136 105 83 59
internal_count=440 419 397 42 355 334 313 277 239 202 66 43 136 105 83 59
is_linear=0
shrinkage=0.05


Tree=124
num_leaves=17
num_cat=0
split_feature=2 13 3 6 15 15 20 22 15 11 9 21 13 13 20 6
split_gain=663.753 899.721 1212.13 916.74 1384.46 1267.96 2023.44 579.293 592.384 708.155 192.76 368.252 303.871 255.77 197.19 106.559
threshold=351.50000000000006 18.550000190734867 338.50000000000006 210.50000000000003 1.2400000095367434 0.84499999880790722 47.500000000000007 -0.37940999865531916 1.8550000190734866 189.02500152587893 144.84500122070315 1.0000000180025095e-35 10.650000095367433 10.650000095367433 142.50000000000003 297.50000000000006
decision_type=8 10 8 10 10 10 10 2 10 10 10 2 10 10 10 10
left_child=1 2 3 5 -5 6 -1 8 9 -7 12 13 -9 -12 -13 -6
right_child=-2 -3 -4 4 15 7 -8 10 -10 -11 11 14 -14 -15 -16 -17
leaf_value=-0.0036874768989426754 -0.24018169696684236 -0.23894376563257538 0.37362931632995605 -0.44408990633487699 -0.050037061116274664 0.36459976321747228 0.62924504020939709 0.00078207152369229706 -0.095463120801882309 -0.017013544142246245 -0.19513037358721097 -0.017606093287467955 -0.24871319509469547 0.013108263909816743 0.19497176449125012 0.093213725799605962
leaf_weight=28 27 32 25 25 34 31 23 23 22 20 30 20 26 29 24 21
leaf_count=28 27 32 25 25 34 31 23 23 22 20 30 20 26 29 24 21
internal_value=6.51502e-10 0.015702 0.0370895 0.0134561 -0.135575 0.0566536 0.281753 0.00563114 0.121399 0.214947 -0.0499679 -0.0111318 -0.131603 -0.0927758 0.0983455 0.00465869
internal_weight=440 413 381 356 80 276 51 225 73 51 152 103 49 59 44 55
internal_count=440 413 381 356 80 276 51 225 73 51 152 103 49 59 44 55
is_linear=0
shrinkage=0.05


Tree=125
num_leaves=17
num_cat=0
split_feature=10 18 3 20 12 12 19 16 20 22 11 9 5 11 20 5
split_gain=660.721 2024.6 1731.84 983.734 3029.37 1434.24 866.812 585.396 539.452 497.986 443.655 940.085 400.236 292.898 167.028 213.613
threshold=241.00000000000003 -0.30500000715255732 221.00000000000003 47.500000000000007 146.25000000000003 208.50000000000003 993.14999389648449 102.50000000000001 615.00000000000011 -0.37940999865531916 166.46999359130862 116.78499984741212 230.00000000000003 157.05000305175784 157.50000000000003 143.50000000000003
decision_type=8 10 8 10 10 10 10 10 10 2 10 10 8 10 10 10
left_child=2 -2 3 4 -1 7 -3 -5 9 10 11 -9 13 14 15 -11
right_child=1 6 -4 5 -6 -7 -8 8 -10 12 -12 -13 -14 -15 -16 -17
leaf_value=0.19667773634195329 -0.56545796852558849 -0.14059062587802071 0.36880440711975099 0.20114617709602631 -0.67357597716152673 0.33628236019250118 0.24052568948268893 -0.02684108459431192 -0.2825936260677519 -0.048875027348597846 -0.064579929198537556 0.44187389183789494 -0.27414746852148147 0.086044290267369331 0.025619718703356661 -0.24900608072833472
leaf_weight=20 20 37 34 28 20 33 25 23 21 30 28 20 21 34 22 24
leaf_count=20 20 37 34 28 20 33 25 23 21 30 28 20 21 34 22 24
internal_value=8.85391e-10 -0.128023 0.0293237 -0.00630086 -0.238449 0.0263961 0.0130853 -0.0143459 -0.0414033 -0.016329 0.0903084 0.191166 -0.0741248 -0.0359387 -0.09051 -0.137822
internal_weight=440 82 358 324 40 284 62 251 223 202 71 43 131 110 76 54
internal_count=440 82 358 324 40 284 62 251 223 202 71 43 131 110 76 54
is_linear=0
shrinkage=0.05


Tree=126
num_leaves=18
num_cat=0
split_feature=11 7 7 6 6 18 13 11 15 3 19 21 4 22 15 11 13
split_gain=619.319 1186.71 1554.04 922.711 2904.58 1240.26 1407.57 2064.98 1076.05 599.409 655.402 841.722 514.67 473.451 272.662 261.901 187.458
threshold=278.95999145507818 338.37500000000006 294.87500000000006 210.50000000000003 200.50000000000003 -0.30500000715255732 9.5999999046325701 161.47999572753909 1.1299999952316286 176.50000000000003 992.04998779296886 0.37940999865531927 156.50000000000003 -0.37940999865531916 1.544999957084656 135.34000396728518 12.050000190734865
decision_type=8 8 10 10 10 10 10 10 10 8 10 2 10 2 10 10 10
left_child=1 2 3 4 5 9 -7 -8 -5 10 11 15 -11 -12 -10 -1 -15
right_child=-2 -3 -4 8 -6 6 7 -9 14 12 13 -13 -14 16 -16 -17 -18
leaf_value=-0.09324070978909732 -0.27183830142021181 0.38881005555391313 -0.4245272994041443 -0.42168773386789404 0.61092381975190202 -0.12704015073294825 0.091827903108464351 0.72548689484596263 0.1263702724661146 -0.0059719761611805077 0.25262921692863588 -0.3422563322782517 -0.32452942212112251 0.10053946524858476 -0.099202179183831091 0.14854455686041287 -0.11594272196292876
leaf_weight=24 20 20 21 23 22 26 36 20 21 21 31 25 32 20 37 21 20
leaf_count=24 20 20 21 23 22 26 36 20 21 21 31 25 32 20 37 21 20
internal_value=-1.20924e-09 0.0129447 -0.00584859 0.01735 0.058024 0.0139523 0.176982 0.318135 -0.13229 -0.054957 -0.00107311 -0.109639 -0.198309 0.105964 -0.0175294 0.0195924 -0.00770163
internal_weight=440 420 400 379 298 276 82 56 81 194 141 70 53 71 58 45 40
internal_count=440 420 400 379 298 276 82 56 81 194 141 70 53 71 58 45 40
is_linear=0
shrinkage=0.05


Tree=127
num_leaves=17
num_cat=0
split_feature=16 23 5 9 5 5 9 7 3 9 7 8 8 7 14 14
split_gain=597.632 653.55 1549.28 2235.02 814.881 514 675.147 424.543 1075.27 907.963 439.295 433.232 308.198 519.846 554.324 442.68
threshold=49.500000000000007 0.87838000059127819 249.00000000000003 209.84499359130862 221.00000000000003 68.500000000000014 192.14499664306643 198.00000000000003 280.50000000000006 171.43000030517581 156.00000000000003 228.25000000000003 145.75000000000003 125.04000091552736 85.500000000000014 75.500000000000014
decision_type=8 2 10 8 8 10 10 10 8 10 10 10 10 8 10 10
left_child=-1 2 4 -4 7 -3 -7 9 11 10 12 -9 13 15 -15 -2
right_child=1 5 3 -5 -6 6 -8 8 -10 -11 -12 -13 -14 14 -16 -17
leaf_value=-0.24812162803566973 0.079011532060963952 0.088680521647135413 0.66353774524253351 -0.033508511729862377 -0.25907784280953589 -0.34953618472622289 -0.022132506547495726 0.44704579521309251 -0.098040184738735367 -0.2575532715166769 0.23561645274360976 0.12954595855304174 -0.16326247039048569 0.3241507437080145 0.0083402797128214988 -0.22212422167739043
leaf_weight=23 23 24 23 23 27 31 32 22 30 31 24 21 23 24 33 26
leaf_count=23 23 24 23 23 27 31 32 22 30 31 24 21 23 24 33 26
internal_value=4.29678e-11 0.0136854 0.0458252 0.315015 0.00222414 -0.108224 -0.183236 0.0296761 0.131702 -0.0108017 0.0391937 0.291988 0.00264997 0.0386498 0.141313 -0.0807748
internal_weight=440 417 330 46 284 87 63 257 73 184 153 43 129 106 57 49
internal_count=440 417 330 46 284 87 63 257 73 184 153 43 129 106 57 49
is_linear=0
shrinkage=0.05


Tree=128
num_leaves=16
num_cat=0
split_feature=15 12 12 12 20 19 6 16 22 15 18 16 7 16 6
split_gain=624.249 637.297 3136.88 1895.36 1591.53 1560.08 715.984 1449.77 510.794 746.17 705.474 692.935 349.882 649.872 304.597
threshold=2.4050000905990605 212.25000000000003 222.25000000000003 198.50000000000003 47.500000000000007 992.85000610351574 207.50000000000003 77.500000000000014 -0.37940999865531916 0.97499999403953563 -0.90500000119209278 289.50000000000006 131.00000000000003 258.00000000000006 143.50000000000003
decision_type=10 10 10 8 10 10 10 8 2 8 8 10 10 10 8
left_child=1 3 -3 6 -4 -6 7 -1 9 -9 -10 -11 -12 -14 -15
right_child=-2 2 4 -5 5 -7 -8 8 10 11 12 -13 13 14 -16
leaf_value=0.43235026299953461 -0.23764904733174125 -0.62229403148997919 -0.25307563543319705 0.4688030372858048 0.44895322397351267 -0.080210930796769955 -0.19370565538605056 -0.15305933862924578 -0.23683717510461608 -0.028292947723751977 -0.13294240017903264 0.33130704816934231 -0.16908748760109857 0.28278973687153597 0.053958614486636539
leaf_weight=22 26 22 29 25 30 26 36 20 37 21 29 37 21 26 33
leaf_count=22 26 22 29 25 30 26 36 20 37 21 29 37 21 26 33
internal_value=1.16426e-09 0.0149248 -0.0901547 0.0515486 0.0475755 0.20327 0.014558 0.0450356 0.00699575 0.110295 -0.0481916 0.201107 0.015844 0.0697791 0.154799
internal_weight=440 414 107 307 85 56 282 246 224 78 146 58 109 80 59
internal_count=440 414 107 307 85 56 282 246 224 78 146 58 109 80 59
is_linear=0
shrinkage=0.05


Tree=129
num_leaves=18
num_cat=0
split_feature=2 20 3 11 19 15 11 2 3 7 20 4 16 12 11 6 4
split_gain=600.414 853.834 1293.64 1012.91 1233.71 1643.14 1259.91 1230.9 713.984 746.644 488.021 504.388 824.636 459.321 696.083 401.212 241.062
threshold=351.50000000000006 192.50000000000003 338.50000000000006 259.02500915527349 994.25000000000011 1.4149999618530276 221.72999572753909 225.50000000000003 209.50000000000003 173.62500000000003 270.00000000000006 127.50000000000001 300.50000000000006 123.50000000000001 144.7799987792969 188.50000000000003 179.50000000000003
decision_type=8 10 8 10 10 10 10 10 10 10 10 8 10 10 10 8 10
left_child=1 2 3 4 6 -6 7 8 9 13 -3 -12 15 -1 -15 -13 -16
right_child=-2 10 -4 -5 5 -7 -8 -9 -10 -11 11 12 -14 14 16 -17 -18
leaf_value=0.21568212354710947 -0.22843475650857994 -0.27684505299798084 0.41440648511052136 -0.25916424432803914 0.62226077105317801 -0.010988003667443992 0.37696229134287157 -0.39195517521528972 0.26670230512196819 -0.30304195788644611 0.16478294522865961 0.13972072443709924 -0.37828690204769377 -0.21986578520267241 0.16787703998627201 -0.12661350465589954 -0.054773531854152679
leaf_weight=24 27 28 24 27 21 20 21 21 24 21 23 26 20 31 31 31 20
leaf_count=24 27 28 24 27 21 20 21 21 24 21 23 26 20 31 31 31 20
internal_value=3.98987e-11 0.014934 0.0631137 0.0308109 0.0642696 0.313359 0.0113543 -0.0332839 0.0165975 -0.0306664 -0.0923412 -0.0406801 -0.102052 0.0232948 -0.0330137 -0.00512772 0.0805631
internal_weight=440 413 285 261 234 41 193 172 151 127 128 100 77 106 82 57 51
internal_count=440 413 285 261 234 41 193 172 151 127 128 100 77 106 82 57 51
is_linear=0
shrinkage=0.05


Tree=130
num_leaves=16
num_cat=0
split_feature=16 11 20 20 12 3 17 10 4 4 4 18 17 17 23
split_gain=612.505 592.879 893.702 928.814 2187.51 3184.48 1031.65 399.874 545.573 627.247 545.906 411.499 494.49 367.884 434.962
threshold=54.500000000000007 278.95999145507818 22.500000000000004 47.500000000000007 208.50000000000003 229.00000000000003 0.92499998211860668 201.50000000000003 160.50000000000003 179.50000000000003 153.50000000000003 -0.74500000476837147 1.2200000286102297 0.84499999880790722 1.0000000180025095e-35
decision_type=8 8 8 8 10 10 10 10 10 10 10 10 10 10 2
left_child=-1 2 -2 6 7 -6 -4 8 10 -10 11 12 -5 -13 -15
right_child=1 -3 3 4 5 -7 -8 -9 9 -11 -12 13 -14 14 -16
leaf_value=-0.23540306050831883 0.30589669092937755 -0.25079044461250305 -0.46005648062342691 0.23903452323542701 0.6640361687829418 -0.036653135848395961 0.0072113995854225432 -0.23651037248117582 0.30549322939836066 -0.016797099676397111 -0.28139617899837704 -0.23588291283311516 -0.044030221241215868 -0.1833950321311536 0.099854209838491498
leaf_weight=26 27 20 21 27 31 34 27 21 26 36 23 29 36 23 33
leaf_count=26 27 20 21 27 31 34 27 21 26 36 23 29 36 23 33
internal_value=-4.27562e-10 0.0147838 0.0282647 0.00783945 0.0386945 0.297522 -0.197218 -0.0275408 -0.00870661 0.118357 -0.0547764 -0.0195585 0.0772832 -0.0913353 -0.0164803
internal_weight=440 414 394 367 319 65 48 254 233 62 171 148 63 85 56
internal_count=440 414 394 367 319 65 48 254 233 62 171 148 63 85 56
is_linear=0
shrinkage=0.05


Tree=131
num_leaves=18
num_cat=0
split_feature=16 23 21 18 19 15 21 6 14 6 6 19 4 11 9 9 16
split_gain=552.786 596.813 1563.5 897.044 1228.55 2943.25 1179.3 1264.56 847.764 783.779 708.817 427.98 464.94 375.382 322.242 302.189 252.33
threshold=54.500000000000007 -0.87838000059127797 0.60355499386787426 0.14500000327825549 994.25000000000011 1.325000047683716 0.60355499386787426 145.50000000000003 92.500000000000014 121.50000000000001 252.50000000000003 992.75000000000011 111.50000000000001 191.2799987792969 190.140007019043 158.64499664306643 287.50000000000006
decision_type=8 2 2 10 10 10 2 8 10 8 8 10 8 10 10 10 8
left_child=-1 2 14 4 6 -6 9 -8 -5 -3 11 12 -11 15 -2 -14 -12
right_child=1 3 -4 8 5 -7 7 -9 -10 10 16 -13 13 -15 -16 -17 -18
leaf_value=-0.22363289279433399 -0.15940639458241918 0.32792027451097971 0.50792354978621013 -0.033778142101234858 0.65560015911857294 -0.059229094286759702 -0.51420184581176098 -0.013842470305306571 -0.41742021379371486 -0.23509846024570014 0.26690150491582848 -0.28542089328169823 0.0028994187712669374 -0.13581651449203491 0.12102625861763955 0.26141481950879097 0.045963174264345853
leaf_weight=26 21 20 21 36 24 36 23 28 24 21 24 20 26 22 20 20 28
leaf_count=26 21 20 21 36 24 36 23 28 24 21 24 20 26 22 20 20 28
internal_value=-7.02725e-10 0.0140446 0.157087 -0.0111504 0.0250314 0.226703 -0.027125 -0.239495 -0.187235 0.032714 -0.00395753 -0.0764199 -0.0294534 0.0340547 -0.02261 0.115297 0.147935
internal_weight=440 414 62 352 292 60 232 51 60 181 161 109 89 68 41 46 52
internal_count=440 414 62 352 292 60 232 51 60 181 161 109 89 68 41 46 52
is_linear=0
shrinkage=0.05


Tree=132
num_leaves=18
num_cat=0
split_feature=5 12 23 16 16 20 13 11 8 21 5 11 6 23 9 17 6
split_gain=544.633 1262.81 819.738 1613.7 1599.88 880.465 886.96 1164.47 638.652 632.527 622.409 616.659 504.896 408.654 362.463 319.157 265.547
threshold=332.50000000000006 272.50000000000006 -0.60785500705242146 77.500000000000014 98.000000000000014 112.50000000000001 10.949999809265138 210.91500091552737 164.75000000000003 0.60355499386787426 131.50000000000003 135.34000396728518 197.00000000000003 -0.87838000059127797 209.84499359130862 1.6050000190734866 174.50000000000003
decision_type=10 10 2 10 10 10 10 10 10 2 8 10 8 2 10 10 8
left_child=1 2 4 -4 -1 6 14 8 -8 10 -7 -11 13 -6 -5 -13 -12
right_child=-2 -3 3 5 12 9 7 -9 -10 11 16 15 -14 -15 -16 -17 -18
leaf_value=-0.51562423110008238 0.22664684695005419 -0.38229082758453758 0.42585388273000718 0.1005687821170558 0.20815615920970837 -0.16461494463895049 0.2524291467208129 0.53131012239239428 -0.12339047864079476 -0.40739074207487563 0.27070357713848353 -0.22813353106379508 -0.19505457447634802 -0.062153121777649582 -0.16954145310101687 0.039841156601905826 0.038455293909646575
leaf_weight=20 25 22 26 23 27 28 26 22 20 21 20 20 27 29 27 25 32
leaf_count=20 25 22 26 23 27 28 26 22 20 21 20 20 27 29 27 25 32
internal_value=1.02234e-09 -0.0136534 0.00698277 0.0500187 -0.114186 0.0130046 0.114573 0.23212 0.0890293 -0.0690851 0.0254428 -0.183664 -0.0174542 0.0681746 -0.0452907 -0.0792587 0.127782
internal_weight=440 415 393 290 103 264 118 68 46 146 80 66 83 56 50 45 52
internal_count=440 415 393 290 103 264 118 68 46 146 80 66 83 56 50 45 52
is_linear=0
shrinkage=0.05


Tree=133
num_leaves=18
num_cat=0
split_feature=15 4 15 15 3 5 12 14 3 13 22 12 5 2 2 4 22
split_gain=549.689 4088.8 1237.99 484.425 500.074 476.648 751.286 235.962 258.635 542.453 473.539 975.344 587.974 217.539 222.232 222.014 122.767
threshold=0.61000001430511486 186.50000000000003 0.82499998807907116 2.745000004768372 84.500000000000014 221.00000000000003 246.50000000000003 96.500000000000014 115.50000000000001 18.050000190734867 -0.37940999865531916 147.50000000000003 159.50000000000003 155.50000000000003 136.50000000000003 160.50000000000003 0.60355499386787426
decision_type=8 10 8 8 10 10 10 10 10 10 2 10 10 8 10 10 2
left_child=1 -1 -2 4 -4 7 -7 8 -6 10 11 -10 -13 14 -12 -15 -17
right_child=2 -3 3 -5 5 6 -8 -9 9 -11 13 12 -14 15 -16 16 -18
leaf_value=0.35401384396986529 0.33431485195419403 -0.55686940705137589 0.23935390629551631 -0.24440028853714468 -0.11570098030567169 -0.34349801349639897 0.024898797465908912 -0.12503726559877396 0.48145313575863846 -0.19357390969991684 0.016175209347045784 -0.13846855059266092 0.24033703846590862 -0.12626648588162478 0.21613745689392092 0.13252216960702623 -0.038446290613639925
leaf_weight=22 29 28 22 20 25 25 31 25 20 20 33 20 21 33 24 21 21
leaf_count=22 29 28 22 20 25 25 31 25 20 20 33 20 21 33 24 21 21
internal_value=-2.35159e-10 -0.156081 0.0200104 -0.00523848 0.0087886 -0.00711245 -0.139564 0.0210902 0.0364397 0.0542966 0.0799826 0.195193 0.0555538 0.0267415 0.10037 -0.029216 0.0470379
internal_weight=440 50 390 361 341 319 56 263 238 213 193 61 41 132 57 75 42
internal_count=440 50 390 361 341 319 56 263 238 213 193 61 41 132 57 75 42
is_linear=0
shrinkage=0.05


Tree=134
num_leaves=18
num_cat=0
split_feature=16 23 5 6 5 6 8 20 4 16 19 6 13 13 21 5 8
split_gain=546.075 608.042 1354.39 3460.16 643.231 603.508 672.809 507.489 294.287 681.6 789.637 394.354 229.946 227.604 469.488 623.441 174.878
threshold=54.500000000000007 0.87838000059127819 249.00000000000003 203.50000000000003 214.00000000000003 155.00000000000003 132.75000000000003 22.500000000000004 120.50000000000001 310.50000000000006 993.54998779296886 125.50000000000001 10.949999809265138 9.8499999046325701 0.37940999865531927 168.00000000000003 158.25000000000003
decision_type=8 2 10 8 10 10 10 10 8 10 10 8 10 10 2 10 10
left_child=-1 2 4 -4 7 6 -3 -2 -9 11 -11 -10 -8 -13 15 16 -15
right_child=1 5 3 -5 -6 -7 12 8 9 10 -12 13 -14 14 -16 -17 -18
leaf_value=-0.22227124732274275 0.24459421273010473 -0.25817471769723027 -0.11847135412196319 0.74964884042062552 -0.26213805959338238 -0.34454911619424822 -0.047148310020565992 0.13706806910889488 0.23098030856677465 -0.40562120025808163 0.013379408872645835 -0.12339369485154748 0.18031102967262269 0.10969690649459761 -0.10477250982553532 0.33136578500270847 -0.089870731500179879
leaf_weight=26 24 22 24 22 21 20 20 35 21 22 23 30 25 21 39 22 23
leaf_count=26 24 22 24 22 21 20 20 35 21 22 23 30 25 21 39 22 23
internal_value=1.11928e-09 0.0139591 0.0452143 0.296717 0.00404309 -0.103517 -0.0315677 0.0255423 0.00326587 -0.020033 -0.191465 0.0294186 0.079218 -0.00193543 0.0327669 0.11404 0.00537746
internal_weight=440 414 327 46 281 87 67 260 236 201 45 156 45 135 105 66 44
internal_count=440 414 327 46 281 87 67 260 236 201 45 156 45 135 105 66 44
is_linear=0
shrinkage=0.05


Tree=135
num_leaves=17
num_cat=0
split_feature=16 23 5 6 5 6 6 3 19 13 5 16 7 13 8 4
split_gain=492.833 548.758 1222.34 3122.79 590.915 549.625 510.916 573.277 633.632 719.771 526.198 434.95 428.151 362.202 263.936 372.936
threshold=54.500000000000007 0.87838000059127819 249.00000000000003 203.50000000000003 221.00000000000003 142.50000000000003 125.50000000000001 115.50000000000001 993.45001220703136 12.750000000000002 146.50000000000003 299.50000000000006 142.62500000000003 9.8499999046325701 145.25000000000003 183.50000000000003
decision_type=8 2 10 8 8 10 8 10 10 10 10 10 10 10 10 10
left_child=-1 2 4 -4 6 12 10 -8 11 -10 -2 13 -3 -9 -15 -16
right_child=1 5 3 -5 -6 -7 7 8 9 -11 -12 -13 -14 14 15 -17
leaf_value=-0.2111576820222231 0.009164882742840311 -0.19985311329364777 -0.11254779292891424 0.71216639578342444 -0.21854860601877726 -0.28076919455613408 -0.2254865385591984 -0.14335695946855206 0.021253897523617046 0.38829147023233501 0.3473822289834852 -0.22341123688220979 0.084689321569525286 0.22293789088726046 -0.13059771452844143 0.13509274295398169
leaf_weight=26 23 20 24 22 27 28 26 28 34 22 23 25 39 20 25 28
leaf_count=26 23 20 24 22 27 28 26 28 34 22 23 25 39 20 25 28
internal_value=-4.36875e-10 0.0132611 0.0429536 0.281881 0.00384093 -0.0983416 0.0274808 -0.00586764 0.0255065 0.165447 0.178274 -0.0366894 -0.0117657 0.00952888 0.06817 0.00976706
internal_weight=440 414 327 46 281 87 254 208 182 56 46 126 59 101 73 53
internal_count=440 414 327 46 281 87 254 208 182 56 46 126 59 101 73 53
is_linear=0
shrinkage=0.05


Tree=136
num_leaves=18
num_cat=0
split_feature=14 5 5 7 3 3 11 11 15 19 19 15 17 11 13 13 3
split_gain=556.152 2117.66 1934.14 963.189 849.139 770.57 1005.73 971.838 901.787 601.11 582.662 393.217 507.037 337.044 828.873 713.504 623.062
threshold=94.500000000000014 241.00000000000003 291.50000000000006 303.50000000000006 289.50000000000006 202.50000000000003 189.02500152587893 211.30500030517581 1.3350000381469729 994.85000610351574 993.04998779296886 0.78499999642372142 0.50499999523162853 134.93999481201175 17.44999980926514 14.250000000000002 151.50000000000003
decision_type=8 8 10 10 8 10 10 10 10 10 10 10 10 10 10 10 10
left_child=2 10 3 4 5 6 9 -8 -7 11 -2 -1 -13 15 16 -14 -15
right_child=1 -3 -4 -5 -6 8 7 -9 -10 -11 -12 12 13 14 -16 -17 -18
leaf_value=-0.20421523573281974 0.092250411926458276 0.5018673348641024 -0.38097697360174998 0.32232282317203026 -0.29867018278067314 0.43959642705463225 -0.50028620302677163 -0.0073769502900540825 -0.0048517866432666781 0.25074500131607053 -0.21186468218054091 0.25180001586675643 0.092785134263660599 -0.25283914303237742 0.32272667907178404 -0.28012750734542979 0.12791864382369178
leaf_weight=23 36 25 35 23 24 21 20 20 25 25 28 20 23 22 20 29 21
leaf_count=23 36 25 35 23 24 21 20 20 25 25 28 20 23 22 20 29 21
internal_value=1.45995e-10 0.111635 -0.0283062 0.0107554 -0.0137021 0.0117226 -0.0267124 -0.253832 0.198048 0.0229311 -0.0407999 -0.0131154 0.0194424 -0.0209676 0.0567994 -0.115185 -0.0668877
internal_weight=440 89 351 316 293 269 223 40 46 183 64 158 135 115 63 52 43
internal_count=440 89 351 316 293 269 223 40 46 183 64 158 135 115 63 52 43
is_linear=0
shrinkage=0.05


Tree=137
num_leaves=18
num_cat=0
split_feature=2 20 3 12 5 20 21 19 22 2 19 19 4 16 6 18 6
split_gain=511.188 745.304 1073.92 576.27 1272.82 485.819 426.379 751.989 746.317 550.815 441.813 471.423 405.741 574.266 404.351 368.889 345.74
threshold=342.00000000000006 192.50000000000003 338.50000000000006 246.50000000000003 209.50000000000003 270.00000000000006 -0.37940999865531916 993.95001220703136 0.78656998276710521 144.50000000000003 992.14999389648449 990.64999389648449 127.50000000000001 300.50000000000006 141.00000000000003 -0.44499999284744257 188.50000000000003
decision_type=10 10 8 10 10 10 2 8 2 10 10 10 8 10 8 10 8
left_child=1 2 3 4 6 -3 7 9 15 -1 11 -11 -7 16 -10 -8 -14
right_child=-2 5 -4 -5 -6 12 8 -9 14 10 -12 -13 13 -15 -16 -17 -18
leaf_value=0.20879248480002086 -0.21957752442359926 -0.27477137992779416 0.39406587007370864 -0.20314947788914048 0.364366897092811 0.14858255794514783 -0.080127182193100457 0.35366497188806534 0.22460497079771902 -0.10546792711096782 -0.2366185652173084 0.21481047473847867 0.12488950874943 -0.32173560962080955 -0.057754502771422273 -0.38380854010581972 -0.11732179430477761
leaf_weight=27 25 27 22 24 29 23 20 20 21 27 23 20 26 20 32 20 34
leaf_count=27 25 27 22 24 29 23 20 20 21 27 23 20 26 20 32 20 34
internal_value=5.22811e-11 0.0132276 0.0584821 0.0304104 0.0538641 -0.0859843 0.0109852 0.0745047 -0.0689264 0.0169458 -0.0570522 0.0308208 -0.0364964 -0.0897066 0.0541238 -0.231968 -0.0123636
internal_weight=440 415 285 263 239 130 210 117 93 97 70 47 103 80 53 40 60
internal_count=440 415 285 263 239 130 210 117 93 97 70 47 103 80 53 40 60
is_linear=0
shrinkage=0.05


Tree=138
num_leaves=16
num_cat=0
split_feature=10 4 5 3 20 12 15 5 5 4 4 15 15 6 4
split_gain=541.121 1823.42 2027.15 1226.34 895.006 2165.6 2040.55 1158.37 363.535 227.582 390.42 399.287 623.074 268.403 234.749
threshold=241.00000000000003 355.50000000000006 210.50000000000003 221.00000000000003 47.500000000000007 146.25000000000003 0.82499998807907116 235.50000000000003 209.50000000000003 103.00000000000001 123.50000000000001 1.2250000238418581 2.0999999046325688 197.00000000000003 150.50000000000003
decision_type=10 8 8 8 10 10 10 10 8 10 10 10 10 8 10
left_child=3 2 -2 4 5 -1 -6 8 9 -8 -11 -12 13 14 -13
right_child=1 -3 -4 -5 6 -7 7 -9 -10 10 11 12 -14 -15 -16
leaf_value=0.14184545397758483 0.055251806389008257 0.29583099931478501 -0.52730043288320305 0.30298914387822151 0.43181764818727975 -0.5939536552131176 -0.15498528318560645 -0.32126109855515617 0.16777154143367495 0.16698595035934088 -0.20526325297355652 0.14536805291260993 -0.18852617602263178 0.20068979287339794 -0.06977383657940664
leaf_weight=20 28 20 32 36 28 20 23 28 35 33 25 21 28 31 32
leaf_count=20 28 20 32 36 28 20 23 28 35 33 25 21 28 31 32
internal_value=-6.29489e-10 -0.117624 -0.255443 0.0261387 -0.00462243 -0.226054 0.0265651 -0.0177594 0.0195128 -0.00737352 0.0125975 -0.024591 0.0157377 0.0838256 0.0154711
internal_weight=440 80 60 360 324 40 284 256 228 193 170 137 112 84 53
internal_count=440 80 60 360 324 40 284 256 228 193 170 137 112 84 53
is_linear=0
shrinkage=0.05


Tree=139
num_leaves=17
num_cat=0
split_feature=15 4 15 15 3 22 5 12 4 14 5 6 10 18 8 24
split_gain=507.281 3586.37 1078.18 434.956 502.349 459.64 522.042 421.025 236.147 220.858 210.281 298.64 189.506 289.319 153.956 70.7874
threshold=0.61000001430511486 186.50000000000003 0.82499998807907116 2.745000004768372 84.500000000000014 -0.91597998142242421 221.00000000000003 246.50000000000003 115.50000000000001 69.500000000000014 186.50000000000003 185.50000000000003 203.25000000000003 -0.89499998092651356 131.50000000000003 1.0000000180025095e-35
decision_type=8 10 8 8 10 2 10 10 8 10 10 10 10 10 10 2
left_child=1 -1 -2 4 -4 -6 8 -8 -7 -10 12 -12 13 -11 -15 -16
right_child=2 -3 3 -5 5 6 7 -9 9 10 11 -13 -14 14 15 -17
leaf_value=0.32778844562443821 0.31254056995284968 -0.52529666242854933 0.24004092934456739 -0.23096152126789093 0.16398011786597116 0.12758016843687406 -0.32532674397031469 -0.037506407057797474 -0.16624160950834102 0.14382830949930045 0.23850071564316752 -0.012646491979730541 -0.14690640419721604 -0.15415379155116779 0.059489921316504484 -0.058345610326012744
leaf_weight=22 29 28 22 20 35 33 24 27 22 26 20 29 28 24 25 26
leaf_count=22 29 28 22 20 35 33 24 27 22 26 20 29 28 24 25 26
internal_value=-1.87408e-09 -0.149939 0.019223 -0.00433994 0.00895165 -0.00698554 -0.0280552 -0.172951 0.00366019 -0.0167866 0.00168536 0.0898626 -0.0318083 0.000100071 -0.0497257 -0.000583095
internal_weight=440 50 390 361 341 319 284 51 233 200 178 49 129 101 75 51
internal_count=440 50 390 361 341 319 284 51 233 200 178 49 129 101 75 51
is_linear=0
shrinkage=0.05


Tree=140
num_leaves=18
num_cat=0
split_feature=14 21 14 16 17 13 19 7 3 3 19 11 19 16 9 14 7
split_gain=506.908 1916.2 913.605 1530.47 2009 848.956 940.159 883.709 681.139 550.551 663.797 634.281 405.506 389.047 351.177 314.917 320.835
threshold=94.500000000000014 0.37940999865531927 86.500000000000014 133.50000000000003 -1.2250000238418577 15.84999990463257 993.85000610351574 300.25000000000006 200.50000000000003 109.00000000000001 992.14999389648449 150.92500305175784 993.25000000000011 283.50000000000006 150.50000000000003 91.500000000000014 191.62500000000003
decision_type=10 2 10 10 10 8 10 8 10 8 8 10 10 10 10 10 10
left_child=2 13 5 4 -4 6 8 9 -1 -7 11 -11 -12 -2 -5 16 -16
right_child=1 -3 3 14 -6 7 -8 -9 -10 10 12 -13 -14 -15 15 -17 -18
leaf_value=-0.076387056002491405 -0.15438332574708122 0.46716180951871844 -0.033449532907633556 -0.17942687819401426 -0.72506621947423344 0.11470634865760804 0.41078989104582714 0.2662885054945946 0.2784364719476019 -0.4867819629964375 0.13286023347274117 -0.11403828930854798 -0.16404622074054637 0.11033674478530885 0.1141140483997085 0.20973436668515208 -0.14532399194744916
leaf_weight=38 35 26 21 24 21 25 26 20 21 21 23 25 23 23 22 20 26
leaf_count=38 35 26 21 24 21 25 26 20 21 21 23 25 23 23 22 20 26
internal_value=2.75269e-10 0.110483 -0.0260689 -0.129166 -0.379258 0.0361611 0.160294 -0.0408557 0.0499061 -0.093359 -0.149898 -0.284204 -0.015593 -0.0494081 -0.0149943 0.0430408 -0.0264149
internal_weight=440 84 356 134 42 222 85 137 59 117 92 46 46 58 92 68 48
internal_count=440 84 356 134 42 222 85 137 59 117 92 46 46 58 92 68 48
is_linear=0
shrinkage=0.05


Tree=141
num_leaves=16
num_cat=0
split_feature=15 4 15 15 9 9 18 22 20 15 5 4 9 5 15
split_gain=468.3 3195.93 996.428 407.547 416.255 1171.49 1056.16 718.022 324.809 422.698 350.78 326.556 309.199 269.177 97.0519
threshold=0.61000001430511486 186.50000000000003 0.82499998807907116 2.4050000905990605 209.84499359130862 198.64499664306643 -0.1950000002980232 -1.0000000180025095e-35 72.500000000000014 1.9950000047683718 200.50000000000003 111.50000000000001 143.7850036621094 146.50000000000003 1.6150000095367434
decision_type=8 10 8 10 10 8 8 2 10 8 10 8 10 10 10
left_child=1 -1 -2 4 5 8 -6 -8 -4 10 11 -10 -13 -11 -14
right_child=2 -3 3 -5 6 -7 7 -9 9 13 -12 12 14 -15 -16
leaf_value=0.30691065300594678 0.30044765986245259 -0.4983998487038272 0.15022889724799565 -0.19487802867706006 -0.31182798361405734 0.3937881320714951 0.21311404232776937 -0.1196031993638505 -0.18785376089811326 -0.0068113876649966614 -0.2566417643381283 0.12897572691241901 -0.12245781750514591 0.22297129255533218 0.020713519006967548
leaf_weight=22 29 28 35 26 32 22 31 34 25 26 20 36 29 25 20
leaf_count=22 29 28 35 26 32 22 31 34 25 26 20 36 29 25 20
internal_value=2.88498e-10 -0.144063 0.0184696 -0.00418233 0.0106179 0.0461995 -0.0766852 0.0390773 0.0107969 -0.016165 -0.0640235 -0.029002 0.0177191 0.105827 -0.0640205
internal_weight=440 50 390 361 335 238 97 65 216 181 130 110 85 51 49
internal_count=440 50 390 361 335 238 97 65 216 181 130 110 85 51 49
is_linear=0
shrinkage=0.05


Tree=142
num_leaves=18
num_cat=0
split_feature=16 11 20 20 12 21 15 21 10 20 6 18 22 19 18 20 15
split_gain=506.949 456.273 811.967 888.678 1822.63 2892.43 958.884 386.934 375.558 463.777 397.901 443.421 792.458 322.843 351.591 326.853 165.674
threshold=54.500000000000007 278.95999145507818 22.500000000000004 47.500000000000007 208.50000000000003 0.60355499386787426 1.0049999952316286 -0.37940999865531916 201.50000000000003 72.500000000000014 334.00000000000006 -0.55500000715255726 -1.0000000180025095e-35 994.04998779296886 -0.94499999284744252 147.50000000000003 1.5950000286102297
decision_type=8 8 8 8 10 2 10 2 10 10 8 10 2 10 8 10 10
left_child=-1 2 -2 6 8 7 -4 -6 9 -5 11 13 -13 14 -11 -16 -14
right_child=1 -3 3 4 5 -7 -8 -9 -10 10 -12 12 16 -15 15 -17 -18
leaf_value=-0.2141604271072608 0.28990787274583624 -0.21952842116355897 -0.44817000308207106 0.21791399135476067 -0.10645216798240489 0.75503877018179211 0.0023167925162447824 0.19009366482496262 -0.22698747515678408 -0.07502857269719243 0.14365387738778676 -0.41940537154674529 -0.15099272488251977 -0.14625008708009354 -0.022947204038500785 0.23471936425194145 0.027372611438234648
leaf_weight=26 27 20 21 21 22 21 27 22 21 32 29 20 23 26 20 32 30
leaf_count=26 27 20 21 21 22 21 27 22 21 32 29 20 23 26 20 32 30
internal_value=-3.89462e-11 0.0134497 0.025276 0.00580716 0.0359882 0.272245 -0.194771 0.0418207 -0.0244712 -0.00621865 -0.0284205 -0.0556891 -0.15123 0.00771508 0.055371 0.135617 -0.0500312
internal_weight=440 414 394 367 319 65 48 44 254 233 212 183 73 110 84 52 53
internal_count=440 414 394 367 319 65 48 44 254 233 212 183 73 110 84 52 53
is_linear=0
shrinkage=0.05


Tree=143
num_leaves=17
num_cat=0
split_feature=3 20 15 15 15 3 18 18 23 15 17 5 5 8 23 4
split_gain=485.747 776.963 2004.12 1096.17 436.235 491.103 439.626 777.358 470.21 513.462 357.299 278.05 292.998 214.826 243.174 199.867
threshold=350.00000000000006 22.500000000000004 0.61000001430511486 0.82499998807907116 2.6250000000000004 84.500000000000014 0.81999999284744274 0.25499999523162847 -0.87838000059127797 1.1299999952316286 0.17500000447034839 230.00000000000003 173.50000000000003 166.00000000000003 1.0000000180025095e-35 144.50000000000003
decision_type=10 8 8 8 8 10 10 10 2 10 10 8 10 10 2 8
left_child=1 -1 -3 -4 5 -5 7 8 -7 -10 -11 12 13 14 15 -12
right_child=-2 2 3 4 -6 6 -8 -9 9 10 11 -13 -14 -15 -16 -17
leaf_value=0.28205827543139461 -0.23466373682022096 -0.43862770640850068 0.37477504043352039 0.25121253217969625 -0.21270267631519926 0.22744289863368738 0.2219877695043882 -0.27030597516783961 -0.19556931902407088 0.21020801653344692 -0.14975883319326069 -0.13949166767058835 0.14708271429345415 -0.12234735037341263 0.13047192193129484 0.061041785776615148
leaf_weight=25 21 25 21 21 22 23 21 27 32 22 23 31 37 33 34 22
leaf_count=25 21 25 21 21 22 23 21 27 32 22 23 31 37 33 34 22
internal_value=4.31689e-10 0.0117612 -0.00538964 0.0239625 0.00279281 0.0173355 0.00123244 -0.015091 0.0117214 -0.00948194 0.0199972 -0.00325074 0.0250947 -0.0152049 0.0295508 -0.0467008
internal_weight=440 419 394 369 348 326 305 284 257 234 202 180 149 112 79 45
internal_count=440 419 394 369 348 326 305 284 257 234 202 180 149 112 79 45
is_linear=0
shrinkage=0.05


Tree=144
num_leaves=16
num_cat=0
split_feature=9 6 5 11 5 2 2 7 8 8 2 7 9 18 15
split_gain=474.481 1648.32 612.1 1991.41 486.136 753.275 729.925 366.747 346.031 326.115 236.972 362.788 609.306 416.466 284.567
threshold=285.50000000000006 191.50000000000003 249.00000000000003 259.02500915527349 218.00000000000003 237.50000000000003 210.50000000000003 198.00000000000003 168.50000000000003 155.00000000000003 149.50000000000003 133.00000000000003 146.28499603271487 -0.75499999523162831 1.6449999809265139
decision_type=10 8 10 10 10 10 10 10 10 10 10 10 10 10 10
left_child=2 -2 4 -4 5 6 7 8 9 10 11 13 -13 -1 -15
right_child=1 -3 3 -5 -6 -7 -8 -9 -10 -11 -12 12 -14 14 -16
leaf_value=0.08279539230797027 -0.44381545757253965 0.13080880796680083 0.49748296093940736 -0.13361250257492066 -0.24457953684031963 0.24802879415452483 -0.29202061329375611 0.17231640551860136 -0.15371480487488412 0.15381977680851433 -0.17311173109781175 0.29740157187455529 -0.048844909681766122 -0.24854266201811182 -0.028641108832051676
leaf_weight=36 24 26 25 25 20 30 22 30 37 34 21 24 27 28 31
leaf_count=36 24 26 25 25 20 30 22 30 37 34 21 24 27 28 31
internal_value=-2.27579e-10 -0.145011 0.0185911 0.181935 -0.00543006 0.00951678 -0.0151569 0.00757075 -0.0131955 0.0126712 -0.0160656 0.00652322 0.114095 -0.0512256 -0.133001
internal_weight=440 50 390 50 340 320 290 268 238 201 167 146 51 95 59
internal_count=440 50 390 50 340 320 290 268 238 201 167 146 51 95 59
is_linear=0
shrinkage=0.05


Tree=145
num_leaves=17
num_cat=0
split_feature=14 5 5 7 3 19 7 15 19 5 5 14 15 22 14 23
split_gain=467.877 2166.8 1444.19 563.391 595.242 631.863 825.38 741.664 498.708 198.212 327.626 281.481 323.828 214.62 153.481 120.201
threshold=94.500000000000014 241.00000000000003 291.50000000000006 303.50000000000006 309.00000000000006 993.64999389648449 162.75000000000003 0.78499999642372142 993.04998779296886 197.00000000000003 146.50000000000003 83.500000000000014 1.8450000286102297 -0.78656998276710499 83.500000000000014 1.0000000180025095e-35
decision_type=10 8 10 10 8 10 10 8 10 10 8 10 10 2 10 2
left_child=2 8 3 4 5 7 14 -1 -2 10 13 12 -12 -9 -7 -15
right_child=1 -3 -4 -5 -6 6 -8 9 -10 -11 11 -13 -14 15 -16 -17
leaf_value=-0.30603232902029287 0.087276571740706771 0.56041439171880492 -0.33002813015665328 0.2361366324424744 -0.27443902276456361 0.080786788108802979 0.31376224252230983 -0.18747014078226956 -0.19407719911209176 -0.13765533341405292 0.32421604424715045 -0.012209104065384184 0.039686712473630904 0.087840319763530392 -0.10819120264866136 -0.063041664930907168
leaf_weight=23 36 20 35 25 20 21 34 22 28 24 20 35 20 22 22 33
leaf_count=23 36 20 35 25 20 21 34 22 28 24 20 35 20 22 22 33
internal_value=-2.32831e-10 0.106144 -0.0250452 0.00820842 -0.0110423 0.00804444 0.129665 -0.0390149 -0.0358157 -0.00412058 0.0169639 0.0913432 0.181951 -0.0554835 -0.0158996 -0.00268887
internal_weight=440 84 356 321 296 276 77 199 64 176 152 75 40 77 43 55
internal_count=440 84 356 321 296 276 77 199 64 176 152 75 40 77 43 55
is_linear=0
shrinkage=0.05


Tree=146
num_leaves=18
num_cat=0
split_feature=5 9 5 18 5 21 2 18 23 5 23 19 9 21 11 14 11
split_gain=459.954 995.734 1428.17 753.8 2450.17 485.886 1062.05 641.732 568.719 556.057 519.869 402.698 399.531 351.286 342.857 441.156 191.447
threshold=332.50000000000006 285.50000000000006 195.50000000000003 0.35500000417232519 249.00000000000003 0.60355499386787426 237.50000000000003 -0.55500000715255726 -1.0000000180025095e-35 164.50000000000003 1.0000000180025095e-35 993.45001220703136 201.54999542236331 -0.37940999865531916 141.62000274658206 85.500000000000014 130.95999908447268
decision_type=10 10 8 10 10 2 8 10 2 10 2 10 10 2 10 10 10
left_child=1 3 -3 4 5 6 8 10 9 13 -7 -5 14 -1 16 -16 -10
right_child=-2 2 -4 11 -6 7 -8 -9 12 -11 -12 -13 -14 -15 15 -17 -18
leaf_value=-0.08544904266794523 0.20828355470299723 0.062442953698337078 -0.52134996002370659 -0.032997899875044825 0.57461812978610405 0.18205548735956353 0.3181985143820445 -0.26298039040395194 0.082660030573606491 0.075222012996673582 -0.15443989471955732 -0.35029050180688504 -0.14457056313753128 -0.36205541423775933 0.35440275889375938 0.065389320494667183 -0.10730362406798773
leaf_weight=24 25 20 22 20 20 24 30 35 36 25 22 20 20 22 23 31 21
leaf_count=24 25 20 22 20 20 24 30 35 36 25 22 20 20 22 23 31 21
internal_value=-1.19717e-09 -0.0125472 -0.243353 0.0134417 0.0380766 0.00379283 0.0406027 -0.101638 -0.000624454 -0.114584 0.0211229 -0.191644 0.0611397 -0.217739 0.0982047 0.188488 0.0126734
internal_weight=440 415 42 373 333 313 232 81 202 71 46 40 131 46 111 54 57
internal_count=440 415 42 373 333 313 232 81 202 71 46 40 131 46 111 54 57
is_linear=0
shrinkage=0.05


Tree=147
num_leaves=16
num_cat=0
split_feature=2 5 2 5 3 18 15 15 3 20 4 4 11 13 13
split_gain=447.672 578.895 1845.89 1013.79 733.986 805.843 903.257 797.633 308.789 265.327 320.127 256.818 285.471 364.32 210.39
threshold=351.50000000000006 259.00000000000006 183.50000000000003 221.00000000000003 209.50000000000003 -0.10500000044703482 1.1749999523162844 0.78499999642372142 190.50000000000003 77.500000000000014 111.50000000000001 122.50000000000001 137.81999969482425 16.44999980926514 12.34999990463257
decision_type=8 10 10 10 10 10 10 8 8 10 8 8 10 8 10
left_child=1 3 -3 4 7 6 -6 -1 9 -9 -11 -12 -13 14 -14
right_child=-2 2 -4 -5 5 -7 -8 8 -10 10 11 12 13 -15 -16
leaf_value=-0.29765752255916594 -0.19724988738695781 0.54749596342444418 -0.051606391618649161 -0.34758123876083469 0.53810198739171022 -0.031603903378195623 0.068594147974536543 0.15316670114795369 -0.13545710386501417 -0.1596222084981424 0.1852518219839443 -0.1230652065399815 0.051499163760588718 0.21329423363010089 -0.14479903092696553
leaf_weight=25 27 20 36 21 20 34 21 33 36 27 22 34 39 24 21
leaf_count=25 27 20 36 21 20 34 21 33 36 27 22 34 39 24 21
internal_value=1.01853e-09 0.0128953 0.162359 -0.01055 0.0105145 0.148373 0.297622 -0.0291001 -0.000651194 0.0236139 -0.00198639 0.0284148 -0.000825997 0.0486518 -0.0172052
internal_weight=440 413 56 357 336 75 41 261 236 200 167 140 118 84 60
internal_count=440 413 56 357 336 75 41 261 236 200 167 140 118 84 60
is_linear=0
shrinkage=0.05


Tree=148
num_leaves=17
num_cat=0
split_feature=16 15 23 11 18 16 15 18 21 13 23 3 5 6 5 5
split_gain=420.399 418.15 579.674 1002.6 642.514 891.267 2071.21 671.727 635.128 353.823 504.274 318.886 591.104 304.817 293.985 212.831
threshold=54.500000000000007 2.4050000905990605 -0.87838000059127797 197.09500122070315 0.14500000327825549 294.50000000000006 1.0349999666213991 0.4200000017881394 0.60355499386787426 13.250000000000002 1.0000000180025095e-35 211.50000000000003 192.50000000000003 142.50000000000003 143.50000000000003 105.50000000000001
decision_type=8 10 2 10 10 10 8 10 2 10 2 10 10 10 10 10
left_child=-1 2 3 -2 5 6 -4 -6 9 13 -11 12 14 -7 15 -8
right_child=1 -3 4 -5 7 8 11 -9 -10 10 -12 -13 -14 -15 -16 -17
leaf_value=-0.19502406955087703 0.016371976501411863 -0.18186975582860984 0.58959577500820159 0.45790399253368386 -0.36781524311412467 0.0276033307497318 -0.019926924109458927 -0.020648010937791124 -0.24561227040631431 -0.066071806989964996 0.27647217092188925 -0.14124639855697751 0.32126748062670235 -0.22527546869082885 -0.081997100005929302 0.19527186133243421
leaf_weight=26 36 26 20 20 22 26 20 38 35 21 22 20 20 22 39 27
leaf_count=26 36 26 20 20 22 26 20 38 35 21 22 20 20 22 39 27
internal_value=9.84979e-10 0.0122479 0.0252558 0.174062 0.00015593 0.0328247 0.116906 -0.147943 -0.0646026 0.00501655 0.109183 0.0418757 0.076427 -0.0882995 0.0194874 0.103698
internal_weight=440 414 388 56 332 272 146 60 126 91 43 126 106 48 86 47
internal_count=440 414 388 56 332 272 146 60 126 91 43 126 106 48 86 47
is_linear=0
shrinkage=0.05


Tree=149
num_leaves=17
num_cat=0
split_feature=8 16 23 15 15 20 9 7 9 11 17 10 17 11 10 13
split_gain=455.602 1143.54 481.053 880.085 742.537 1391.09 475.824 997.371 569.748 367 242.678 393.841 381.139 245.179 217.848 175.722
threshold=344.50000000000006 49.500000000000007 0.87838000059127819 1.1549999713897707 0.82499998807907116 47.500000000000007 226.50000000000003 190.12500000000003 255.75000000000003 185.69999694824222 1.2200000286102297 137.50000000000003 1.5699999928474428 154.55500030517581 190.50000000000003 13.34999990463257
decision_type=10 8 2 10 10 8 10 10 10 10 10 10 10 10 10 10
left_child=1 -1 4 -4 5 -3 7 9 -8 10 11 -6 -12 15 -5 -14
right_child=-2 2 3 14 6 -7 8 -9 -10 -11 12 -13 13 -15 -16 -17
leaf_value=-0.37072665095329288 0.23315580844879152 -0.030186698834101362 -0.37831662048896159 -0.085626145311304039 0.26791538893753158 0.49897278314051424 -0.33504407576152256 0.28267634274328457 0.018229055702686309 -0.17212103729446729 -0.18178228038762298 -0.017078291652379212 -0.11987161928644548 0.16228183266520502 0.099225768287267008 0.065785414457321167
leaf_weight=21 20 27 21 37 22 23 21 34 25 30 28 27 26 25 28 25
leaf_count=21 20 27 21 37 22 23 21 34 25 30 28 27 26 25 28 25
internal_value=-1.88381e-11 -0.0111027 0.00782492 -0.0969127 0.0366027 0.213227 0.00302397 0.0339885 -0.143048 -0.0122158 0.0191382 0.110878 -0.0240854 0.0340134 -0.00599763 -0.0288633
internal_weight=440 420 399 86 313 50 263 217 46 183 153 49 104 76 65 51
internal_count=440 420 399 86 313 50 263 217 46 183 153 49 104 76 65 51
is_linear=0
shrinkage=0.05


Tree=150
num_leaves=18
num_cat=0
split_feature=3 3 15 18 15 5 17 5 5 17 17 17 22 23 12 5 12
split_gain=438.785 774.427 776.094 2016.12 914.54 371.614 1227.87 339.209 232.056 179.139 322.442 306.796 524.483 223.269 249.321 109.388 87.1853
threshold=350.00000000000006 338.50000000000006 0.61000001430511486 -0.22499999403953549 0.82499998807907116 241.00000000000003 -0.82500001788139332 209.50000000000003 200.50000000000003 0.17500000447034839 0.84499999880790722 1.3049999475479128 1.0000000180025095e-35 0.60785500705242168 155.50000000000003 129.50000000000003 142.25000000000003
decision_type=10 8 8 10 10 10 10 10 10 10 10 10 2 2 10 10 10
left_child=1 2 3 -1 -4 7 -7 8 9 -6 -11 12 -12 14 16 -15 -13
right_child=-2 -3 4 -5 5 6 -8 -9 -10 10 11 13 -14 15 -16 -17 -18
leaf_value=-0.56864927470684046 -0.22303190117790583 0.29993832624432715 0.29835425485270445 0.14130067616701125 0.11237612563448074 0.12454304668036374 -0.40371954820372846 0.20063185620567073 -0.15904151101907094 -0.15305892767444734 0.29498784641424813 -0.085083401794063637 -0.029149069006626421 0.14685164151543922 0.048753525332237285 -0.0075016493598620108 -0.22078212704509498
leaf_weight=20 21 22 27 20 39 22 22 23 21 31 24 29 26 22 27 24 20
leaf_count=20 21 22 27 20 39 22 22 23 21 31 24 29 26 22 27 24 20
internal_value=-1.65447e-09 0.0111782 -0.00482361 -0.213674 0.018577 -0.00431384 -0.139588 0.0164976 0.000394614 0.01423 -0.00462568 0.0221268 0.126437 -0.0206231 -0.0732463 0.0663195 -0.140471
internal_weight=440 419 397 40 357 330 44 286 263 242 203 172 50 122 76 46 49
internal_count=440 419 397 40 357 330 44 286 263 242 203 172 50 122 76 46 49
is_linear=0
shrinkage=0.05


Tree=151
num_leaves=18
num_cat=0
split_feature=9 21 3 15 20 2 20 15 7 21 17 5 7 3 5 24 15
split_gain=436.892 1672.94 487.327 1520 1613.4 859.76 1942.73 1211.36 326.314 276.057 230.356 433.194 330.972 491.772 188.96 131.62 73.4908
threshold=278.17001342773443 1.0000000180025095e-35 207.50000000000003 1.5549999475479128 57.500000000000007 183.50000000000003 62.500000000000007 0.72500002384185802 198.75000000000003 -0.60355499386787403 1.5699999928474428 188.50000000000003 133.00000000000003 147.50000000000003 202.50000000000003 1.0000000180025095e-35 1.685000002384186
decision_type=10 2 8 10 8 10 10 10 10 2 10 10 10 10 8 2 10
left_child=2 -2 5 4 -4 7 -7 -1 -8 16 11 12 -11 -14 15 -12 -9
right_child=1 -3 3 -5 -6 6 8 9 -10 10 14 -13 13 -15 -16 -17 -18
leaf_value=0.40626245364546776 0.092933594947680831 -0.48139872380665372 0.044687604729884443 -0.18233048564621382 0.57059977817535401 -0.5679072462377095 -0.1216795421205461 0.18498206675052642 0.13905406109988691 -0.14765838980674745 -0.11399493779987098 -0.24540225250114289 0.25523071363568306 -0.091202343361718327 0.16444208607787181 0.048558537340299655 0.049436125904321671
leaf_weight=20 32 21 35 28 25 21 24 20 24 27 20 28 20 21 21 33 20
leaf_count=20 32 21 35 28 25 21 24 20 24 27 20 28 20 21 21 33 20
internal_value=7.31617e-10 -0.134632 0.018438 0.121861 0.263818 -0.012001 -0.166798 0.0344381 0.00868726 -0.00097378 -0.0287815 -0.079882 -0.0117266 0.0777894 0.037511 -0.0127824 0.117209
internal_weight=440 53 387 88 60 299 69 230 48 210 170 96 68 41 74 53 40
internal_count=440 53 387 88 60 299 69 230 48 210 170 96 68 41 74 53 40
is_linear=0
shrinkage=0.05


Tree=152
num_leaves=16
num_cat=0
split_feature=2 20 5 14 19 15 20 21 19 6 16 15 19 7 19
split_gain=432.327 506.235 1033.49 408.48 879.405 465.755 328.71 381.652 473.581 310.952 288.448 395.773 91.1726 155.198 185.088
threshold=351.50000000000006 192.50000000000003 259.00000000000006 86.500000000000014 991.10000610351574 1.5549999475479128 270.00000000000006 0.37940999865531927 992.04998779296886 143.50000000000003 133.50000000000003 0.85500001907348644 993.75000000000011 147.37500000000003 991.75000000000011
decision_type=8 8 10 10 10 10 8 2 10 10 10 10 10 10 10
left_child=1 2 3 4 5 -1 -3 -8 -9 -10 -5 -12 13 -13 -15
right_child=-2 6 -4 10 -6 -7 7 8 9 -11 11 12 -14 14 -16
leaf_value=-0.19659029854380566 -0.19383973920786823 -0.22045508553939208 0.31333250981388672 -0.15158265103158114 0.29181901882919997 0.13332634178921582 0.16293597859995707 -0.24282831616167511 0.16097345018670672 -0.085146404464136474 0.21126968041062355 -0.10239368246661291 -0.10647152991451581 -0.042345832064747818 0.1381029024720192
leaf_weight=23 27 28 33 37 36 20 21 28 21 33 20 27 29 30 27
leaf_count=23 27 28 33 37 36 20 21 28 21 33 20 27 29 30 27
internal_value=2.39244e-09 0.0126723 0.0504019 0.0155557 0.109499 -0.0431407 -0.0685471 -0.0272517 -0.0759583 0.0105669 -0.0281004 0.00625183 -0.0300345 -0.00364555 0.0431299
internal_weight=440 413 282 249 79 43 131 103 82 54 170 133 113 84 57
internal_count=440 413 282 249 79 43 131 103 82 54 170 133 113 84 57
is_linear=0
shrinkage=0.05


Tree=153
num_leaves=16
num_cat=0
split_feature=8 8 13 14 2 11 11 12 11 20 18 4 7 13 4
split_gain=436.97 1113.28 505.93 788.379 432.147 465.356 431.611 1352.3 453.086 644.022 1386.08 401.432 370.638 396.77 163.194
threshold=344.50000000000006 309.75000000000006 15.84999990463257 79.500000000000014 147.50000000000003 137.81999969482425 259.02500915527349 208.50000000000003 191.2799987792969 67.500000000000014 -0.075000001117587076 158.50000000000003 169.62500000000003 10.750000000000002 145.50000000000003
decision_type=10 8 8 10 10 10 10 10 10 10 10 8 10 10 10
left_child=1 2 3 -1 5 -4 7 8 9 10 -5 -6 13 -11 -15
right_child=-2 -3 4 6 11 -7 -8 -9 -10 12 -12 -13 -14 14 -16
leaf_value=0.3389631597768693 0.2283385181427002 -0.37492521822452551 -0.14184300709101891 0.43125826131839018 -0.30757363484851247 0.13443252946649278 -0.16134731576874339 0.32945476243538518 -0.16054546684981921 0.13658144538674286 -0.090167740046978001 -0.046692797541618349 -0.23469823554158209 -0.17159416113908477 0.009212540338436763
leaf_weight=21 20 20 27 26 29 35 29 35 39 34 25 30 20 26 24
leaf_count=21 20 20 27 26 29 35 29 35 39 34 25 30 20 26 24
internal_value=4.12322e-10 -0.0108733 0.00732934 0.0443612 -0.0780582 0.014119 0.020382 0.0433957 -0.00821286 0.030116 0.175657 -0.174922 -0.0412552 0.00480264 -0.0848069
internal_weight=440 420 400 279 121 62 258 229 194 155 51 59 104 84 50
internal_count=440 420 400 279 121 62 258 229 194 155 51 59 104 84 50
is_linear=0
shrinkage=0.05


Tree=154
num_leaves=18
num_cat=0
split_feature=2 2 6 6 15 18 12 13 17 17 11 12 21 6 18 5 7
split_gain=411.191 403.147 480.752 1722.67 952.689 545.877 815.648 765.683 577.608 426.086 1028.45 363.825 316.514 227.97 153.171 113.522 106.522
threshold=342.00000000000006 316.00000000000006 210.50000000000003 200.50000000000003 1.1299999952316286 -0.30500000715255732 193.75000000000003 9.5999999046325701 0.37500000000000006 -0.67499998211860646 158.58000183105472 155.50000000000003 0.78656998276710521 122.50000000000001 -0.24499999731779096 142.50000000000003 144.37500000000003
decision_type=10 8 10 10 10 8 10 8 10 8 10 10 2 10 10 10 10
left_child=1 2 3 5 -4 6 8 -7 -1 -9 -11 12 13 -10 -6 16 -15
right_child=-2 -3 4 -5 14 7 -8 9 11 10 -12 -13 -14 15 -16 -17 -18
leaf_value=0.20080655716635565 -0.19693338966369631 0.23087205752730369 -0.39723989033982871 0.45578688992695371 0.076248133824817071 -0.11506210376818976 -0.31199937020070279 0.0036152064800262455 0.087262780505877283 0.062574820995330821 0.54361724331974981 0.14036553264373827 -0.22281841047468687 0.037612190345923113 -0.081258192568114312 -0.18712482982315126 -0.11982352977449245
leaf_weight=27 25 20 21 22 29 30 26 21 26 25 20 21 31 21 33 20 22
leaf_count=27 25 20 21 22 29 30 26 21 26 25 20 21 31 21 33 20 22
internal_value=7.92471e-10 0.0118635 0.000774415 0.0292252 -0.106173 -0.00313467 -0.0513909 0.094383 -0.0110586 0.189585 0.276371 -0.0516285 -0.0852275 -0.0373025 -0.00758588 -0.0887104 -0.0429363
internal_weight=440 415 395 312 83 290 194 96 168 66 45 141 120 89 62 63 43
internal_count=440 415 395 312 83 290 194 96 168 66 45 141 120 89 62 63 43
is_linear=0
shrinkage=0.05


Tree=155
num_leaves=17
num_cat=0
split_feature=15 14 15 15 9 18 9 14 16 15 5 21 20 15 15 15
split_gain=423.627 1454.06 711.363 333.389 301.471 879.614 761.66 636.9 250.593 262.374 406.986 372.523 220.542 211.02 207.47 189.31
threshold=0.61000001430511486 89.500000000000014 0.82499998807907116 2.745000004768372 209.84499359130862 -1.0000000180025095e-35 198.64499664306643 90.500000000000014 320.50000000000006 1.9950000047683718 200.50000000000003 1.0000000180025095e-35 72.500000000000014 1.6449999809265139 1.8849999904632571 1.2849999666213991
decision_type=8 10 8 8 8 10 10 10 10 10 10 2 10 10 10 10
left_child=1 -1 -2 4 6 -6 8 -7 9 10 12 -11 -4 15 -15 -14
right_child=2 -3 3 -5 5 7 -8 -9 -10 11 -12 -13 13 14 -16 -17
leaf_value=0.092429407095086999 0.25581945175754617 -0.45387784923825952 0.12275864304258273 -0.19997862160205843 -0.25181941603751562 0.22847092929961429 0.32710214530428255 -0.1087711073724287 0.1687190078522848 -0.07025148918231329 -0.24006232118064708 0.18405953041381307 -0.0082048720121383669 0.10863152564533296 -0.097924254797399052 -0.21649186667054893
leaf_weight=29 29 21 26 20 38 28 21 28 23 24 22 36 20 31 20 24
leaf_count=29 29 21 26 20 38 28 21 28 23 24 22 36 20 31 20 24
internal_value=9.90589e-11 -0.13702 0.0175666 -0.0015728 0.0100639 -0.0661441 0.0390661 0.0598499 0.0123017 -0.00542044 -0.042241 0.0823351 -0.00627343 -0.0415875 0.0276293 -0.121816
internal_weight=440 50 390 361 341 94 247 56 226 203 143 60 121 95 51 44
internal_count=440 50 390 361 341 94 247 56 226 203 143 60 121 95 51 44
is_linear=0
shrinkage=0.05


Tree=156
num_leaves=16
num_cat=0
split_feature=8 16 23 5 15 5 3 2 6 3 7 23 15 2 6
split_gain=423.322 1066.81 417.112 928.737 739.443 613.424 329.491 244.04 255.061 277.39 294.685 419.344 233.15 232.64 142.259
threshold=344.50000000000006 49.500000000000007 0.87838000059127819 259.00000000000006 1.1549999713897707 218.00000000000003 190.50000000000003 244.00000000000003 125.50000000000001 115.50000000000001 144.37500000000003 -0.60785500705242146 1.485000014305115 127.50000000000001 188.50000000000003
decision_type=10 8 2 10 10 10 10 8 8 10 10 2 8 10 8
left_child=1 -1 3 5 -4 7 -6 8 -3 -10 13 -12 -13 -11 -14
right_child=-2 2 4 -5 6 -7 -8 -9 9 10 11 12 14 -15 -16
leaf_value=-0.35805037163552789 0.22474440336227419 0.11936629945651078 -0.34789033432801569 0.26607258994328348 -0.10454422795289271 -0.26428814321756361 0.12279209859137025 0.14391660975913209 -0.17622688022255897 0.006321965999901296 -0.17558755213946203 0.17490034371614457 0.058634546369314193 0.23206366634085063 -0.10841201864039669
leaf_weight=21 20 39 21 38 37 20 28 36 25 25 38 20 25 21 26
leaf_count=21 20 39 21 38 37 20 28 36 25 25 38 20 25 21 26
internal_value=-9.74185e-11 -0.0107021 0.00757937 0.0343764 -0.0899495 0.00236024 -0.00661473 0.0232738 0.00344215 -0.0216747 0.00325301 -0.0415337 0.0302135 0.109378 -0.0265264
internal_weight=440 420 399 313 86 275 65 255 219 180 155 109 71 46 51
internal_count=440 420 399 313 86 275 65 255 219 180 155 109 71 46 51
is_linear=0
shrinkage=0.05


Tree=157
num_leaves=18
num_cat=0
split_feature=9 4 21 5 21 5 15 19 9 4 15 6 19 6 7 6 9
split_gain=383.709 1487.96 426.384 1349.07 784.467 609.576 565.681 544.101 402.818 375.21 877.166 476.649 293.727 253.158 219.665 219.535 90.7596
threshold=278.17001342773443 340.00000000000006 1.0000000180025095e-35 249.00000000000003 0.60355499386787426 174.50000000000003 0.88499999046325695 994.25000000000011 146.64499664306643 218.00000000000003 1.1050000190734866 146.50000000000003 992.35000610351574 310.50000000000006 140.12500000000003 199.50000000000003 142.56999969482425
decision_type=10 8 2 10 2 10 8 8 10 8 10 8 10 8 10 10 10
left_child=2 -2 7 4 5 8 -6 9 -4 10 -1 -12 -8 14 -13 -16 -14
right_child=1 -3 3 -5 6 -7 12 -9 -10 -11 11 13 16 -15 15 -17 -18
leaf_value=-0.37466284334659578 -0.34078806042671206 0.20086270975215093 0.19419882201123984 0.3623520280375625 -0.31999161860439929 0.37360512904822829 -0.15819455757737161 0.1918566716214021 -0.12314088806509971 0.076045743479894901 -0.24774379989375239 0.09149083679630643 -0.012552867423404347 0.13890458098970926 -0.20980744101107121 0.0019038912653923036 0.13106879808685998
leaf_weight=24 32 21 20 33 20 20 24 24 20 39 23 21 22 26 24 25 22
leaf_count=24 32 21 20 33 20 20 24 24 20 39 23 21 22 26 24 25 22
internal_value=-6.14779e-10 -0.126172 0.0172793 0.0732692 0.00881155 0.148221 -0.0862404 -0.0319157 0.035529 -0.0614241 -0.0989159 -0.043303 -0.01749 0.00567756 -0.0438068 -0.101791 0.059258
internal_weight=440 53 387 181 148 60 88 206 40 182 143 119 68 96 70 49 44
internal_count=440 53 387 181 148 60 88 206 40 182 143 119 68 96 70 49 44
is_linear=0
shrinkage=0.05


Tree=158
num_leaves=18
num_cat=0
split_feature=2 2 2 5 15 15 22 12 16 19 2 7 21 7 9 5 14
split_gain=379.7 420.451 351.906 1707.25 1287.05 447.946 322.185 330.802 261.091 217.874 233.218 318.284 464.874 431.305 387.935 284.023 438.673
threshold=351.50000000000006 309.50000000000006 183.50000000000003 259.00000000000006 0.61000001430511486 0.89499998092651378 -0.78656998276710499 220.50000000000003 297.50000000000006 995.35000610351574 149.50000000000003 131.00000000000003 0.60355499386787426 115.12500000000001 146.28499603271487 137.50000000000003 88.500000000000014
decision_type=8 10 10 10 8 10 2 10 10 10 10 10 2 10 10 8 10
left_child=1 2 3 9 -4 -6 -7 8 -8 10 11 12 13 -1 -13 -12 -17
right_child=-2 -3 4 -5 5 6 7 -9 -10 -11 15 14 -14 -15 -16 16 -18
leaf_value=0.17661677769252235 -0.18165915431799715 0.22984076199077427 -0.41361808262088084 0.47959729373455051 0.21798147045075897 0.12517361718675366 0.074093081085293583 -0.22235208700956971 -0.15485226765275004 0.13670760056376458 0.029919818575893133 0.26993737314706262 -0.2256799009939035 -0.098502824018741483 -0.011963949696375775 -0.34514314583502714 -0.021595187493684619
leaf_weight=28 27 21 22 20 20 23 33 29 20 25 28 23 24 29 26 20 22
leaf_count=28 27 21 22 20 20 23 33 29 20 25 28 23 24 29 26 20 22
internal_value=7.59028e-10 0.011876 0.000199341 0.0368951 -0.0609603 0.00110751 -0.0402018 -0.0865876 -0.0123014 -0.0024562 -0.0198517 0.0197682 -0.0410818 0.0366436 0.120357 -0.0934315 -0.175666
internal_weight=440 413 392 245 147 125 105 82 53 225 200 130 81 57 49 70 42
internal_count=440 413 392 245 147 125 105 82 53 225 200 130 81 57 49 70 42
is_linear=0
shrinkage=0.05


Tree=159
num_leaves=18
num_cat=0
split_feature=8 8 14 5 5 19 19 3 16 3 20 20 4 7 13 14 9
split_gain=410.656 965.44 452.317 1558.75 627.957 422.937 381.934 562.122 373.098 353.095 346.772 204.142 276.588 244.912 363.013 276.004 68.0597
threshold=344.50000000000006 309.75000000000006 94.500000000000014 230.00000000000003 309.00000000000006 993.04998779296886 993.64999389648449 158.50000000000003 85.500000000000014 134.50000000000003 615.00000000000011 352.50000000000006 244.00000000000003 210.00000000000003 15.84999990463257 85.500000000000014 150.50000000000003
decision_type=10 8 10 8 10 10 10 10 10 8 10 10 10 10 10 10 10
left_child=1 2 4 5 6 -4 8 9 -1 -8 11 12 13 14 15 -10 -17
right_child=-2 -3 3 -5 -6 -7 7 -9 10 -11 -12 -13 -14 -15 -16 16 -18
leaf_value=-0.24260373719036582 0.22135659635066984 -0.3495588916540146 0.089397734353052719 0.48269065121809646 -0.28428870581445242 -0.18661168008718804 0.10428824722766877 0.23827166671657729 0.18111149021066153 -0.16465678168865649 -0.20281893942843784 0.13423585309474559 0.14372473116154258 -0.19229722289044573 -0.15347175506664623 -0.089635804082666137 0.036206946725195109
leaf_weight=20 20 20 35 21 21 23 26 36 26 23 22 27 23 23 31 21 22
leaf_count=20 20 20 35 21 21 23 26 36 26 23 22 27 23 23 31 21 22
internal_value=1.17791e-10 -0.0105408 0.00641011 0.113587 -0.0199667 -0.0200543 -0.00146416 0.0882608 -0.0369368 -0.0219513 -0.0158428 0.00793454 -0.0154225 -0.0451818 -0.0113452 0.0525087 -0.0252511
internal_weight=440 420 400 79 321 58 300 85 215 49 195 173 146 123 100 69 43
internal_count=440 420 400 79 321 58 300 85 215 49 195 173 146 123 100 69 43
is_linear=0
shrinkage=0.05


Tree=160
num_leaves=17
num_cat=0
split_feature=12 12 9 21 19 19 11 12 21 22 18 2 8 18 11 13
split_gain=377.45 2111.32 989.252 1691.42 943.6 1716.38 595.977 402.638 421.311 504.457 326.49 324.216 365.244 357.184 215.316 145.911
threshold=212.25000000000003 222.25000000000003 198.64499664306643 -1.0000000180025095e-35 993.75000000000011 991.10000610351574 185.69999694824222 155.50000000000003 -0.37940999865531916 -0.37940999865531916 -0.35500000417232508 149.50000000000003 129.25000000000003 -0.90500000119209278 191.2799987792969 15.449999809265138
decision_type=10 10 10 2 8 10 10 10 2 2 10 8 10 10 10 10
left_child=2 -2 6 14 5 -3 7 8 9 -1 -8 12 13 -10 -4 -15
right_child=1 4 3 -5 -6 -7 10 -9 11 -11 -12 -13 -14 15 -16 -17
leaf_value=0.26458876788616181 -0.51826614240523095 -0.097401672793972882 0.11056896065888198 0.52341955123841766 -0.20020130286956658 0.4594244472682476 -0.062737057983875286 0.16454164383589831 0.067300826417548323 -0.024606154535553957 -0.33377258934080606 -0.22978417325019837 0.10681028212561752 -0.091852212529629482 -0.11374847769737245 -0.2828434519469738
leaf_weight=25 22 31 23 25 29 25 25 38 21 38 20 25 33 20 20 20
leaf_count=25 22 31 23 25 29 25 25 38 21 38 20 25 33 20 20 20
internal_value=7.48656e-10 -0.0816966 0.0262509 0.196377 0.0312979 0.151181 -0.017404 0.0165082 -0.0143999 0.0901537 -0.183197 -0.0697518 -0.02719 -0.0996819 0.00623527 -0.187348
internal_weight=440 107 333 68 85 56 265 220 182 63 45 119 94 61 43 40
internal_count=440 107 333 68 85 56 265 220 182 63 45 119 94 61 43 40
is_linear=0
shrinkage=0.05


Tree=161
num_leaves=16
num_cat=0
split_feature=5 5 5 5 2 17 2 7 7 7 21 7 24 11 6
split_gain=387.641 1929.18 646.048 444.501 295.978 725.424 413.709 179.993 263.134 194.616 359.61 352.311 313.359 456.675 109.904
threshold=291.50000000000006 338.50000000000006 249.00000000000003 221.00000000000003 232.50000000000003 0.17500000447034839 210.50000000000003 198.00000000000003 173.62500000000003 133.00000000000003 0.60355499386787426 115.12500000000001 1.0000000180025095e-35 156.30000305175784 155.00000000000003
decision_type=10 10 10 10 8 8 10 10 10 10 2 10 2 10 10
left_child=2 -2 3 4 6 -6 7 8 9 10 11 -1 13 -11 -14
right_child=1 -3 -4 -5 5 -7 -8 -9 -10 12 -12 -13 14 -15 -16
leaf_value=0.16932566323214107 -0.48538681864738464 0.18460574366829613 0.27878213782202116 -0.22934903712361121 0.26528533071279531 -0.06147517783172203 -0.21268857945890529 0.12593830397416805 -0.13934906523209065 0.3359777706116438 -0.16784521687556717 -0.075920644099824131 0.062969664079339613 0.033189018115852821 -0.07854791891980259
leaf_weight=27 21 22 22 20 35 33 23 29 32 20 34 32 23 33 34
leaf_count=27 21 22 22 20 35 33 23 29 32 20 34 32 23 33 34
internal_value=-1.07181e-09 -0.1426 0.0154453 -3.76179e-06 0.0129171 0.10671 -0.0093057 0.00841326 -0.00608983 0.0149166 -0.0383269 0.0363107 0.0599315 0.147449 -0.0214443
internal_weight=440 43 397 375 355 68 287 264 235 203 93 59 110 53 57
internal_count=440 43 397 375 355 68 287 264 235 203 93 59 110 53 57
is_linear=0
shrinkage=0.05


Tree=162
num_leaves=17
num_cat=0
split_feature=2 3 11 20 12 19 3 17 19 6 16 20 16 10 6 2
split_gain=394.621 513.7 215.988 1055.24 814.781 1081.1 401.596 370.732 260.801 410.647 312.595 283.11 255.864 180.416 173.596 120.394
threshold=342.00000000000006 370.50000000000006 191.2799987792969 47.500000000000007 226.25000000000003 993.35000610351574 211.50000000000003 0.37500000000000006 992.04998779296886 117.50000000000001 307.50000000000006 92.500000000000014 293.50000000000006 159.00000000000003 150.50000000000003 127.50000000000001
decision_type=10 8 10 8 10 8 10 8 10 10 10 10 10 10 8 10
left_child=1 2 6 -4 7 -6 8 -5 10 -10 13 -11 15 14 -1 -13
right_child=-2 -3 3 4 5 -7 -8 -9 9 11 -12 12 -14 -15 -16 -17
leaf_value=-0.04491342613191316 -0.19292458772659304 0.25257873450006757 -0.30851438449275115 -0.2267694559746555 0.44771338601907096 -0.053838629580356859 0.20116932834016868 0.015813320585423046 0.23448713901638985 0.1738827409571968 -0.23142338238656521 -0.038195815049111848 -0.13656603963114322 -0.12559403955936432 0.12276606672796711 0.1352935216203332
leaf_weight=33 25 21 31 28 21 22 29 36 25 20 20 20 35 25 29 20
leaf_count=33 25 21 31 28 21 22 29 36 25 20 20 20 35 25 29 20
internal_value=-8.22104e-10 0.011622 -0.00122091 -0.0516426 0.0227782 0.191105 0.0259595 -0.0903166 0.0035759 0.0541831 -0.0531799 0.00673471 -0.0378381 -0.0122043 0.0335173 0.0485489
internal_weight=440 415 394 138 107 43 256 64 227 120 107 95 75 87 62 40
internal_count=440 415 394 138 107 43 256 64 227 120 107 95 75 87 62 40
is_linear=0
shrinkage=0.05


Tree=163
num_leaves=19
num_cat=0
split_feature=8 8 14 5 5 19 19 15 15 5 11 4 14 4 15 4 14 13
split_gain=354.494 877.779 416.225 1347.07 556.448 359.37 321.12 502.304 357.168 277.285 261.73 188.808 262.423 562.016 248.068 242.412 188.53 100.511
threshold=344.50000000000006 309.75000000000006 94.500000000000014 230.00000000000003 309.00000000000006 993.04998779296886 993.64999389648449 0.91500002145767223 0.74500000476837169 218.00000000000003 166.46999359130862 218.00000000000003 76.500000000000014 121.50000000000001 1.3149999976158144 117.50000000000001 65.500000000000014 12.949999809265138
decision_type=10 8 10 8 10 10 10 10 8 10 10 10 8 8 8 10 10 10
left_child=1 2 4 5 6 -4 8 -8 -1 11 -9 12 13 -10 -14 -16 -15 -17
right_child=-2 -3 3 -5 -6 -7 7 10 9 -11 -12 -13 14 16 15 17 -18 -19
leaf_value=-0.22991672618580716 0.20566382706165315 -0.33305417835712436 0.085837337140526104 0.45230921804904939 -0.26775037646293642 -0.16858604598952376 0.29294599351428807 0.12221312756039973 0.27856620189157272 -0.18441087447461629 -0.080907412525266412 0.1524608674645424 -0.2209831440448761 -0.13923434169793672 -0.15432302431891795 -0.019154105266487156 0.072874261736869825 0.128732634652406
leaf_weight=21 20 20 35 21 21 23 21 29 21 21 35 20 20 22 23 27 20 20
leaf_count=21 20 20 35 21 21 23 21 29 21 21 35 20 20 22 23 27 20 20
internal_value=1.40312e-09 -0.00979351 0.00636952 0.109181 -0.0189331 -0.0150547 -0.00151585 0.0807563 -0.0340421 -0.0128391 0.0111316 0.0079875 -0.0108979 0.0673686 -0.0656845 -0.0213134 -0.0382302 0.0437764
internal_weight=440 420 400 79 321 58 300 85 215 194 64 173 153 63 90 70 42 47
internal_count=440 420 400 79 321 58 300 85 215 194 64 173 153 63 90 70 42 47
is_linear=0
shrinkage=0.05


Tree=164
num_leaves=17
num_cat=0
split_feature=3 3 15 18 15 9 18 22 17 9 6 2 2 15 13 13
split_gain=375.682 683.556 672.847 1598.86 749.92 332.397 230.137 205.881 179.863 260.258 241.109 271.448 360.653 263.364 246.844 470.793
threshold=350.00000000000006 338.50000000000006 0.61000001430511486 -0.22499999403953549 0.82499998807907116 270.34498596191412 0.14500000327825549 1.0000000180025095e-35 0.17500000447034839 204.93000030517581 202.50000000000003 156.50000000000003 141.00000000000003 1.7500000000000002 16.849999427795414 10.750000000000002
decision_type=10 8 8 10 10 10 10 2 10 10 8 10 10 10 10 10
left_child=1 2 3 -1 -4 6 8 -8 -6 10 11 12 14 -12 15 -10
right_child=-2 -3 4 -5 5 -7 7 -9 9 -11 13 -13 -14 -15 -16 -17
leaf_value=-0.5152689155936242 -0.20637224004382182 0.28163343190469525 0.27044659632223622 0.11696206390857698 0.11361229681642726 0.18886100252469382 0.0082370572856494371 -0.19452620624534545 0.05104844322800637 -0.15017724993328255 0.21657426854595543 -0.1408991822678792 0.18990902717670669 -0.0031605873505274455 0.080984654973245002 -0.25580423524603252
leaf_weight=20 21 22 27 20 32 21 21 31 25 30 25 38 23 30 29 25
leaf_count=20 21 22 27 20 32 21 21 31 25 30 25 38 23 30 29 25
internal_value=8.55256e-10 0.0103432 -0.00469047 -0.199153 0.0170981 -0.00363042 -0.0167124 -0.112641 0.00269733 -0.0130772 0.00801507 -0.0268329 0.0156624 0.0967189 -0.0350676 -0.102378
internal_weight=440 419 397 40 357 330 309 52 257 225 195 140 102 55 79 50
internal_count=440 419 397 40 357 330 309 52 257 225 195 140 102 55 79 50
is_linear=0
shrinkage=0.05


Tree=165
num_leaves=17
num_cat=0
split_feature=2 3 15 19 11 15 12 15 20 14 12 7 11 13 2 20
split_gain=379.693 453.234 232.696 271.708 1254.01 1336.67 771.194 1166.14 607.153 587.815 504.234 435.379 311.563 209.048 391.303 175.472
threshold=342.00000000000006 370.50000000000006 2.4050000905990605 992.95001220703136 166.46999359130862 1.1050000190734866 187.75000000000003 1.0049999952316286 87.500000000000014 85.500000000000014 159.50000000000003 193.12500000000003 150.92500305175784 14.250000000000002 115.50000000000001 112.50000000000001
decision_type=10 8 10 8 10 8 10 10 10 10 10 10 10 10 10 10
left_child=1 2 3 6 9 -6 10 -8 -9 -5 12 -7 13 -1 -15 -11
right_child=-2 -3 -4 4 5 11 7 8 -10 15 -12 -13 -14 14 -16 -17
leaf_value=0.050985315873434668 -0.18924043560028078 0.23773197726834391 -0.16682735599577428 0.2598166552908493 -0.52539943172818138 -0.20739371914129992 0.49937668994069101 -0.13592590695867937 0.1925382360816002 -0.12904540527611971 -0.25160158705298924 0.072150602551798032 0.13963017291788546 0.064862283393740658 -0.22261967525399964 0.073456498547254709
leaf_weight=38 25 21 20 33 21 26 20 24 34 20 21 30 35 20 29 23
leaf_count=38 25 21 20 33 21 26 20 24 34 20 21 30 35 20 29 23
internal_value=-7.22145e-10 0.0114 -0.000663353 0.00822242 -0.0429972 -0.185209 0.0436821 0.170149 0.056622 0.101086 -0.0252997 -0.0576378 0.0136539 -0.0370262 -0.10528 -0.0207304
internal_weight=440 415 394 374 153 77 221 78 58 76 143 56 122 87 49 43
internal_count=440 415 394 374 153 77 221 78 58 76 143 56 122 87 49 43
is_linear=0
shrinkage=0.05


Tree=166
num_leaves=18
num_cat=0
split_feature=3 3 5 19 8 15 15 15 8 15 6 2 14 4 19 19 6
split_gain=343.484 599.029 764.186 2166.7 410.357 297.036 604.172 215.945 282.624 258.817 129.037 242.879 236.994 178.283 252.714 238.76 374.57
threshold=350.00000000000006 338.50000000000006 277.50000000000006 993.75000000000011 290.50000000000006 0.50499999523162853 0.84499999880790722 1.2250000238418581 145.75000000000003 1.3550000190734866 145.50000000000003 117.50000000000001 78.500000000000014 190.50000000000003 992.54998779296886 990.54998779296886 174.50000000000003
decision_type=10 8 10 10 10 8 10 10 10 8 8 10 10 8 10 10 10
left_child=1 2 4 -4 5 -1 -7 8 -8 -9 12 -12 -11 15 -15 -13 -17
right_child=-2 -3 3 -5 -6 6 7 9 -10 10 11 13 -14 14 -16 16 -18
leaf_value=-0.17551462167785281 -0.19733051146779743 0.26385335556485434 0.17078899845480922 -0.54827575439756571 0.23968831241130828 0.2211046880167542 0.04342631384649355 0.16537709797804173 -0.1835125191082411 -0.19928378187829543 0.18033618841852461 -0.074870852036056687 0.011017463456940007 0.028256229590624571 -0.20925041790164653 0.27570038992911577 -0.0097880509440545702
leaf_weight=21 21 22 20 22 20 33 23 26 34 21 21 27 37 24 21 20 27
leaf_count=21 21 22 20 22 20 33 23 26 34 21 21 27 37 24 21 20 27
internal_value=-1.5788e-09 0.00989007 -0.00418346 -0.205864 0.0196773 0.00654235 0.0187181 -0.00504968 -0.0919407 0.017061 -0.00241487 0.0235655 -0.0651261 -0.00409993 -0.0825802 0.0436246 0.111696
internal_weight=440 419 397 42 355 335 314 281 57 224 198 140 58 119 45 74 47
internal_count=440 419 397 42 355 335 314 281 57 224 198 140 58 119 45 74 47
is_linear=0
shrinkage=0.05


Tree=167
num_leaves=18
num_cat=0
split_feature=2 20 3 11 11 19 13 2 3 7 20 18 3 15 12 11 2
split_gain=362.904 410.612 687.136 465.238 662.531 525.431 699.123 569.942 411.974 386.355 268.678 250.574 427.632 230.754 196.394 385.882 127.182
threshold=342.00000000000006 192.50000000000003 338.50000000000006 259.75000000000006 232.58000183105472 994.25000000000011 11.750000000000002 225.50000000000003 209.50000000000003 173.62500000000003 270.00000000000006 -0.69499999284744252 137.50000000000003 1.0549999475479128 123.50000000000001 144.7799987792969 149.50000000000003
decision_type=10 10 8 10 10 10 10 8 10 10 10 10 8 10 10 10 10
left_child=1 2 3 4 5 7 -7 8 9 14 -3 12 -12 -13 -1 -16 -17
right_child=-2 10 -4 -5 -6 6 -8 -9 -10 -11 11 13 -14 -15 15 16 -18
leaf_value=0.14686701030780872 -0.18500935697555543 -0.20288954334402526 0.3131678732958707 -0.18290551902353766 0.31925553441047672 -0.026718775164335969 0.39134923773352059 -0.23455845389801722 0.20430184125900272 -0.21368187722705662 0.21303004084721855 -0.23022624402794811 -0.080359188770806347 -0.016922736319247633 -0.15487467560075946 0.14325352978927117 -0.01493679064248378
leaf_weight=24 25 27 22 25 20 20 20 26 25 21 23 21 27 32 31 27 24
leaf_count=24 25 27 22 25 20 20 20 26 25 21 23 21 27 32 31 27 24
internal_value=4.06184e-10 0.0111451 0.0447352 0.0222808 0.043834 0.0185659 0.182315 -0.0182317 0.0187716 -0.0177501 -0.0624946 -0.0256921 0.0545999 -0.101439 0.0210666 -0.0157531 0.068811
internal_weight=440 415 285 263 238 218 40 178 152 127 130 103 50 53 106 82 51
internal_count=440 415 285 263 238 218 40 178 152 127 130 103 50 53 106 82 51
is_linear=0
shrinkage=0.05


Tree=168
num_leaves=17
num_cat=0
split_feature=10 18 3 20 12 13 12 16 17 6 6 9 6 20 22 6
split_gain=341.186 995.105 881.815 608.342 1356.53 555.506 528.218 352.701 221.627 432.452 276.511 180.064 174.408 230.584 381.706 170.892
threshold=241.00000000000003 -0.1950000002980232 221.00000000000003 47.500000000000007 146.25000000000003 9.5999999046325701 208.50000000000003 102.50000000000001 0.81999999284744274 183.50000000000003 202.50000000000003 171.43000030517581 151.50000000000003 352.50000000000006 0.60355499386787426 156.50000000000003
decision_type=10 8 8 10 10 10 10 10 8 8 10 10 8 10 2 10
left_child=2 -2 3 4 -1 -3 7 -5 9 -9 11 12 13 14 -10 -14
right_child=1 5 -4 6 -6 -7 -8 8 10 -11 -12 -13 15 -15 -16 -17
leaf_value=0.10328839302062989 -0.3889802884487879 -0.18715853460810403 0.25551802300744586 0.1629249836185149 -0.47906247762264687 0.13011072914342622 0.20844342997579865 0.0037965408992022276 -0.27332077834755186 -0.28417498977346856 0.16396927639194159 -0.12950095370892556 0.18076637834310533 0.093532390147447589 0.019738776572048665 -0.0054531637579202652
leaf_weight=20 21 22 36 28 20 37 33 32 20 22 23 31 22 20 25 28
leaf_count=20 21 22 36 28 20 37 33 32 20 22 23 31 22 20 25 28
internal_value=-5.89379e-10 -0.0933997 0.0207555 -0.00532924 -0.187887 0.0118069 0.0203831 -0.00434193 -0.0253441 -0.113525 0.00283217 -0.0225524 0.00627716 -0.0477277 -0.11051 0.0764834
internal_weight=440 80 360 324 40 59 284 251 223 54 169 146 115 65 45 50
internal_count=440 80 360 324 40 59 284 251 223 54 169 146 115 65 45 50
is_linear=0
shrinkage=0.05


Tree=169
num_leaves=17
num_cat=0
split_feature=8 16 20 21 5 20 18 17 20 5 5 21 24 19 5 8
split_gain=363.287 871.727 279.576 336.304 787.289 472.259 414.337 448.935 362.53 647.101 267.285 227.356 226.102 153.348 150.069 132.099
threshold=344.50000000000006 49.500000000000007 615.00000000000011 1.0000000180025095e-35 259.00000000000006 22.500000000000004 -0.64499998092651356 0.47499999403953558 62.500000000000007 120.50000000000001 150.50000000000003 0.60355499386787426 1.0000000180025095e-35 992.54998779296886 202.50000000000003 147.25000000000003
decision_type=10 8 10 2 10 10 10 10 10 10 8 2 2 10 8 10
left_child=1 -1 3 5 6 -3 -5 -8 9 -7 12 -9 -10 14 -12 -14
right_child=-2 2 -4 4 -6 8 7 11 10 -11 13 -13 15 -15 -16 -17
leaf_value=-0.32390172891318803 0.20819867312908175 0.21237282011657954 -0.12629186009160348 0.15291985009725279 0.31195448760328626 0.084764764308929444 -0.21126191593982557 0.16701712147110986 -0.19036804807186128 -0.26504726371704002 0.22975204721093179 -0.050619717388014712 -0.087174157017753245 -0.01152405826484456 0.036058611441403626 0.092376731447875504
leaf_weight=21 20 20 36 39 29 20 27 21 25 39 20 28 21 34 20 20
leaf_count=21 20 20 36 39 29 20 27 21 25 39 20 28 21 34 20 20
internal_value=-1.24035e-10 -0.00991422 0.00661144 0.0197919 0.0791423 -0.019233 0.0204331 -0.0475535 -0.0425099 -0.146467 0.00130051 0.0426532 -0.0718534 0.0665459 0.132905 0.000411642
internal_weight=440 420 399 363 144 219 115 76 199 59 140 49 66 74 40 41
internal_count=440 420 399 363 144 219 115 76 199 59 140 49 66 74 40 41
is_linear=0
shrinkage=0.05


Tree=170
num_leaves=17
num_cat=0
split_feature=9 4 8 17 20 5 5 9 18 7 4 18 5 3 14 23
split_gain=334.229 1119.92 358.413 638.355 470.751 930.462 176.505 436.532 235.52 240.703 177.294 160.532 239.368 172.944 207.234 80.0819
threshold=278.17001342773443 340.00000000000006 215.00000000000003 0.17500000447034839 47.500000000000007 259.00000000000006 151.50000000000003 171.43000030517581 -0.80500000715255726 129.87500000000003 125.50000000000001 -1.1449999809265134 218.00000000000003 168.00000000000003 80.500000000000014 1.0000000180025095e-35
decision_type=10 8 10 10 8 10 8 10 10 10 8 10 8 10 10 2
left_child=2 -2 4 -4 -1 6 7 8 10 -10 -6 -8 13 14 -13 -16
right_child=1 -3 3 -5 5 -7 11 -9 9 -11 -12 12 -14 -15 15 -17
leaf_value=-0.17776496917009355 -0.30394748868420723 0.16596439934912183 0.34280045567588374 0.0043668147838233336 0.18032977757509799 0.26215114549678914 0.14218790602424872 -0.27437742590904235 -0.18745058381131718 0.019872249423393183 -0.030201754420995715 0.11952039280108043 -0.12995033120470387 0.14062001396502768 -0.0070203573358329861 -0.14526096088811755
leaf_weight=35 32 21 22 38 20 34 23 20 28 28 20 21 28 28 22 20
leaf_count=35 32 21 22 38 20 34 23 20 28 28 20 21 28 28 22 20
internal_value=-1.20776e-09 -0.117756 0.0161268 0.128459 -0.00448466 0.0162852 -0.0161157 -0.0618723 -0.0176003 -0.0837892 0.075064 0.0212629 -0.00210914 0.0372266 -0.00872601 -0.0728492
internal_weight=440 53 387 60 327 292 258 116 96 56 40 142 119 91 63 42
internal_count=440 53 387 60 327 292 258 116 96 56 40 142 119 91 63 42
is_linear=0
shrinkage=0.05


Tree=171
num_leaves=18
num_cat=0
split_feature=2 10 14 13 5 3 3 2 15 15 18 9 6 6 21 18 3
split_gain=344.389 366.014 352.115 1155.39 592.756 378.387 373.621 562.098 762.639 544.029 251.914 242.612 263.653 257.419 279.86 184.737 193.817
threshold=360.50000000000006 310.00000000000006 94.500000000000014 9.9499998092651385 309.00000000000006 289.50000000000006 202.50000000000003 187.50000000000003 1.4149999618530276 1.3350000381469729 -0.24499999731779096 164.00000000000003 111.50000000000001 122.50000000000001 -0.37940999865531916 -0.75499999523162831 138.50000000000003
decision_type=8 10 10 10 10 8 10 10 10 10 10 10 8 10 2 10 10
left_child=1 2 4 10 5 6 7 11 -9 -8 -4 12 -1 -14 -15 -16 -17
right_child=-2 -3 3 -5 -6 -7 9 8 -10 -11 -12 -13 13 14 15 16 -18
leaf_value=-0.17297724723815919 -0.18835308043205221 0.20887844156135216 0.097103734944875425 0.42220995449402832 -0.26853225069201508 -0.2094799210627874 0.29934832663461569 -0.40539829552173617 0.026018359973317102 -0.027321711770043923 -0.11242748652584851 0.15885307617761471 0.16288086955363934 0.094695024106364989 0.046705752509561459 -0.22010016792740386 -0.015870636772541774
leaf_weight=20 23 22 26 20 23 21 25 20 21 26 32 27 26 39 22 26 21
leaf_count=20 23 22 26 20 23 21 25 20 21 26 32 27 26 39 22 26 21
internal_value=3.91129e-10 0.0103888 -0.000666341 0.0945028 -0.0240833 -0.00495979 0.0107725 -0.0172633 -0.184429 0.132811 -0.0184997 0.020603 -0.0036357 0.0216392 -0.0123635 -0.0728748 -0.128849
internal_weight=440 417 395 78 317 294 273 222 41 51 58 181 154 134 108 69 47
internal_count=440 417 395 78 317 294 273 222 41 51 58 181 154 134 108 69 47
is_linear=0
shrinkage=0.05


Tree=172
num_leaves=16
num_cat=0
split_feature=8 8 13 14 6 15 15 13 6 2 9 5 15 12 13
split_gain=345.442 789.41 369.038 572.39 672.405 887.792 717.992 368.069 310.051 297.071 239.42 234.655 218.408 115.507 90.9413
threshold=344.50000000000006 309.75000000000006 15.84999990463257 81.500000000000014 210.50000000000003 1.1749999523162844 1.0549999475479128 13.250000000000002 174.50000000000003 147.50000000000003 150.50000000000003 146.50000000000003 1.075000047683716 226.25000000000003 11.550000190734865
decision_type=10 8 8 10 8 10 10 10 10 10 10 10 8 10 10
left_child=1 2 3 -1 5 -5 -6 8 10 11 -7 -4 -11 14 -8
right_child=-2 -3 9 4 6 7 13 -9 -10 12 -12 -13 -14 -15 -16
leaf_value=0.22953393007902539 0.20302098631858825 -0.31622499465942383 -0.091303230126698817 0.28206989148106332 -0.35914102286100391 -0.076595504095570921 0.002202724639711709 0.19271325149706431 -0.20793602424008506 -0.27233548496257176 0.11137013614643365 0.10334261255338789 -0.073397424812051096 0.080704148728400482 -0.12531296124129937
leaf_weight=34 20 20 30 39 20 36 29 21 21 22 32 32 37 20 27
leaf_count=34 20 20 30 39 20 36 29 21 21 22 32 32 37 20 27
internal_value=2.14416e-10 -0.00966767 0.0056602 0.0372878 0.0106088 0.077097 -0.0925865 0.0044248 -0.0400028 -0.0672663 0.0118589 0.00915914 -0.147578 -0.0224406 -0.0592781
internal_weight=440 420 400 279 245 149 96 110 89 121 68 62 59 76 56
internal_count=440 420 400 279 245 149 96 110 89 121 68 62 59 76 56
is_linear=0
shrinkage=0.05


Tree=173
num_leaves=18
num_cat=0
split_feature=11 8 7 19 6 11 20 3 4 3 15 11 3 5 6 18 18
split_gain=347.48 1077.08 1104.95 383.946 729.917 1145.43 723.729 664.698 415.38 308.94 260.332 164.112 210.944 223.53 139.645 209.909 152.206
threshold=278.95999145507818 339.50000000000006 294.87500000000006 991.45001220703136 210.50000000000003 202.43499755859378 82.500000000000014 209.50000000000003 120.50000000000001 158.50000000000003 0.89499998092651378 137.81999969482425 131.50000000000003 174.50000000000003 136.50000000000003 -0.57499998807907093 -0.64499998092651356
decision_type=8 10 10 10 8 10 10 10 8 10 8 10 10 10 10 10 10
left_child=1 2 3 10 5 7 -6 8 -5 -8 -1 -10 -13 -14 16 -16 -12
right_child=-2 -3 -4 4 6 -7 9 -9 11 -11 14 12 13 -15 15 -17 -18
leaf_value=-0.21862395519302008 -0.20361895978450778 0.36777949094772344 -0.37044143848121169 0.22370185639709234 -0.31939109866930682 0.46338282912969597 -0.13728121700031418 0.3195533423196702 -0.14301229980976687 0.10168228166570004 -0.05716033826271693 -0.13209156818687914 -0.015405960247302668 0.18692917489402353 0.010180707637107734 -0.17256119469801587 0.11589424041686235
leaf_weight=21 20 20 20 20 22 20 21 21 23 38 24 20 39 21 33 30 27
leaf_count=21 20 20 20 20 22 20 21 21 23 38 24 20 39 21 33 30 27
internal_value=-1.09727e-09 0.00969614 -0.00820803 0.0108569 0.0481645 0.108816 -0.0746368 0.059571 0.0151838 0.0166275 -0.0568495 -0.0253052 0.00853561 0.0554113 -0.0270489 -0.0768392 0.0344568
internal_weight=440 420 400 380 245 164 81 144 123 59 135 103 80 60 114 63 51
internal_count=440 420 400 380 245 164 81 144 123 59 135 103 80 60 114 63 51
is_linear=0
shrinkage=0.05


Tree=174
num_leaves=18
num_cat=0
split_feature=11 8 7 19 12 21 11 3 14 20 22 15 8 19 9 12 16
split_gain=313.601 972.064 997.219 346.511 603.861 2185.99 418.692 534.132 519.277 720.475 434.024 234.95 172.032 134.898 94.4626 186.442 32.5886
threshold=278.95999145507818 339.50000000000006 294.87500000000006 991.45001220703136 208.50000000000003 -1.0000000180025095e-35 166.46999359130862 142.50000000000003 86.500000000000014 242.50000000000003 -1.0000000180025095e-35 0.89499998092651378 133.25000000000003 988.95001220703136 129.35500335693362 153.50000000000003 289.50000000000006
decision_type=8 10 10 10 10 2 10 10 10 10 2 8 10 8 10 10 10
left_child=1 2 3 11 6 -6 8 -8 9 -5 -9 -1 -10 -13 -15 -16 -14
right_child=-2 -3 -4 4 5 -7 7 10 12 -11 -12 13 16 14 15 -17 -18
leaf_value=-0.20769276108060564 -0.19343800961971283 0.34939050614833833 -0.35191935583949091 0.42480095047503713 -0.12560051186856899 0.59665711507201191 -0.30006561998277903 -0.1333299888128584 0.083716991419593489 0.042248440627008679 0.12310958236004368 0.052766639477497823 -0.13051293827593327 -0.15689206801354885 0.079351125333620154 -0.10497051493867356 -0.041332430197369485
leaf_weight=21 20 20 20 20 22 20 20 33 24 32 33 37 20 20 23 34 21
leaf_count=21 20 20 20 20 22 20 20 33 24 32 33 37 20 20 23 34 21
internal_value=-3.68296e-10 0.00921133 -0.00779763 0.010314 0.0457563 0.218332 0.010051 -0.0737045 0.0716148 0.189384 -0.0051102 -0.054007 -0.0226005 -0.0256965 -0.0633995 -0.0305951 -0.0848351
internal_weight=440 420 400 380 245 42 203 86 117 52 66 135 65 114 77 57 41
internal_count=440 420 400 380 245 42 203 86 117 52 66 135 65 114 77 57 41
is_linear=0
shrinkage=0.05


Tree=175
num_leaves=17
num_cat=0
split_feature=2 7 8 14 21 2 11 15 4 13 4 2 11 15 13 19
split_gain=370.384 426.946 523.196 527.25 1664.53 441.736 383.927 810.487 173.569 650.703 250.848 280.839 193.183 288.252 141.888 70.8195
threshold=342.00000000000006 300.25000000000006 260.75000000000006 94.500000000000014 0.37940999865531927 232.50000000000003 189.98000335693362 1.2599999904632571 158.50000000000003 13.449999809265138 131.50000000000003 147.50000000000003 129.65999603271487 1.5950000286102297 9.0500001907348651 993.54998779296886
decision_type=10 10 10 8 2 8 8 8 10 10 10 10 10 10 8 10
left_child=1 2 3 5 14 6 8 -8 10 -10 12 -12 -1 -14 -5 -9
right_child=-2 -3 -4 4 -6 -7 7 15 9 -11 11 -13 13 -15 -16 -17
leaf_value=-0.074612753887971242 -0.18690627908706667 0.23663968868553639 -0.20848514452892625 -0.10769556316857537 0.49959877956319937 0.20628963481812251 -0.36096332436800005 0.056881109592707257 -0.060373474222918361 0.27573563201973833 -0.01165859080625303 -0.23382868701219561 0.22876817417286693 -0.0068388430004501163 0.056656747927953457 -0.071766527183353898
leaf_weight=30 25 20 28 24 22 21 25 23 36 24 33 25 21 34 29 20
leaf_count=30 25 20 28 24 22 21 25 23 36 24 33 25 21 34 29 20
internal_value=1.73723e-10 0.0112594 -0.000152245 0.0157424 0.133994 -0.0146304 -0.0317497 -0.134576 0.00269452 0.0740702 -0.0272533 -0.107422 0.0274497 0.0831202 -0.0177669 -0.002955
internal_weight=440 415 395 367 75 292 271 68 203 60 143 58 85 55 53 43
internal_count=440 415 395 367 75 292 271 68 203 60 143 58 85 55 53 43
is_linear=0
shrinkage=0.05


Tree=176
num_leaves=17
num_cat=0
split_feature=2 10 11 5 3 21 10 2 20 20 7 20 24 21 19 19
split_gain=339.609 333.679 395.798 1403.73 327.528 215.92 457.5 501.347 315.342 367.821 235.734 344.278 202.463 129.879 178.411 100.608
threshold=360.50000000000006 310.00000000000006 259.75000000000006 259.00000000000006 284.50000000000006 0.60355499386787426 218.00000000000003 210.50000000000003 162.50000000000003 440.00000000000006 115.12500000000001 192.50000000000003 -0.56174498796463002 -0.37940999865531916 989.64999389648449 992.45001220703136
decision_type=8 10 10 10 8 2 10 10 10 10 10 10 2 2 10 10
left_child=1 2 3 4 5 6 7 10 -7 -10 -1 12 -12 14 -14 -16
right_child=-2 -3 -4 -5 -6 8 -8 -9 9 -11 11 -13 13 -15 15 -17
leaf_value=0.16985675376653672 -0.18704116869231929 0.19983587017790838 -0.15592492530877528 0.36964735772747259 -0.20800524383783339 -0.24134493187069894 0.20777729620536167 -0.21598211790745458 0.10545109575614334 -0.13620786078033909 0.14837159069875877 -0.1837245665845417 -0.075660915698390452 -0.070934248257141855 0.18653481930494309 0.027940981835126878
leaf_weight=25 23 22 37 26 20 20 30 24 32 31 30 21 20 39 20 20
leaf_count=25 23 22 37 26 20 20 30 24 32 31 30 21 20 39 20 20
internal_value=-1.26469e-10 0.0103164 -0.000239094 0.0158513 -0.0118556 0.00071812 0.0257597 -0.00168019 -0.0683724 -0.0134605 0.0277098 0.00401863 0.0345815 9.96164e-05 0.0462716 0.107238
internal_weight=440 417 395 358 332 312 229 199 83 63 175 150 129 99 60 40
internal_count=440 417 395 358 332 312 229 199 83 63 175 150 129 99 60 40
is_linear=0
shrinkage=0.05


Tree=177
num_leaves=17
num_cat=0
split_feature=3 20 15 15 15 5 16 5 9 16 16 6 20 3 15 6
split_gain=310.538 530.353 1329.23 714.615 290.595 252.864 179.175 400.625 261.427 322.021 202.896 151.934 271.126 213.193 137.443 161.849
threshold=350.00000000000006 22.500000000000004 0.61000001430511486 0.82499998807907116 2.6250000000000004 280.50000000000006 102.50000000000001 214.00000000000003 204.93000030517581 288.50000000000006 320.50000000000006 151.50000000000003 277.50000000000006 129.50000000000003 1.7500000000000002 185.50000000000003
decision_type=10 8 8 8 8 10 10 10 10 10 10 8 10 10 10 10
left_child=1 -1 -3 -4 5 6 -5 8 10 -10 11 12 13 -8 -13 -16
right_child=-2 2 3 4 -6 -7 7 -9 9 -11 -12 14 -14 -15 15 -17
leaf_value=0.2327218442708254 -0.18762839574233764 -0.35759526586532592 0.30239012333608811 0.1149052630364895 -0.17383659847758035 0.14512923475016246 -0.23290942508727311 -0.22355719790572215 0.014748999369995935 -0.24087798551402312 0.17350883558392527 0.13797098095528781 0.1043644779785113 -0.023524379970565921 0.077890604582468159 -0.082215395845748773
leaf_weight=25 21 25 21 30 22 33 20 21 28 22 22 32 22 31 38 27
leaf_count=25 21 25 21 30 22 33 20 21 28 22 22 32 22 31 38 27
internal_value=1.47816e-09 0.00940381 -0.00476611 0.0191383 0.00204552 0.0139149 -0.000863548 -0.0140691 0.0041096 -0.0977269 0.0306295 0.0121393 -0.0423483 -0.105636 0.0531453 0.011385
internal_weight=440 419 394 369 348 326 293 263 242 50 192 170 73 51 97 65
internal_count=440 419 394 369 348 326 293 263 242 50 192 170 73 51 97 65
is_linear=0
shrinkage=0.05


Tree=178
num_leaves=18
num_cat=0
split_feature=2 7 8 7 11 12 11 16 17 12 10 13 21 21 21 8 10
split_gain=320.457 364.689 441.084 414.202 460.864 1342.88 236.865 336.244 324.915 300.757 434.384 267.923 234.33 236.139 284.184 305.881 165.912
threshold=342.00000000000006 300.25000000000006 260.75000000000006 230.87500000000003 259.75000000000006 208.50000000000003 191.2799987792969 327.50000000000006 0.37500000000000006 155.50000000000003 156.50000000000003 14.750000000000002 -0.37940999865531916 1.0000000180025095e-35 0.60355499386787426 126.25000000000001 134.50000000000003
decision_type=10 10 10 10 10 10 10 8 8 10 8 10 2 2 2 10 10
left_child=1 2 3 4 5 6 7 9 -8 10 12 -11 16 -14 -15 -16 -1
right_child=-2 -3 -4 -5 -6 -7 8 -9 -10 11 -12 -13 13 14 15 -17 -18
leaf_value=0.18782151142756146 -0.17385322999954225 0.21877397634088994 -0.19136100948921272 0.21532988073304296 -0.21571296148973965 0.36043765570681829 -0.27017065977677701 0.19629083660741647 -0.0021105845960286951 -0.00087998164300289415 -0.22295748725019654 0.21758684580487647 -0.18532570958137515 0.12923849117383363 -0.22134100149075189 0.035225016050613844 -0.01093185515630813
leaf_weight=21 25 20 28 24 23 26 20 21 26 36 29 23 25 25 21 26 21
leaf_count=21 25 20 28 24 23 26 20 21 26 36 29 23 25 25 21 26 21
internal_value=1.01861e-09 0.0104731 -7.37932e-05 0.0145203 0.000469513 0.0160076 -0.0144522 0.00487641 -0.118658 -0.0128315 -0.0469379 0.0842851 -0.0102144 -0.0529329 -0.00696317 -0.0794109 0.0884448
internal_weight=440 415 395 367 343 320 294 248 46 227 168 59 139 97 72 47 42
internal_count=440 415 395 367 343 320 294 248 46 227 168 59 139 97 72 47 42
is_linear=0
shrinkage=0.05


Tree=179
num_leaves=19
num_cat=0
split_feature=2 20 3 23 15 15 13 19 15 19 20 6 6 6 16 18 6 19
split_gain=289.213 351.329 590.433 257.711 436.127 1284.38 319.396 337.527 235.036 271.874 208.194 181.21 246.061 171.042 147.603 91.147 83.1352 99.8523
threshold=342.00000000000006 192.50000000000003 344.00000000000006 0.87838000059127819 0.82499998807907116 0.50499999523162853 13.150000095367433 990.54998779296886 1.4249999523162844 992.45001220703136 270.00000000000006 187.50000000000003 111.50000000000001 155.00000000000003 282.50000000000006 -0.55500000715255726 159.50000000000003 993.35000610351574
decision_type=10 10 8 2 8 10 10 10 10 8 10 8 10 10 10 10 10 10
left_child=1 2 3 4 5 -1 8 -8 9 -6 -3 12 -12 14 -5 -13 17 -10
right_child=-2 10 -4 13 6 -7 7 -9 16 -11 11 15 -14 -15 -16 -17 -18 -19
leaf_value=-0.079322976441610432 -0.16516056728363038 -0.18175310847797879 0.30298382401466373 0.085849996954202659 0.00060174316167831425 0.48054342888295648 0.0002758151851594448 0.27839459255337717 -0.10588618133749282 -0.26010600913316012 -0.10585499243544681 -0.027254756965807508 0.10740836027421451 -0.18927978783845903 -0.10624553814530374 -0.17133149465788966 0.076483409575053632 0.043406993476673962
leaf_weight=21 25 27 20 20 20 20 24 20 21 20 21 21 38 20 20 23 35 24
leaf_count=21 25 27 20 20 20 20 24 20 21 20 21 21 38 20 20 23 35 24
internal_value=-2.19284e-10 0.00994943 0.0410202 0.0212494 0.0479248 0.193783 0.0114604 0.126693 -0.0307917 -0.129752 -0.0581673 -0.025771 0.0315011 -0.0698918 -0.0101978 -0.102568 0.0186885 -0.0262632
internal_weight=440 415 285 265 205 41 164 44 120 40 130 103 59 60 40 44 80 45
internal_count=440 415 285 265 205 41 164 44 120 40 130 103 59 60 40 44 80 45
is_linear=0
shrinkage=0.05


Tree=180
num_leaves=18
num_cat=0
split_feature=3 8 16 15 14 6 5 16 18 3 15 3 5 2 3 7 2
split_gain=298.247 506.077 658.023 264.732 381.443 1555.2 483.18 259.579 212.716 176.334 378.175 377.55 128.556 229.76 313.657 259 221.613
threshold=350.00000000000006 331.25000000000006 54.500000000000007 2.4050000905990605 94.500000000000014 159.50000000000003 309.00000000000006 98.000000000000014 -0.30500000715255732 202.50000000000003 1.544999957084656 176.50000000000003 155.00000000000003 136.50000000000003 141.00000000000003 115.12500000000001 146.50000000000003
decision_type=10 8 8 10 10 10 10 8 10 10 8 8 10 10 10 10 10
left_child=1 2 -1 4 6 8 7 -4 -6 11 -11 12 13 15 -15 -9 -14
right_child=-2 -3 3 -5 5 -7 -8 9 -10 10 -12 -13 16 14 -16 -17 -18
leaf_value=-0.27550769652284329 -0.18387764990329744 0.25465446174144746 0.16538466736674309 -0.14865526814634603 -0.17717786058783533 0.42529368544066398 -0.23382016051383248 0.083051398396492004 0.04361035662392776 0.17643747517040798 -0.096114217340946204 -0.16982854108015699 0.029722639499232175 0.25894672708077865 0.012091037486830067 -0.17140873223543168 -0.18244484797120097
leaf_weight=21 21 20 26 24 20 27 21 20 24 35 20 36 32 22 31 20 20
leaf_count=21 21 20 26 24 20 27 21 20 24 35 20 36 32 22 31 20 20
internal_value=3.41203e-10 0.00921583 -0.00308686 0.0120476 0.0229427 0.126564 -0.00305403 0.0154425 -0.0567479 -0.00107656 0.0773278 -0.0249011 0.0110809 0.046285 0.114559 -0.0441787 -0.0518802
internal_weight=440 419 399 378 354 71 283 262 44 236 55 181 145 93 53 40 52
internal_count=440 419 399 378 354 71 283 262 44 236 55 181 145 93 53 40 52
is_linear=0
shrinkage=0.05


Tree=181
num_leaves=17
num_cat=0
split_feature=10 23 3 20 12 17 17 16 17 4 17 22 18 17 9 16
split_gain=306.736 1003.57 767.047 458.05 1025.15 388.597 2018.44 271.168 202.963 189.325 157.677 94.3899 326.33 258.929 66.0361 60.8394
threshold=241.00000000000003 1.0000000180025095e-35 221.00000000000003 47.500000000000007 146.25000000000003 1.0000000180025095e-35 -0.62499999999999989 102.50000000000001 -0.42499999701976771 218.00000000000003 0.81999999284744274 -0.60355499386787403 -0.75499999523162831 1.5049999952316286 150.50000000000003 288.50000000000006
decision_type=10 2 8 10 10 10 8 10 10 8 10 2 10 10 10 10
left_child=2 -2 3 4 -1 6 7 -5 -3 10 -7 12 -12 -13 15 -15
right_child=1 8 -4 5 -6 9 -8 -9 -10 -11 11 13 -14 14 -16 -17
leaf_value=0.090066129267215744 -0.27013499622161569 -0.029833774864673614 0.23863286543637516 0.04854882481694222 -0.41618313081562519 -0.12188615750913556 0.51617248407141725 -0.19214058938351544 0.19272529795056298 0.13103618406690659 0.18447148689757223 -0.14118967169039959 -0.084886328605088324 0.035432663074006207 0.074832486547529706 -0.083806213112547989
leaf_weight=20 39 20 36 25 20 38 22 22 21 20 23 37 22 23 32 20
leaf_count=20 39 20 36 25 20 38 22 22 21 20 23 37 22 23 32 20
internal_value=-6.68012e-10 -0.0885589 0.0196797 -0.00464838 -0.163059 0.0176629 0.120905 -0.0641143 0.0841599 -0.0154705 -0.0304968 -0.00837711 0.0527854 -0.0329514 0.0204462 -0.0200273
internal_weight=440 80 360 324 40 284 69 47 41 215 195 157 45 112 75 43
internal_count=440 80 360 324 40 284 69 47 41 215 195 157 45 112 75 43
is_linear=0
shrinkage=0.05


Tree=182
num_leaves=16
num_cat=0
split_feature=2 10 11 5 17 7 20 9 19 16 23 21 21 5 16
split_gain=295.177 299.186 299.578 1174.57 230.824 670.984 325.827 328.179 175.529 279.564 207.03 229.419 150.418 227.067 221.397
threshold=360.50000000000006 310.00000000000006 259.75000000000006 259.00000000000006 -0.22500000149011609 170.37500000000003 37.500000000000007 204.93000030517581 992.35000610351574 310.50000000000006 1.0000000180025095e-35 0.37940999865531927 0.60355499386787426 115.50000000000001 289.50000000000006
decision_type=8 10 10 10 8 10 10 10 10 10 2 2 2 8 10
left_child=1 2 3 4 5 -1 -6 8 9 12 11 -10 13 -8 -15
right_child=-2 -3 -4 -5 6 -7 7 -9 10 -11 -12 -13 -14 14 -16
leaf_value=0.034942147365826015 -0.17437690062367397 0.18907470838590101 -0.13582332255067051 0.33725246620865973 0.14097790221373241 -0.31943785968151961 -0.11264848142862322 -0.18259375828963062 -0.091241662704851484 -0.20517370685935021 0.14881936180833225 0.11326077318226453 -0.11866218249003094 -0.020707913543339132 0.17664815912644069
leaf_weight=34 23 22 37 26 39 22 20 26 32 20 37 24 21 27 30
leaf_count=34 23 22 37 26 39 22 20 26 32 20 37 24 21 27 30
internal_value=-2.9035e-10 0.00961791 -0.000377152 0.0136215 -0.0117231 -0.104279 0.00705625 -0.0149815 0.00567215 -0.0348137 0.0570413 -0.00359776 -4.63709e-05 0.0323034 0.0831637
internal_weight=440 417 395 358 332 56 276 237 211 118 93 56 98 77 57
internal_count=440 417 395 358 332 56 276 237 211 118 93 56 98 77 57
is_linear=0
shrinkage=0.05


Tree=183
num_leaves=18
num_cat=0
split_feature=8 16 23 5 20 5 20 3 5 13 3 20 17 13 5 13 23
split_gain=292.87 730.442 274.269 481.145 324.932 310.082 266.13 230.075 202.731 171.75 445.068 240.631 348.208 181.562 227.065 125.951 61.2404
threshold=344.50000000000006 49.500000000000007 0.87838000059127819 259.00000000000006 62.500000000000007 218.00000000000003 22.500000000000004 190.50000000000003 209.50000000000003 13.150000095367433 211.50000000000003 627.50000000000011 1.3450000286102297 12.050000190734865 164.50000000000003 17.44999980926514 -1.0000000180025095e-35
decision_type=10 8 2 10 10 10 10 10 8 10 8 10 10 10 10 10 2
left_child=1 -1 3 5 -4 6 -3 -6 9 10 13 12 -11 14 16 -14 -8
right_child=-2 2 4 -5 7 -7 8 -9 -10 11 -12 -13 15 -15 -16 -17 -18
leaf_value=-0.29632039463945797 0.18693491935729981 0.19028834246453785 -0.2494119481742382 0.19472217959792992 -0.097033842614828017 -0.18467113181948663 -0.0901040829718113 0.09283876683976916 0.15269668774590606 0.19079520259466437 -0.25472965413196519 -0.11942284822463989 -0.086297123741220561 -0.12402908423024675 0.16571192783506022 0.079250695072114463 0.030647943168878557
leaf_weight=21 20 21 20 38 39 20 21 27 21 36 22 20 27 23 23 20 21
leaf_count=21 20 21 20 38 39 20 21 27 21 36 22 20 27 23 23 20 21
internal_value=-5.29161e-10 -0.00890166 0.00622564 0.0279551 -0.0728594 0.00491091 0.0197801 -0.0193587 0.00447806 -0.010135 -0.0535811 0.0362637 0.0737785 -0.00329402 0.0394276 -0.0158512 -0.0297281
internal_weight=440 420 399 313 86 275 255 66 234 213 110 103 83 88 65 47 42
internal_count=440 420 399 313 86 275 255 66 234 213 110 103 83 88 65 47 42
is_linear=0
shrinkage=0.05


Tree=184
num_leaves=18
num_cat=0
split_feature=2 20 3 11 11 19 13 2 3 7 13 3 18 19 3 12 11
split_gain=288.865 325.042 504.545 245.218 491.607 371.839 530.888 481.869 242.558 275.784 178.291 246.63 297.394 275.176 166.732 214.406 141.427
threshold=342.00000000000006 192.50000000000003 344.00000000000006 259.75000000000006 232.58000183105472 994.25000000000011 11.750000000000002 225.50000000000003 209.50000000000003 173.62500000000003 15.050000190734865 143.50000000000003 -0.49500000476837153 992.14999389648449 160.50000000000003 123.50000000000001 144.7799987792969
decision_type=10 10 8 10 10 10 8 8 10 10 10 8 8 10 10 10 10
left_child=1 2 3 4 5 7 -7 8 9 14 -3 13 -13 -12 15 -1 -17
right_child=-2 10 -4 -5 -6 6 -8 -9 -10 -11 11 12 -14 -15 -16 16 -18
leaf_value=0.12649197280406951 -0.16506136703491212 -0.1699423485401052 0.28199102044105534 -0.12124749532452338 0.27500166185200214 -0.028415655209682884 0.33589471144834537 -0.21388000822984257 0.16141575646400452 -0.17450522780418398 -0.056864505048309061 -0.18157584034941265 0.040342851785513077 0.20228018745779994 0.13670259177684785 -0.14400331698082111 0.010299433383977775
leaf_weight=21 25 27 20 27 20 20 20 26 25 21 21 36 26 20 25 27 33
leaf_count=21 25 27 20 27 20 20 20 26 25 21 21 36 26 20 25 27 33
internal_value=-6.19012e-10 0.00994346 0.0398293 0.0215529 0.037753 0.015987 0.15374 -0.0149686 0.0190557 -0.00896789 -0.0555755 -0.0255958 -0.0885132 0.0695475 0.0238272 -0.0110108 -0.0591368
internal_weight=440 415 285 265 238 218 40 178 152 127 130 103 62 41 106 81 60
internal_count=440 415 285 265 238 218 40 178 152 127 130 103 62 41 106 81 60
is_linear=0
shrinkage=0.05


Tree=185
num_leaves=18
num_cat=0
split_feature=5 5 5 5 5 2 17 2 16 20 8 9 18 19 13 13 6
split_gain=306.749 1472.74 410.242 225.838 237.243 261.302 533.769 335.402 145.125 272.3 168.812 223.449 140.813 161.548 151.119 226.78 70.1994
threshold=291.50000000000006 338.50000000000006 249.00000000000003 221.00000000000003 209.50000000000003 237.50000000000003 0.17500000447034839 210.50000000000003 286.50000000000006 72.500000000000014 129.25000000000003 173.06999969482425 -0.57499998807907093 994.04998779296886 18.050000190734867 14.84999990463257 159.50000000000003
decision_type=10 10 10 10 10 8 8 10 10 10 10 10 10 10 10 10 8
left_child=2 -2 3 4 5 7 -7 8 10 -10 -1 16 13 14 15 -11 -12
right_child=1 -3 -4 -5 -6 6 -8 -9 9 12 11 -13 -14 -15 -16 -17 -18
leaf_value=-0.17073778388175098 -0.42635417750903537 0.15903706821528349 0.22358481044119058 -0.16204656258225442 0.17364933991006443 0.23358685718849304 -0.071412663047130287 -0.20269193623376933 0.19591569801171621 0.028594861058770002 -0.019699274003505709 -0.11050923737800784 -0.11678251538957869 -0.098458867061084934 -0.045525013338774449 0.23756982252001763 0.1012341172993183
leaf_weight=22 21 22 22 20 21 32 26 23 21 37 20 36 21 21 25 20 30
leaf_count=22 21 22 22 20 21 32 26 23 21 37 20 36 21 21 25 20 30
internal_value=-5.82077e-12 -0.126852 0.0137396 0.00142868 0.0106386 0.000389376 0.0968629 -0.0198841 -0.00326515 0.0294168 -0.0471438 -0.0155267 0.00121945 0.0252781 0.0569668 0.101919 0.0528608
internal_weight=440 43 397 375 355 334 58 276 253 145 108 86 124 103 82 57 50
internal_count=440 43 397 375 355 334 58 276 253 145 108 86 124 103 82 57 50
is_linear=0
shrinkage=0.05


Tree=186
num_leaves=18
num_cat=0
split_feature=3 3 5 19 8 15 15 15 8 15 23 15 6 12 15 24 19
split_gain=294.902 446.822 632.004 1612.51 372.56 227.212 479.09 150.995 189.999 184.983 219.353 90.6848 129.225 109.559 134.872 114.5 83.4555
threshold=350.00000000000006 338.50000000000006 277.50000000000006 993.75000000000011 290.50000000000006 0.50499999523162853 0.84499999880790722 1.2250000238418581 145.75000000000003 1.4399999976158144 0.87838000059127819 1.6449999809265139 185.50000000000003 155.50000000000003 1.8450000286102297 1.0000000180025095e-35 991.85000610351574
decision_type=10 8 10 10 10 8 10 10 10 10 2 10 10 10 10 2 10
left_child=1 2 4 -4 5 -1 -7 8 -8 10 -9 -11 13 14 -13 -16 -14
right_child=-2 -3 3 -5 -6 6 7 9 -10 11 -12 12 16 -15 15 -17 -18
leaf_value=-0.15303471230325247 -0.18284370757284618 0.22850206829607489 0.13853127487003802 -0.4817943812771277 0.22834219992160798 0.19706501500173049 0.034008778666864838 0.21769936071200804 -0.15206257315242994 -0.079992569216660092 -0.011092060953378677 0.12018603973445439 0.007442406791707744 0.13447456577171882 -0.11403735684959784 0.031289682785669966 -0.12725166995888171
leaf_weight=21 21 22 20 22 20 33 23 22 34 35 20 21 23 24 23 33 23
leaf_count=21 21 22 20 22 20 33 23 22 34 35 20 21 23 24 23 33 23
internal_value=4.28554e-10 0.009164 -0.00299075 -0.186401 0.0187085 0.00619307 0.0168421 -0.00432291 -0.0769812 0.014166 0.108751 -0.0076613 0.00956043 0.041198 0.0121248 -0.0283982 -0.0599046
internal_weight=440 419 397 42 355 335 314 281 57 224 42 182 147 101 77 56 46
internal_count=440 419 397 42 355 335 314 281 57 224 42 182 147 101 77 56 46
is_linear=0
shrinkage=0.05


Tree=187
num_leaves=16
num_cat=0
split_feature=10 23 3 20 15 12 19 18 17 15 14 14 6 15 7
split_gain=298.413 871.448 698.827 393.437 979.315 887.741 194.277 166.968 140.111 101.927 177.51 186.077 180.56 123.791 86.9166
threshold=241.00000000000003 1.0000000180025095e-35 221.00000000000003 47.500000000000007 0.82499998807907116 146.25000000000003 993.85000610351574 0.14500000327825549 0.17500000447034839 1.9950000047683718 76.500000000000014 84.500000000000014 144.50000000000003 2.1650000810623173 147.62500000000003
decision_type=10 2 8 10 10 10 8 10 10 10 10 10 8 10 10
left_child=2 -2 3 5 -5 -1 -3 8 -6 10 12 -12 -10 -11 -13
right_child=1 6 -4 4 7 -7 -8 -9 9 13 11 14 -14 -15 -16
leaf_value=0.084926940947771076 -0.25655114310674176 0.18512696892023087 0.22840058637989893 0.29761341299329486 0.10372524190822552 -0.38617308437824249 -0.032617952195661409 -0.1226260103525654 -0.056996453702449802 0.12477224868535997 -0.1767469249425396 -0.094118773026598823 0.15546550847589971 -0.01848702896876555 0.025280389956065588
leaf_weight=20 39 20 36 28 29 20 21 31 20 25 31 27 20 38 35
leaf_count=20 39 20 36 28 29 20 21 31 20 25 31 27 20 38 35
internal_value=-8.73327e-10 -0.0873492 0.0194109 -0.00381015 0.0168677 -0.150623 0.0735991 -0.0138388 0.00114962 -0.0140274 -0.0388434 -0.0767263 0.0492345 0.0383619 -0.026716
internal_weight=440 80 360 324 284 40 41 256 225 196 133 93 40 63 62
internal_count=440 80 360 324 284 40 41 256 225 196 133 93 40 63 62
is_linear=0
shrinkage=0.05


Tree=188
num_leaves=17
num_cat=0
split_feature=9 21 9 12 12 11 15 17 3 20 4 4 11 21 20 17
split_gain=294.433 983.481 359.825 309.977 862.864 247.975 353.803 309.42 179.68 225.456 160.05 128.595 185.271 147.205 113.023 154.612
threshold=278.17001342773443 1.0000000180025095e-35 255.75000000000003 238.00000000000003 208.50000000000003 191.2799987792969 0.68999999761581432 0.50499999523162853 218.00000000000003 72.500000000000014 111.50000000000001 122.50000000000001 145.45999908447268 0.60355499386787426 142.50000000000003 1.2699999809265139
decision_type=10 2 10 10 10 10 10 8 8 10 8 8 10 2 10 10
left_child=2 -2 3 4 5 6 -1 -7 9 -8 -11 -12 13 -13 -14 -16
right_child=1 -3 -4 -5 -6 7 8 -9 -10 10 11 12 14 -15 15 -17
leaf_value=0.17403115445169912 0.063958126120269299 -0.37640034724913896 0.21641195913155875 -0.17836657708341427 0.26249021589756011 -0.25834106519108729 0.11861146560737067 -0.0063295951048875677 -0.15067027097656616 -0.12995097038469144 0.10905992894069008 -0.021015213035906741 -0.054521125894305966 -0.20144489461556081 -0.034672804567075909 0.14103962049609231
leaf_weight=29 32 21 21 22 32 21 35 29 21 28 23 26 28 20 21 31
leaf_count=29 32 21 21 22 32 21 35 29 21 28 23 26 28 20 21 31
internal_value=3.04796e-10 -0.110524 0.0151363 0.00358769 0.0152243 -0.0101363 0.00933662 -0.112174 -0.0111618 0.00265739 -0.0202714 0.000339549 -0.0195062 -0.0994629 0.0264688 0.0700788
internal_weight=440 53 387 366 344 312 262 50 233 212 177 149 126 46 80 52
internal_count=440 53 387 366 344 312 262 50 233 212 177 149 126 46 80 52
is_linear=0
shrinkage=0.05


Tree=189
num_leaves=18
num_cat=0
split_feature=2 10 8 14 13 11 13 16 13 14 19 19 3 18 7 6 11
split_gain=285.765 261.153 437.294 401.274 1212.16 344.574 477.511 503.752 468.296 523.873 436.284 193.58 428.625 185.855 160.723 141.019 90.7351
threshold=360.50000000000006 283.00000000000006 260.75000000000006 94.500000000000014 9.5999999046325701 166.46999359130862 14.34999990463257 148.00000000000003 15.650000095367433 86.500000000000014 991.75000000000011 992.04998779296886 111.50000000000001 -0.22499999403953549 200.00000000000003 142.50000000000003 187.68000030517581
decision_type=8 10 10 10 10 10 10 10 10 10 10 10 8 10 10 8 10
left_child=1 2 3 5 13 8 7 -7 9 10 -1 12 -10 -5 16 -11 -8
right_child=-2 -3 -4 4 -6 6 14 -9 11 15 -12 -13 -14 -15 -16 -17 -18
leaf_value=0.077580840172974966 -0.17157424481018732 0.13626950930904699 -0.20946183533718191 0.064943412616848953 0.38091845580342193 -0.38773404136300088 0.036412506997585296 -0.074761667268143761 0.021634840518236161 0.10271860602356138 0.39279607307343256 0.033210149620516376 -0.30571243919432167 -0.14346338102351064 0.13154728017747402 -0.059504612469793973 -0.11073605660349131
leaf_weight=23 23 37 24 20 27 20 20 36 20 21 21 26 20 23 20 37 22
leaf_count=23 23 37 24 20 27 20 20 36 20 21 21 26 20 23 20 37 22
internal_value=-1.24829e-09 0.00946333 -0.00288359 0.011043 0.118343 -0.0152192 -0.0807042 -0.186538 0.0307762 0.0979264 0.228024 -0.0730013 -0.142039 -0.04653 0.0148871 -0.00076862 -0.0406653
internal_weight=440 417 380 356 70 286 118 56 168 102 44 66 40 43 62 58 42
internal_count=440 417 380 356 70 286 118 56 168 102 44 66 40 43 62 58 42
is_linear=0
shrinkage=0.05


Tree=190
num_leaves=18
num_cat=0
split_feature=15 4 15 15 3 3 5 5 2 3 4 15 17 15 6 23 4
split_gain=297.295 2078.09 392.155 220.026 243.277 369.374 331.372 209.301 95.9536 110.903 294.833 103.148 130.264 119.129 92.9592 83.6241 53.5741
threshold=0.61000001430511486 186.50000000000003 0.82499998807907116 2.745000004768372 309.00000000000006 278.50000000000006 259.00000000000006 209.50000000000003 109.00000000000001 115.50000000000001 115.50000000000001 1.2250000238418581 1.3049999475479128 1.0249999761581423 183.50000000000003 1.0000000180025095e-35 166.50000000000003
decision_type=8 10 8 8 10 8 10 10 10 10 8 8 10 10 8 2 10
left_child=1 -1 -2 4 5 6 7 8 -4 -10 -11 13 14 -12 -13 -14 -17
right_child=2 -3 3 -5 -6 -7 -8 -9 9 10 11 12 15 -15 -16 16 -18
leaf_value=0.24886631694707007 0.19161326253208621 -0.40051092569317137 0.096716625664245215 -0.16067617692053318 -0.14707491890243862 0.20579847705364229 -0.16132270277098373 0.15726836445526438 -0.10964339639652859 0.17680004044719366 0.0063812281191349034 0.14856545302000912 -0.086191483133950753 -0.16222632771188564 0.010106482632734158 0.075965531468391426 -0.039764902889728553
leaf_weight=22 29 28 27 20 23 25 27 26 22 23 20 22 37 22 27 20 20
leaf_count=22 29 28 27 20 23 25 27 26 22 23 20 22 37 22 27 20 20
internal_value=1.29412e-09 -0.114785 0.014716 0.000505437 0.0099589 0.0213167 0.00557593 0.0225168 0.00791868 -0.0033374 0.00890727 -0.014078 0.00854161 -0.081937 0.0722717 -0.0320139 0.0181003
internal_weight=440 50 390 361 341 318 293 266 240 213 191 168 126 42 49 77 40
internal_count=440 50 390 361 341 318 293 266 240 213 191 168 126 42 49 77 40
is_linear=0
shrinkage=0.05


Tree=191
num_leaves=17
num_cat=0
split_feature=8 8 19 15 18 19 12 15 12 3 11 17 16 18 3 14
split_gain=297.861 702.863 238.267 956.019 218.992 457.822 626.972 429.056 373.23 545.432 241.133 109.99 200.627 121.662 64.1086 110.318
threshold=344.50000000000006 309.75000000000006 994.85000610351574 1.3049999475479128 -0.1950000002980232 992.75000000000011 198.50000000000003 1.4650000333786013 218.75000000000003 209.50000000000003 189.02500152587893 0.37500000000000006 307.50000000000006 -0.49500000476837153 153.50000000000003 75.500000000000014
decision_type=10 8 10 10 8 8 10 8 10 10 10 10 10 10 10 10
left_child=1 2 4 -4 8 6 -6 -7 9 10 11 -1 13 14 15 -13
right_child=-2 -3 3 -5 5 7 -8 -9 -10 -11 -12 12 -14 -15 -16 -17
leaf_value=0.081404352244377753 0.18852106124162674 -0.29824215233325962 0.36825597640126945 -0.056246126939853036 0.016404659653964797 -0.2427503488957882 0.35180726430632853 0.084761640429496771 -0.2075842345133424 0.21658319183017896 -0.17391964633916987 0.077650540338262269 -0.14216722114519639 -0.090396049645330226 0.091677453821258886 -0.071365494529406229
leaf_weight=24 20 20 21 36 38 20 22 20 28 23 29 23 33 28 28 27
leaf_count=24 20 20 21 36 38 20 22 20 28 23 29 23 33 28 28 27
internal_value=1.08044e-09 -0.00897719 0.00548606 0.100149 -0.0102452 0.0520336 0.139386 -0.0789944 -0.0358743 -0.0135121 -0.0410756 -0.0174407 -0.0345075 -0.000990817 0.0311034 -0.00281812
internal_weight=440 420 400 57 343 100 60 40 243 215 192 163 139 106 78 50
internal_count=440 420 400 57 343 100 60 40 243 215 192 163 139 106 78 50
is_linear=0
shrinkage=0.05


Tree=192
num_leaves=17
num_cat=0
split_feature=15 4 15 15 3 3 5 12 10 20 4 4 15 5 18 4
split_gain=275.766 1868.28 274.723 193.117 222.726 311.912 286.569 202.85 201.729 127.122 244.169 118.391 181.576 145.798 97.4043 130.815
threshold=0.59499999880790722 186.50000000000003 0.82499998807907116 2.745000004768372 309.00000000000006 278.50000000000006 259.00000000000006 210.50000000000003 203.25000000000003 72.500000000000014 111.50000000000001 121.50000000000001 1.2250000238418581 190.50000000000003 -0.54500001668930043 156.50000000000003
decision_type=8 10 8 8 10 8 10 10 10 10 8 8 10 10 10 8
left_child=1 -1 -2 4 5 6 7 8 9 -4 -11 -12 -13 14 15 -14
right_child=2 -3 3 -5 -6 -7 -8 -9 -10 10 11 12 13 -15 -16 -17
leaf_value=0.23182728858221147 0.15161655360099041 -0.40789263582229618 0.11216125716181363 -0.15010206423699857 -0.14049617207568627 0.19015199226140977 -0.14904521648530608 0.15748279944062235 -0.12661053323745727 -0.12898298533899444 0.1418583183771088 -0.12080838580926259 -0.03225690872193529 0.14582834684848786 -0.060532471502665434 0.1221954038173988
leaf_weight=21 33 25 34 20 23 25 27 25 25 28 21 21 26 25 32 29
leaf_count=21 33 25 34 20 23 25 27 25 25 28 21 21 26 25 32 29
internal_value=4.83018e-10 -0.115847 0.0135252 0.00090193 0.00975847 0.0206259 0.00616126 0.0219153 0.00785229 0.0234151 0.00683616 0.0315306 0.0141104 0.0394076 0.00882699 0.0491816
internal_weight=440 46 394 361 341 318 293 266 241 216 182 154 133 112 87 55
internal_count=440 46 394 361 341 318 293 266 241 216 182 154 133 112 87 55
is_linear=0
shrinkage=0.05


Tree=193
num_leaves=17
num_cat=0
split_feature=8 16 23 5 5 21 21 6 20 2 21 6 13 4 14 4
split_gain=281.645 717.869 209.365 379.57 322.054 574.669 353.831 339.558 296.628 183.861 164.407 143.611 215.123 304.997 171.608 97.847
threshold=344.50000000000006 54.500000000000007 -0.87838000059127797 309.00000000000006 209.50000000000003 0.60355499386787426 0.60355499386787426 122.50000000000001 107.50000000000001 115.50000000000001 0.91597998142242443 202.50000000000003 14.150000095367433 176.50000000000003 83.500000000000014 211.50000000000003
decision_type=10 8 2 10 10 2 2 8 10 10 2 8 10 8 10 8
left_child=1 -1 8 4 6 -6 7 -4 -3 -9 -8 12 13 -11 -13 -16
right_child=-2 2 3 -5 5 -7 10 9 -10 11 -12 14 -14 -15 15 -17
leaf_value=-0.27425725476350638 0.18331782490015031 0.21210547366312574 0.18622101720135947 -0.19111458593263075 -0.061202637851238251 0.28601470841811255 -0.19809617158025505 0.13184805576290404 -0.016052536435168366 0.061535049813824731 -0.032194180999483381 0.14419196077755519 -0.21070247491200766 -0.18081285744905473 0.036901561362901701 -0.092343216210051815
leaf_weight=24 20 28 26 26 22 26 32 21 29 37 28 21 21 20 32 27
leaf_count=24 20 28 26 26 22 26 32 21 29 37 28 21 21 20 32 27
internal_value=7.37438e-10 -0.00872942 0.00736318 -0.00754458 0.00770405 0.126873 -0.0138813 0.0173754 0.0960251 -0.00714966 -0.120675 -0.025624 -0.0739002 -0.0234993 0.0214452 -0.0222444
internal_weight=440 420 396 339 313 48 265 205 57 179 60 158 78 57 80 59
internal_count=440 420 396 339 313 48 265 205 57 179 60 158 78 57 80 59
is_linear=0
shrinkage=0.05


Tree=194
num_leaves=17
num_cat=0
split_feature=5 2 3 5 12 12 3 2 13 16 23 5 21 17 2 9
split_gain=274.793 666.567 294.08 194.178 207.347 321.133 202.14 164.989 125.422 276.834 154.856 210.326 268.834 99.5865 88.6414 195.028
threshold=332.50000000000006 342.00000000000006 370.50000000000006 277.50000000000006 226.25000000000003 212.25000000000003 229.00000000000003 210.50000000000003 18.050000190734867 320.50000000000006 1.0000000180025095e-35 207.50000000000003 -0.37940999865531916 1.2200000286102297 150.50000000000003 132.14499664306643
decision_type=10 10 8 10 10 10 10 8 10 10 2 8 2 10 10 10
left_child=1 2 3 4 5 6 7 8 9 10 14 12 -12 -14 15 -1
right_child=-2 -3 -4 -5 -6 -7 -8 -9 -10 -11 11 -13 13 -15 -16 -17
leaf_value=-0.12642012877123696 0.16099072110652923 -0.27752430113879117 0.18733508061795009 -0.14906773681498386 0.14591159330060086 -0.20047779496759177 0.15602887499900092 -0.11168070568237454 -0.080528212070245964 0.19091021601449362 0.15715067508545788 0.18410144759850069 -0.12611981444060802 0.008616208843886853 -0.10197335621593773 0.062575779033777049
leaf_weight=21 25 22 21 22 24 20 21 32 34 22 22 22 24 32 37 39
leaf_count=21 25 22 21 22 24 20 21 32 34 22 22 22 24 32 37 39
internal_value=-2.40451e-10 -0.00969824 0.00529457 -0.00498191 0.00407491 -0.00636705 0.00631993 -0.00471126 0.00881847 0.0226896 0.0039036 0.0475639 0.00905331 -0.0491278 -0.041107 -0.00357279
internal_weight=440 415 393 372 350 326 306 285 253 219 197 100 78 56 97 60
internal_count=440 415 393 372 350 326 306 285 253 219 197 100 78 56 97 60
is_linear=0
shrinkage=0.05


Tree=195
num_leaves=16
num_cat=0
split_feature=8 16 23 5 15 5 2 3 3 4 9 8 8 7 18
split_gain=275.136 636.773 190.884 474.111 305.182 273.553 194.006 170.727 149.881 103.565 220.988 165.789 165.872 199.634 140.151
threshold=344.50000000000006 49.500000000000007 0.87838000059127819 259.00000000000006 1.1549999713897707 218.00000000000003 244.00000000000003 190.50000000000003 225.50000000000003 203.50000000000003 172.640007019043 155.00000000000003 145.25000000000003 131.00000000000003 -0.59499999880790699
decision_type=10 8 2 10 10 10 8 10 8 10 10 10 10 10 10
left_child=1 -1 3 5 -4 6 8 -6 9 10 11 12 13 14 -3
right_child=-2 2 4 -5 7 -7 -8 -9 -10 -11 -12 -13 -14 -15 -16
leaf_value=-0.2769858355678263 0.18118698716163636 0.021025130015590955 -0.2261901242392404 0.18916757742041035 -0.07743626303366713 -0.17731640711426735 0.12228158610976406 0.086206942856577901 -0.13344430234283208 0.097478207945823681 -0.14535695679175359 0.12773976852851254 -0.13142709488218482 0.10795324257551096 -0.14150895486984935
leaf_weight=21 20 36 21 38 37 20 36 28 20 29 24 28 22 39 21
leaf_count=21 20 36 21 38 37 20 36 28 20 29 24 28 22 39 21
internal_value=-6.92354e-10 -0.00862795 0.00549615 0.023624 -0.0604807 0.000748853 0.0147148 -0.00694381 -0.00296746 0.0101458 -0.0047521 0.018361 -0.00759325 0.0207853 -0.0388558
internal_weight=440 420 399 313 86 275 255 65 219 199 170 146 118 96 57
internal_count=440 420 399 313 86 275 255 65 219 199 170 146 118 96 57
is_linear=0
shrinkage=0.05


Tree=196
num_leaves=18
num_cat=0
split_feature=9 4 9 14 5 11 15 13 14 19 11 5 4 14 6 16 11
split_gain=266.2 782.683 318.408 302.146 856.757 270.265 845.126 336.181 417.586 442.228 303.773 188.331 185.492 162.757 137.533 107.537 84.2317
threshold=278.17001342773443 340.00000000000006 255.75000000000003 94.500000000000014 204.50000000000003 166.46999359130862 1.0349999666213991 15.650000095367433 86.500000000000014 991.75000000000011 175.13999938964847 135.50000000000003 142.50000000000003 81.500000000000014 142.50000000000003 282.50000000000006 213.22499847412112
decision_type=10 8 10 8 8 8 8 10 10 10 10 8 8 10 8 10 10
left_child=2 -2 3 5 15 7 -7 8 9 -1 -8 -9 -13 -12 -10 -5 -15
right_child=1 -3 -4 4 -6 6 10 11 14 -11 13 12 -14 16 -16 -17 -18
leaf_value=0.048706532001495363 -0.26074468991719185 0.13209580410094487 0.20373018257142533 -0.087234523032720279 0.3641486073533694 -0.36376716423602334 -0.18100039464506237 -0.18162741236712621 0.092513166084176021 0.35994442843255547 0.11407553092999892 0.092469042823042566 -0.11573430128395557 -0.086342614037649978 -0.066927227005362508 0.061186919186729943 0.046127248058716458
leaf_weight=25 32 21 21 26 21 21 22 23 21 21 33 23 20 28 38 23 21
leaf_count=25 32 21 21 26 21 21 22 23 21 21 33 23 20 28 38 23 21
internal_value=-4.80742e-11 -0.105091 0.0143923 0.00352865 0.0969475 -0.0185636 -0.0744444 0.0222849 0.077867 0.190793 -0.0160234 -0.0661413 -0.00436972 0.0282387 -0.0101773 -0.0175673 -0.0295698
internal_weight=440 53 387 366 70 296 125 171 105 46 104 66 43 82 59 49 49
internal_count=440 53 387 366 70 296 125 171 105 46 104 66 43 82 59 49 49
is_linear=0
shrinkage=0.05


Tree=197
num_leaves=17
num_cat=0
split_feature=8 8 5 3 5 3 16 20 16 5 16 7 19 20 6 6
split_gain=261.887 596.586 248.544 191.911 117.289 315.413 184.395 120.966 166.451 124.839 109.234 250.316 112.948 88.77 108.132 110.565
threshold=344.50000000000006 309.75000000000006 287.50000000000006 289.50000000000006 221.00000000000003 229.00000000000003 77.500000000000014 615.00000000000011 329.50000000000006 209.50000000000003 313.50000000000006 201.12500000000003 989.04998779296886 102.50000000000001 185.50000000000003 145.50000000000003
decision_type=10 8 10 8 10 10 10 10 10 8 10 10 10 10 10 8
left_child=1 2 3 4 5 6 -1 8 9 10 11 12 -8 -14 15 -15
right_child=-2 -3 -4 -5 -6 -7 7 -9 -10 -11 -12 -13 13 14 -16 -17
leaf_value=-0.14938690241426231 0.176770798265934 -0.27491752922534946 0.1265551575508557 -0.14152511173486712 -0.090621793462384137 0.18950701224739139 0.061664736994675229 -0.11009842105209829 0.15237620980257083 0.10379493118130736 -0.10451450554224162 0.17164178430568428 0.023683207316531077 -0.10973727620310254 -0.17145951926708222 0.029730198755860329
leaf_weight=20 20 20 38 25 31 23 35 20 21 28 26 20 36 27 20 30
leaf_count=20 20 20 38 25 31 23 35 20 21 28 26 20 36 27 20 30
internal_value=4.28197e-10 -0.00841766 0.00490734 -0.00786232 0.00205331 0.011442 -0.00302975 0.00810007 0.0178283 0.00510084 -0.00914367 0.00561611 -0.0168198 -0.0411292 -0.0714311 -0.0363333
internal_weight=440 420 400 362 337 306 283 263 243 222 194 168 148 113 77 57
internal_count=440 420 400 362 337 306 283 263 243 222 194 168 148 113 77 57
is_linear=0
shrinkage=0.05


Tree=198
num_leaves=17
num_cat=0
split_feature=10 18 13 9 15 20 20 4 7 13 5 5 8 9 14 4
split_gain=258.846 1249.49 618.157 514.04 819.498 337.281 449.708 220.318 181.451 153.251 139.161 208.346 255.249 206.776 149.681 128.217
threshold=226.00000000000003 -0.39499999582767481 9.5999999046325701 202.58500671386722 1.0549999475479128 47.500000000000007 72.500000000000014 160.50000000000003 170.37500000000003 13.150000095367433 230.00000000000003 146.50000000000003 124.75000000000001 146.28499603271487 75.500000000000014 190.50000000000003
decision_type=10 8 10 10 10 8 10 10 10 10 8 10 10 10 8 10
left_child=3 -2 -3 5 -5 -1 -7 10 15 -4 11 12 -8 -14 -13 -9
right_child=1 2 9 4 -6 6 7 8 -10 -11 -12 14 13 -15 -16 -17
leaf_value=-0.16510812034209571 -0.41343061051198415 -0.16423718956885514 0.22091247260570529 0.40578061711220514 0.0062277810817415067 0.19070935100317002 -0.22084164301986281 0.08518662889088903 0.16396288525451114 0.035220588073134426 -0.14980457235987371 0.11716426954371856 0.089168856876051958 -0.12284846241059511 -0.031457031538916956 -0.08953551408790407
leaf_weight=30 21 27 25 21 33 31 23 21 27 20 26 32 23 23 36 21
leaf_count=30 21 27 25 21 33 31 23 21 27 20 26 32 23 23 36 21
internal_value=-3.45436e-10 -0.0740777 0.0249003 0.0198537 0.161609 -0.00627197 0.0118462 -0.0120536 0.0628358 0.138383 -0.0437552 -0.0236291 -0.0848404 -0.0168398 0.0384824 -0.00217444
internal_weight=440 93 72 347 54 293 263 232 69 45 163 137 69 46 68 42
internal_count=440 93 72 347 54 293 263 232 69 45 163 137 69 46 68 42
is_linear=0
shrinkage=0.05


Tree=199
num_leaves=17
num_cat=0
split_feature=2 3 17 5 3 2 3 15 17 20 3 5 10 5 23 3
split_gain=248.737 278.395 172.321 512.523 271.899 340.194 151.269 336.313 179.565 124.206 254.656 199.864 93.4417 122.746 94.7749 42.7196
threshold=342.00000000000006 370.50000000000006 -0.54500001668930043 221.00000000000003 158.50000000000003 187.50000000000003 209.50000000000003 0.81499999761581432 0.77000001072883617 327.50000000000006 141.00000000000003 209.50000000000003 120.50000000000001 166.50000000000003 1.0000000180025095e-35 150.50000000000003
decision_type=10 8 10 10 10 10 10 10 10 10 10 8 10 10 2 10
left_child=1 2 4 6 -1 -6 7 -4 -8 11 -11 12 -9 14 15 -14
right_child=-2 -3 3 -5 5 -7 8 9 -10 10 -12 -13 13 -15 -16 -17
leaf_value=-0.063117526420231523 -0.15316797971725465 0.18661115559793653 -0.18578965127468111 -0.20089277514968729 0.2913060376420617 0.036540626793315538 0.19922490209341048 -0.12774034560374592 0.0082429564907215546 0.19345402396284045 -0.042055560377511111 0.12994806345197416 -0.080089822225272667 -0.11094229497875159 0.074276342574093088 0.018854172537103295
leaf_weight=29 25 21 25 34 20 38 20 23 32 24 22 21 24 26 36 20
leaf_count=29 25 21 25 34 20 38 20 23 32 24 22 21 24 26 36 20
internal_value=2.34101e-10 0.00922699 -0.000227499 -0.0178303 0.061888 0.124391 0.00496873 -0.0130851 0.0816976 0.00894353 0.080819 -0.0130983 -0.0363849 -0.0165625 0.014111 -0.0351153
internal_weight=440 415 394 307 87 58 273 221 52 196 46 150 129 106 80 44
internal_count=440 415 394 307 87 58 273 221 52 196 46 150 129 106 80 44
is_linear=0
shrinkage=0.05


Tree=200
num_leaves=17
num_cat=0
split_feature=7 15 4 15 5 5 4 5 18 4 16 4 2 4 22 15
split_gain=241.945 397.689 1841.45 241.111 163.333 461.951 112.935 177.39 128.328 112.334 102.578 174.31 161.574 131.157 93.9232 104.366
threshold=343.87500000000006 0.61000001430511486 186.50000000000003 0.82499998807907116 287.50000000000006 230.00000000000003 211.50000000000003 207.50000000000003 -0.63499999046325672 256.50000000000006 289.50000000000006 122.50000000000001 149.50000000000003 125.50000000000001 0.37940999865531927 1.6449999809265139
decision_type=8 8 10 8 10 10 8 8 8 10 10 10 10 8 2 10
left_child=1 2 -1 -3 5 6 7 10 -8 -10 13 -12 -13 -5 -15 -16
right_child=-2 3 -4 4 -6 -7 8 -9 9 -11 11 12 -14 14 15 -17
leaf_value=0.17664511118616377 0.16161397153680976 0.1489486416535718 -0.4855025050185976 -0.14609949219794502 0.10053481851868772 -0.24735594943165778 -0.15194514128177061 0.13798814026845826 -0.092288935035467146 0.069735425645890456 0.1268751722288185 -0.087744355355115503 0.065296194723674233 0.062037531262443914 -0.13619906343519689 0.017040456384420394
leaf_weight=21 22 28 21 21 34 20 23 27 20 23 35 34 35 31 20 25
leaf_count=21 22 28 21 21 34 20 23 27 20 23 35 34 35 31 20 25
internal_value=1.30158e-09 -0.008506 -0.154429 0.00779388 -0.0035634 -0.0148352 0.000982557 0.0176556 -0.0566152 -0.00562474 0.00149151 0.0359874 -0.0101151 -0.0354938 -0.00493166 -0.051066
internal_weight=440 418 42 376 348 314 294 228 66 43 201 104 69 97 76 45
internal_count=440 418 42 376 348 314 294 228 66 43 201 104 69 97 76 45
is_linear=0
shrinkage=0.05


Tree=201
num_leaves=18
num_cat=0
split_feature=11 8 7 5 6 15 6 18 6 8 8 9 10 20 14 10 20
split_gain=239.533 781.702 686.428 228.359 142.549 345.17 332.176 237.012 213.888 93.3823 193.41 150.284 140.503 105.57 111.189 88.279 62.2687
threshold=278.95999145507818 339.50000000000006 294.87500000000006 287.50000000000006 192.50000000000003 0.68999999761581432 203.50000000000003 -0.64499998092651356 245.50000000000003 167.75000000000003 217.25000000000003 120.81000137329103 101.00000000000001 142.50000000000003 76.500000000000014 133.50000000000003 142.50000000000003
decision_type=8 10 10 10 10 8 10 10 10 10 10 10 10 10 10 10 10
left_child=1 2 3 4 5 -1 -6 -8 -9 11 16 12 -7 15 -15 -13 -11
right_child=-2 -3 -4 -5 6 9 7 8 -10 10 -12 13 -14 14 -16 -17 -18
leaf_value=0.17374917970549675 -0.16905818000435829 0.31310731589794161 -0.29270786590874198 0.15084581173813116 -0.2197774809339772 0.027819635222355529 0.12341698768734932 -0.19253772646188738 0.013528036720612469 -0.15863476804009191 0.076542296260595333 0.081371841660660249 -0.15508244856305065 0.035237893355744225 0.18544705185023222 -0.042137053952767303 -0.0422336819395423
leaf_weight=31 20 20 20 26 23 21 25 20 34 27 20 23 21 28 22 39 20
leaf_count=31 20 20 20 26 23 21 25 20 34 27 20 23 21 28 22 39 20
internal_value=6.90025e-10 0.00805039 -0.00720246 0.00782414 -0.00268027 0.0175057 -0.0525516 -0.00386553 -0.0627926 -0.00441078 -0.0536861 0.0170272 -0.0636314 0.0472741 0.10133 0.00368076 -0.109102
internal_weight=440 420 400 380 354 252 102 79 54 221 67 154 42 112 50 62 47
internal_count=440 420 400 380 354 252 102 79 54 221 67 154 42 112 50 62 47
is_linear=0
shrinkage=0.05


Tree=202
num_leaves=17
num_cat=0
split_feature=2 3 17 5 3 2 3 16 18 6 10 9 18 20 4 23
split_gain=248.642 244.413 156.965 450.411 238.207 291.478 159.257 188.625 154.828 128.426 288.98 190.893 147.799 168.584 288.337 72.9898
threshold=342.00000000000006 370.50000000000006 -0.54500001668930043 221.00000000000003 158.50000000000003 187.50000000000003 229.00000000000003 269.50000000000006 -0.22499999403953549 202.50000000000003 173.50000000000003 156.21499633789065 -0.57499998807907093 162.50000000000003 123.50000000000001 1.0000000180025095e-35
decision_type=10 8 10 10 10 10 10 10 10 8 10 10 10 10 10 2
left_child=1 2 4 6 -1 -6 7 -4 9 10 11 12 13 -9 -15 -11
right_child=-2 -3 3 -5 5 -7 -8 8 -10 15 -12 -13 -14 14 -16 -17
leaf_value=-0.057354602705815744 -0.15313857650756837 0.17543131524608249 -0.12770411803804596 -0.18804554011234467 0.27265473574399951 0.036834968391217686 0.11790358589163848 -0.091921833753585813 0.13710006603172847 -0.013757998010386591 -0.20307241791770575 0.13903062481433154 -0.12500995881855489 0.20221408396249727 -0.063055499568581586 0.10027008443656896
leaf_weight=29 25 21 29 34 20 38 28 25 21 23 21 20 29 21 20 36
leaf_count=29 25 21 29 34 20 38 28 25 21 23 21 20 29 21 20 36
internal_value=-1.8745e-09 0.00922521 0.000366513 -0.0164337 0.0596499 0.118152 0.00493925 -0.00797096 0.00810432 -0.00578753 -0.0325137 -0.00136814 -0.0309258 0.0104142 0.0728143 0.0558185
internal_weight=440 415 394 307 87 58 273 245 216 195 136 115 95 66 41 59
internal_count=440 415 394 307 87 58 273 245 216 195 136 115 95 66 41 59
is_linear=0
shrinkage=0.05


Tree=203
num_leaves=18
num_cat=0
split_feature=10 18 13 9 4 2 18 10 23 5 13 9 6 20 20 2 14
split_gain=236.077 1111.41 529.981 465.09 669.526 352.44 565.736 472.433 247.119 170.551 142.301 123.377 148.649 216.701 152.609 184.518 57.597
threshold=226.00000000000003 -0.39499999582767481 9.5999999046325701 199.93000030517581 200.50000000000003 183.50000000000003 -0.53000000119209278 174.50000000000003 -1.0000000180025095e-35 235.50000000000003 13.150000095367433 110.57500076293947 185.50000000000003 127.50000000000001 142.50000000000003 135.50000000000003 93.500000000000014
decision_type=10 8 10 10 8 10 10 10 2 8 10 10 10 10 10 8 10
left_child=3 -2 -3 5 -5 7 -7 9 -6 11 -4 -1 14 -14 16 -16 -13
right_child=1 2 10 4 8 6 -8 -9 -10 -11 -12 12 13 -15 15 -17 -18
leaf_value=-0.09684045631438494 -0.39079789324175745 -0.1525249179866579 0.20720828333497049 0.37237810350599743 0.1422445671124892 0.026090037765411231 -0.31841818432916297 0.21363950355185404 -0.10059618147090077 -0.12587796912735535 0.028273081481456758 -0.048918534244100254 0.069762351363897329 -0.14618763167124529 0.015224290043115617 0.19914889072378478 0.052757006539748269
leaf_weight=24 21 27 25 21 22 26 22 27 20 27 20 30 21 26 25 30 26
leaf_count=24 21 27 25 21 22 26 22 27 20 27 20 30 21 26 25 30 26
internal_value=-7.60827e-10 -0.0707447 0.0226041 0.0189604 0.141863 -0.0083033 -0.13181 0.0168166 0.0266061 -0.00861026 0.127682 0.00878659 0.0248312 -0.0496993 0.0563892 0.115547 -0.00171203
internal_weight=440 93 72 347 63 284 48 236 42 209 45 182 158 47 111 55 56
internal_count=440 93 72 347 63 284 48 236 42 209 45 182 158 47 111 55 56
is_linear=0
shrinkage=0.05


Tree=204
num_leaves=17
num_cat=0
split_feature=5 5 5 6 2 15 4 5 2 17 18 8 16 18 3 5
split_gain=233.693 1141.2 422.073 172.063 346.201 319.8 258.296 223.208 224.077 300.365 144.514 148.15 155.883 133.438 122.961 88.0569
threshold=291.50000000000006 338.50000000000006 249.00000000000003 207.50000000000003 237.50000000000003 1.2050000429153445 214.00000000000003 204.50000000000003 187.50000000000003 0.37500000000000006 -0.44499999284744257 147.75000000000003 293.50000000000006 -0.99500000476837147 204.50000000000003 195.50000000000003
decision_type=10 10 10 8 10 8 10 10 8 10 10 10 10 10 8 8
left_child=2 -2 3 4 7 6 -5 8 9 -1 11 12 -11 -14 15 -7
right_child=1 -3 -4 5 -6 14 -8 -9 -10 10 -12 -13 13 -15 -16 -17
leaf_value=0.1519474473098914 -0.37436450098951662 0.14093991993841801 0.22484185351905497 -0.27832169285552072 0.17540674516648957 -0.0058914443542217388 -0.030049919039011004 0.159688590914011 -0.13008848079613278 0.070824137896299363 -0.1318678629398346 0.11701181090690874 0.008799173818393187 -0.15708838381149151 -0.062052785280423288 0.1208291702832167
leaf_weight=30 21 22 22 22 33 29 20 20 35 25 25 22 22 27 39 26
leaf_count=30 21 22 22 22 33 29 20 20 35 25 25 22 22 27 39 26
internal_value=-8.6359e-11 -0.11072 0.0119924 -0.000494785 0.0250539 -0.0453929 -0.160097 0.000968255 -0.0160984 0.0103231 -0.0247904 0.00309436 -0.030773 -0.0826083 0.00585796 0.0540128
internal_weight=440 43 397 375 239 136 42 206 186 151 121 96 74 49 94 55
internal_count=440 43 397 375 239 136 42 206 186 151 121 96 74 49 94 55
is_linear=0
shrinkage=0.05


end of trees

feature_importances:
pm25_lag_12h=306
wind_speed_10m=277
boundary_layer_height=204
pm25_lag_24h=203
pm25_lag_3h=202
surface_pressure=179
temperature_2m=175
pm25_roll_mean_24h=155
pm25_lag_6h=153
pm25_roll_median_24h=140
pm25_lag_1h=130
pm25_roll_mean_3h=130
hour_sin=130
relative_humidity_2m=123
wind_direction_10m=121
pm25_roll_median_3h=117
pm25_roll_mean_6h=113
wind_v=112
hour_cos=102
wind_u=85
day_of_week_sin=80
pm25_roll_median_6h=70
day_of_week_cos=32

parameters:
[boosting: gbdt]
[objective: regression]
[metric: rmse]
[tree_learner: serial]
[device_type: cpu]
[data_sample_strategy: bagging]
[data: ]
[valid: ]
[num_iterations: 300]
[learning_rate: 0.05]
[num_leaves: 31]
[num_threads: 0]
[seed: 42]
[deterministic: 0]
[force_col_wise: 0]
[force_row_wise: 0]
[histogram_pool_size: -1]
[max_depth: -1]
[min_data_in_leaf: 20]
[min_sum_hessian_in_leaf: 0.001]
[bagging_fraction: 0.8]
[pos_bagging_fraction: 1]
[neg_bagging_fraction: 1]
[bagging_freq: 0]
[bagging_seed: 400]
[bagging_by_query: 0]
[feature_fraction: 0.8]
[feature_fraction_bynode: 1]
[feature_fraction_seed: 30056]
[extra_trees: 0]
[extra_seed: 12879]
[early_stopping_round: 0]
[early_stopping_min_delta: 0]
[first_metric_only: 0]
[max_delta_step: 0]
[lambda_l1: 0]
[lambda_l2: 0]
[linear_lambda: 0]
[min_gain_to_split: 0]
[drop_rate: 0.1]
[max_drop: 50]
[skip_drop: 0.5]
[xgboost_dart_mode: 0]
[uniform_drop: 0]
[drop_seed: 17869]
[top_rate: 0.2]
[other_rate: 0.1]
[min_data_per_group: 100]
[max_cat_threshold: 32]
[cat_l2: 10]
[cat_smooth: 10]
[max_cat_to_onehot: 4]
[top_k: 20]
[monotone_constraints: ]
[monotone_constraints_method: basic]
[monotone_penalty: 0]
[feature_contri: ]
[forcedsplits_filename: ]
[refit_decay_rate: 0.9]
[cegb_tradeoff: 1]
[cegb_penalty_split: 0]
[cegb_penalty_feature_lazy: ]
[cegb_penalty_feature_coupled: ]
[path_smooth: 0]
[interaction_constraints: ]
[verbosity: -1]
[saved_feature_importance_type: 0]
[use_quantized_grad: 0]
[num_grad_quant_bins: 4]
[quant_train_renew_leaf: 0]
[stochastic_rounding: 1]
[linear_tree: 0]
[max_bin: 255]
[max_bin_by_feature: ]
[min_data_in_bin: 3]
[bin_construct_sample_cnt: 200000]
[data_random_seed: 175]
[is_enable_sparse: 1]
[enable_bundle: 1]
[use_missing: 1]
[zero_as_missing: 0]
[feature_pre_filter: 1]
[pre_partition: 0]
[two_round: 0]
[header: 0]
[label_column: ]
[weight_column: ]
[group_column: ]
[ignore_column: ]
[categorical_feature: ]
[forcedbins_filename: ]
[precise_float_parser: 0]
[parser_config_file: ]
[objective_seed: 16083]
[num_class: 1]
[is_unbalance: 0]
[scale_pos_weight: 1]
[sigmoid: 1]
[boost_from_average: 1]
[reg_sqrt: 0]
[alpha: 0.9]
[fair_c: 1]
[poisson_max_delta_step: 0.7]
[tweedie_variance_power: 1.5]
[lambdarank_truncation_level: 30]
[lambdarank_norm: 1]
[label_gain: ]
[lambdarank_position_bias_regularization: 0]
[eval_at: ]
[multi_error_top_k: 1]
[auc_mu_weights: ]
[num_machines: 1]
[local_listen_port: 12400]
[time_out: 120]
[machine_list_filename: ]
[machines: ]
[gpu_platform_id: -1]
[gpu_device_id: -1]
[gpu_device_id_list: ]
[gpu_use_dp: 0]
[num_gpu: 1]

end of parameters

pandas_categorical:null
