{
  "type": "FeatureCollection",
  "features": [
    {
      "type": "Feature",
      "id": "geo_road_way_22834653",
      "geometry": {
        "type": "LineString",
        "coordinates": [
          [
            77.148779,
            28.596662
          ],
          [
            77.146207,
            28.597634
          ],
          [
            77.146186,
            28.597641
          ],
          [
            77.145956,
            28.597732
          ],
          [
            77.143062,
            28.59887
          ],
          [
            77.142846,
            28.598955
          ],
          [
            77.142612,
            28.599047
          ],
          [
            77.139494,
            28.600268
          ],
          [
            77.139462,
            28.600281
          ],
          [
            77.137295,
            28.601113
          ],
          [
            77.136141,
            28.601555
          ],
          [
            77.134942,
            28.602039
          ],
          [
            77.134812,
            28.602088
          ],
          [
            77.134753,
            28.602113
          ],
          [
            77.134672,
            28.602144
          ],
          [
            77.134629,
            28.602161
          ],
          [
            77.134489,
            28.602215
          ],
          [
            77.134203,
            28.602334
          ],
          [
            77.133685,
            28.602537
          ],
          [
            77.131136,
            28.60354
          ],
          [
            77.128975,
            28.604391
          ],
          [
            77.128062,
            28.604751
          ],
          [
            77.12775,
            28.604871
          ],
          [
            77.127702,
            28.604889
          ],
          [
            77.127553,
            28.60495
          ]
        ]
      },
      "properties": {
        "feature_id": "geo_road_way_22834653",
        "feature_type": "road",
        "name": "Cariappa Marg",
        "city_code": "DELHI",
        "geometry": {
          "type": "LineString",
          "coordinates": [
            [
              77.148779,
              28.596662
            ],
            [
              77.146207,
              28.597634
            ],
            [
              77.146186,
              28.597641
            ],
            [
              77.145956,
              28.597732
            ],
            [
              77.143062,
              28.59887
            ],
            [
              77.142846,
              28.598955
            ],
            [
              77.142612,
              28.599047
            ],
            [
              77.139494,
              28.600268
            ],
            [
              77.139462,
              28.600281
            ],
            [
              77.137295,
              28.601113
            ],
            [
              77.136141,
              28.601555
            ],
            [
              77.134942,
              28.602039
            ],
            [
              77.134812,
              28.602088
            ],
            [
              77.134753,
              28.602113
            ],
            [
              77.134672,
              28.602144
            ],
            [
              77.134629,
              28.602161
            ],
            [
              77.134489,
              28.602215
            ],
            [
              77.134203,
              28.602334
            ],
            [
              77.133685,
              28.602537
            ],
            [
              77.131136,
              28.60354
            ],
            [
              77.128975,
              28.604391
            ],
            [
              77.128062,
              28.604751
            ],
            [
              77.12775,
              28.604871
            ],
            [
              77.127702,
              28.604889
            ],
            [
              77.127553,
              28.60495
            ]
          ]
        },
        "properties": {
          "osm_id": 22834653,
          "highway": "primary",
          "ref": null,
          "surface": null,
          "classification": "arterial_road",
          "traffic_density_rank": 4
        },
        "source": "OPENSTREETMAP_OVERPASS",
        "license": "ODbL",
        "attribution": "? OpenStreetMap contributors",
        "valid_from": null,
        "valid_to": null,
        "provenance": {
          "osm_id": 22834653,
          "osm_type": "way",
          "source": "OPENSTREETMAP_OVERPASS",
          "tags_preserved": {
            "highway": "primary",
            "name": "Cariappa Marg"
          }
        },
        "osm_id": 22834653,
        "highway": "primary",
        "ref": null,
        "surface": null,
        "classification": "arterial_road",
        "traffic_density_rank": 4
      }
    },
    {
      "type": "Feature",
      "id": "geo_road_way_23089147",
      "geometry": {
        "type": "LineString",
        "coordinates": [
          [
            77.176377,
            28.71018
          ],
          [
            77.176558,
            28.709934
          ],
          [
            77.176692,
            28.709799
          ],
          [
            77.176755,
            28.709739
          ],
          [
            77.176819,
            28.709676
          ],
          [
            77.177348,
            28.709086
          ],
          [
            77.177708,
            28.708686
          ],
          [
            77.177862,
            28.708514
          ],
          [
            77.178124,
            28.708222
          ]
        ]
      },
      "properties": {
        "feature_id": "geo_road_way_23089147",
        "feature_type": "road",
        "name": "Mahatma Gandhi Marg",
        "city_code": "DELHI",
        "geometry": {
          "type": "LineString",
          "coordinates": [
            [
              77.176377,
              28.71018
            ],
            [
              77.176558,
              28.709934
            ],
            [
              77.176692,
              28.709799
            ],
            [
              77.176755,
              28.709739
            ],
            [
              77.176819,
              28.709676
            ],
            [
              77.177348,
              28.709086
            ],
            [
              77.177708,
              28.708686
            ],
            [
              77.177862,
              28.708514
            ],
            [
              77.178124,
              28.708222
            ]
          ]
        },
        "properties": {
          "osm_id": 23089147,
          "highway": "secondary",
          "ref": null,
          "surface": "asphalt",
          "classification": "secondary_collector",
          "traffic_density_rank": 3
        },
        "source": "OPENSTREETMAP_OVERPASS",
        "license": "ODbL",
        "attribution": "? OpenStreetMap contributors",
        "valid_from": null,
        "valid_to": null,
        "provenance": {
          "osm_id": 23089147,
          "osm_type": "way",
          "source": "OPENSTREETMAP_OVERPASS",
          "tags_preserved": {
            "highway": "secondary",
            "name": "Mahatma Gandhi Marg",
            "surface": "asphalt"
          }
        },
        "osm_id": 23089147,
        "highway": "secondary",
        "ref": null,
        "surface": "asphalt",
        "classification": "secondary_collector",
        "traffic_density_rank": 3
      }
    },
    {
      "type": "Feature",
      "id": "geo_road_way_23133709",
      "geometry": {
        "type": "LineString",
        "coordinates": [
          [
            77.220917,
            28.630083
          ],
          [
            77.220855,
            28.630061
          ],
          [
            77.220815,
            28.630048
          ],
          [
            77.220652,
            28.629995
          ],
          [
            77.220533,
            28.629974
          ],
          [
            77.220203,
            28.629916
          ],
          [
            77.220082,
            28.629906
          ],
          [
            77.219868,
            28.629889
          ],
          [
            77.219799,
            28.629884
          ],
          [
            77.219765,
            28.629882
          ],
          [
            77.219485,
            28.629894
          ]
        ]
      },
      "properties": {
        "feature_id": "geo_road_way_23133709",
        "feature_type": "road",
        "name": "Outer Circle",
        "city_code": "DELHI",
        "geometry": {
          "type": "LineString",
          "coordinates": [
            [
              77.220917,
              28.630083
            ],
            [
              77.220855,
              28.630061
            ],
            [
              77.220815,
              28.630048
            ],
            [
              77.220652,
              28.629995
            ],
            [
              77.220533,
              28.629974
            ],
            [
              77.220203,
              28.629916
            ],
            [
              77.220082,
              28.629906
            ],
            [
              77.219868,
              28.629889
            ],
            [
              77.219799,
              28.629884
            ],
            [
              77.219765,
              28.629882
            ],
            [
              77.219485,
              28.629894
            ]
          ]
        },
        "properties": {
          "osm_id": 23133709,
          "highway": "secondary",
          "ref": null,
          "surface": "asphalt",
          "classification": "secondary_collector",
          "traffic_density_rank": 3
        },
        "source": "OPENSTREETMAP_OVERPASS",
        "license": "ODbL",
        "attribution": "? OpenStreetMap contributors",
        "valid_from": null,
        "valid_to": null,
        "provenance": {
          "osm_id": 23133709,
          "osm_type": "way",
          "source": "OPENSTREETMAP_OVERPASS",
          "tags_preserved": {
            "highway": "secondary",
            "name": "Outer Circle",
            "surface": "asphalt"
          }
        },
        "osm_id": 23133709,
        "highway": "secondary",
        "ref": null,
        "surface": "asphalt",
        "classification": "secondary_collector",
        "traffic_density_rank": 3
      }
    },
    {
      "type": "Feature",
      "id": "geo_road_way_23134734",
      "geometry": {
        "type": "LineString",
        "coordinates": [
          [
            77.219448,
            28.620006
          ],
          [
            77.219461,
            28.619942
          ],
          [
            77.219464,
            28.619876
          ],
          [
            77.219459,
            28.619811
          ],
          [
            77.219443,
            28.619741
          ],
          [
            77.219417,
            28.619674
          ],
          [
            77.219381,
            28.61961
          ],
          [
            77.219336,
            28.619551
          ],
          [
            77.219283,
            28.619498
          ],
          [
            77.219243,
            28.619466
          ],
          [
            77.2192,
            28.619437
          ],
          [
            77.219155,
            28.619412
          ],
          [
            77.219101,
            28.619387
          ],
          [
            77.219043,
            28.619367
          ],
          [
            77.218985,
            28.619353
          ]
        ]
      },
      "properties": {
        "feature_id": "geo_road_way_23134734",
        "feature_type": "road",
        "name": "Windsor Place",
        "city_code": "DELHI",
        "geometry": {
          "type": "LineString",
          "coordinates": [
            [
              77.219448,
              28.620006
            ],
            [
              77.219461,
              28.619942
            ],
            [
              77.219464,
              28.619876
            ],
            [
              77.219459,
              28.619811
            ],
            [
              77.219443,
              28.619741
            ],
            [
              77.219417,
              28.619674
            ],
            [
              77.219381,
              28.61961
            ],
            [
              77.219336,
              28.619551
            ],
            [
              77.219283,
              28.619498
            ],
            [
              77.219243,
              28.619466
            ],
            [
              77.2192,
              28.619437
            ],
            [
              77.219155,
              28.619412
            ],
            [
              77.219101,
              28.619387
            ],
            [
              77.219043,
              28.619367
            ],
            [
              77.218985,
              28.619353
            ]
          ]
        },
        "properties": {
          "osm_id": 23134734,
          "highway": "secondary",
          "ref": null,
          "surface": "asphalt",
          "classification": "secondary_collector",
          "traffic_density_rank": 3
        },
        "source": "OPENSTREETMAP_OVERPASS",
        "license": "ODbL",
        "attribution": "? OpenStreetMap contributors",
        "valid_from": null,
        "valid_to": null,
        "provenance": {
          "osm_id": 23134734,
          "osm_type": "way",
          "source": "OPENSTREETMAP_OVERPASS",
          "tags_preserved": {
            "highway": "secondary",
            "name": "Windsor Place",
            "surface": "asphalt"
          }
        },
        "osm_id": 23134734,
        "highway": "secondary",
        "ref": null,
        "surface": "asphalt",
        "classification": "secondary_collector",
        "traffic_density_rank": 3
      }
    },
    {
      "type": "Feature",
      "id": "geo_road_way_23134751",
      "geometry": {
        "type": "LineString",
        "coordinates": [
          [
            77.191512,
            28.609886
          ],
          [
            77.191648,
            28.609718
          ],
          [
            77.192087,
            28.609176
          ],
          [
            77.1925,
            28.608749
          ],
          [
            77.193151,
            28.608174
          ],
          [
            77.193465,
            28.607937
          ],
          [
            77.193544,
            28.607884
          ],
          [
            77.193776,
            28.607729
          ],
          [
            77.194315,
            28.607406
          ],
          [
            77.195056,
            28.606974
          ],
          [
            77.195651,
            28.606626
          ],
          [
            77.197857,
            28.605354
          ],
          [
            77.198084,
            28.605223
          ],
          [
            77.198393,
            28.605042
          ],
          [
            77.198502,
            28.605007
          ],
          [
            77.198621,
            28.605025
          ]
        ]
      },
      "properties": {
        "feature_id": "geo_road_way_23134751",
        "feature_type": "road",
        "name": "Mother Teresa Crescent",
        "city_code": "DELHI",
        "geometry": {
          "type": "LineString",
          "coordinates": [
            [
              77.191512,
              28.609886
            ],
            [
              77.191648,
              28.609718
            ],
            [
              77.192087,
              28.609176
            ],
            [
              77.1925,
              28.608749
            ],
            [
              77.193151,
              28.608174
            ],
            [
              77.193465,
              28.607937
            ],
            [
              77.193544,
              28.607884
            ],
            [
              77.193776,
              28.607729
            ],
            [
              77.194315,
              28.607406
            ],
            [
              77.195056,
              28.606974
            ],
            [
              77.195651,
              28.606626
            ],
            [
              77.197857,
              28.605354
            ],
            [
              77.198084,
              28.605223
            ],
            [
              77.198393,
              28.605042
            ],
            [
              77.198502,
              28.605007
            ],
            [
              77.198621,
              28.605025
            ]
          ]
        },
        "properties": {
          "osm_id": 23134751,
          "highway": "secondary",
          "ref": null,
          "surface": "asphalt",
          "classification": "secondary_collector",
          "traffic_density_rank": 3
        },
        "source": "OPENSTREETMAP_OVERPASS",
        "license": "ODbL",
        "attribution": "? OpenStreetMap contributors",
        "valid_from": null,
        "valid_to": null,
        "provenance": {
          "osm_id": 23134751,
          "osm_type": "way",
          "source": "OPENSTREETMAP_OVERPASS",
          "tags_preserved": {
            "highway": "secondary",
            "name": "Mother Teresa Crescent",
            "surface": "asphalt"
          }
        },
        "osm_id": 23134751,
        "highway": "secondary",
        "ref": null,
        "surface": "asphalt",
        "classification": "secondary_collector",
        "traffic_density_rank": 3
      }
    },
    {
      "type": "Feature",
      "id": "geo_road_way_24537423",
      "geometry": {
        "type": "LineString",
        "coordinates": [
          [
            77.187433,
            28.606028
          ],
          [
            77.187363,
            28.605967
          ],
          [
            77.186854,
            28.605528
          ],
          [
            77.186309,
            28.605057
          ],
          [
            77.186111,
            28.604886
          ],
          [
            77.184942,
            28.604131
          ],
          [
            77.184592,
            28.603945
          ],
          [
            77.183642,
            28.603441
          ],
          [
            77.183566,
            28.603402
          ],
          [
            77.181037,
            28.60212
          ],
          [
            77.180855,
            28.602028
          ]
        ]
      },
      "properties": {
        "feature_id": "geo_road_way_24537423",
        "feature_type": "road",
        "name": "Sardar Patel Marg",
        "city_code": "DELHI",
        "geometry": {
          "type": "LineString",
          "coordinates": [
            [
              77.187433,
              28.606028
            ],
            [
              77.187363,
              28.605967
            ],
            [
              77.186854,
              28.605528
            ],
            [
              77.186309,
              28.605057
            ],
            [
              77.186111,
              28.604886
            ],
            [
              77.184942,
              28.604131
            ],
            [
              77.184592,
              28.603945
            ],
            [
              77.183642,
              28.603441
            ],
            [
              77.183566,
              28.603402
            ],
            [
              77.181037,
              28.60212
            ],
            [
              77.180855,
              28.602028
            ]
          ]
        },
        "properties": {
          "osm_id": 24537423,
          "highway": "secondary",
          "ref": null,
          "surface": "asphalt",
          "classification": "secondary_collector",
          "traffic_density_rank": 3
        },
        "source": "OPENSTREETMAP_OVERPASS",
        "license": "ODbL",
        "attribution": "? OpenStreetMap contributors",
        "valid_from": null,
        "valid_to": null,
        "provenance": {
          "osm_id": 24537423,
          "osm_type": "way",
          "source": "OPENSTREETMAP_OVERPASS",
          "tags_preserved": {
            "highway": "secondary",
            "name": "Sardar Patel Marg",
            "surface": "asphalt"
          }
        },
        "osm_id": 24537423,
        "highway": "secondary",
        "ref": null,
        "surface": "asphalt",
        "classification": "secondary_collector",
        "traffic_density_rank": 3
      }
    },
    {
      "type": "Feature",
      "id": "geo_road_way_24576720",
      "geometry": {
        "type": "LineString",
        "coordinates": [
          [
            77.198545,
            28.604464
          ],
          [
            77.198334,
            28.60442
          ],
          [
            77.197468,
            28.604029
          ],
          [
            77.19655,
            28.603618
          ]
        ]
      },
      "properties": {
        "feature_id": "geo_road_way_24576720",
        "feature_type": "road",
        "name": "Teen Murti Marg",
        "city_code": "DELHI",
        "geometry": {
          "type": "LineString",
          "coordinates": [
            [
              77.198545,
              28.604464
            ],
            [
              77.198334,
              28.60442
            ],
            [
              77.197468,
              28.604029
            ],
            [
              77.19655,
              28.603618
            ]
          ]
        },
        "properties": {
          "osm_id": 24576720,
          "highway": "secondary",
          "ref": null,
          "surface": "asphalt",
          "classification": "secondary_collector",
          "traffic_density_rank": 3
        },
        "source": "OPENSTREETMAP_OVERPASS",
        "license": "ODbL",
        "attribution": "? OpenStreetMap contributors",
        "valid_from": null,
        "valid_to": null,
        "provenance": {
          "osm_id": 24576720,
          "osm_type": "way",
          "source": "OPENSTREETMAP_OVERPASS",
          "tags_preserved": {
            "highway": "secondary",
            "name": "Teen Murti Marg",
            "surface": "asphalt"
          }
        },
        "osm_id": 24576720,
        "highway": "secondary",
        "ref": null,
        "surface": "asphalt",
        "classification": "secondary_collector",
        "traffic_density_rank": 3
      }
    },
    {
      "type": "Feature",
      "id": "geo_road_way_24577095",
      "geometry": {
        "type": "LineString",
        "coordinates": [
          [
            77.224698,
            28.616469
          ],
          [
            77.224667,
            28.616535
          ],
          [
            77.224615,
            28.616574
          ],
          [
            77.224541,
            28.61661
          ],
          [
            77.224349,
            28.616711
          ],
          [
            77.223952,
            28.616921
          ],
          [
            77.223303,
            28.61727
          ],
          [
            77.223145,
            28.617356
          ],
          [
            77.222756,
            28.617583
          ],
          [
            77.222719,
            28.617604
          ],
          [
            77.22224,
            28.617889
          ],
          [
            77.221971,
            28.618048
          ],
          [
            77.221679,
            28.618206
          ],
          [
            77.221206,
            28.618482
          ],
          [
            77.220937,
            28.618639
          ],
          [
            77.220422,
            28.618943
          ],
          [
            77.220193,
            28.619079
          ],
          [
            77.219822,
            28.6193
          ],
          [
            77.219716,
            28.619363
          ],
          [
            77.219617,
            28.619416
          ],
          [
            77.219527,
            28.619458
          ],
          [
            77.219387,
            28.619482
          ],
          [
            77.219283,
            28.619498
          ]
        ]
      },
      "properties": {
        "feature_id": "geo_road_way_24577095",
        "feature_type": "road",
        "name": "Ashoka Road",
        "city_code": "DELHI",
        "geometry": {
          "type": "LineString",
          "coordinates": [
            [
              77.224698,
              28.616469
            ],
            [
              77.224667,
              28.616535
            ],
            [
              77.224615,
              28.616574
            ],
            [
              77.224541,
              28.61661
            ],
            [
              77.224349,
              28.616711
            ],
            [
              77.223952,
              28.616921
            ],
            [
              77.223303,
              28.61727
            ],
            [
              77.223145,
              28.617356
            ],
            [
              77.222756,
              28.617583
            ],
            [
              77.222719,
              28.617604
            ],
            [
              77.22224,
              28.617889
            ],
            [
              77.221971,
              28.618048
            ],
            [
              77.221679,
              28.618206
            ],
            [
              77.221206,
              28.618482
            ],
            [
              77.220937,
              28.618639
            ],
            [
              77.220422,
              28.618943
            ],
            [
              77.220193,
              28.619079
            ],
            [
              77.219822,
              28.6193
            ],
            [
              77.219716,
              28.619363
            ],
            [
              77.219617,
              28.619416
            ],
            [
              77.219527,
              28.619458
            ],
            [
              77.219387,
              28.619482
            ],
            [
              77.219283,
              28.619498
            ]
          ]
        },
        "properties": {
          "osm_id": 24577095,
          "highway": "secondary",
          "ref": null,
          "surface": "asphalt",
          "classification": "secondary_collector",
          "traffic_density_rank": 3
        },
        "source": "OPENSTREETMAP_OVERPASS",
        "license": "ODbL",
        "attribution": "? OpenStreetMap contributors",
        "valid_from": null,
        "valid_to": null,
        "provenance": {
          "osm_id": 24577095,
          "osm_type": "way",
          "source": "OPENSTREETMAP_OVERPASS",
          "tags_preserved": {
            "highway": "secondary",
            "name": "Ashoka Road",
            "surface": "asphalt"
          }
        },
        "osm_id": 24577095,
        "highway": "secondary",
        "ref": null,
        "surface": "asphalt",
        "classification": "secondary_collector",
        "traffic_density_rank": 3
      }
    },
    {
      "type": "Feature",
      "id": "geo_road_way_24577096",
      "geometry": {
        "type": "LineString",
        "coordinates": [
          [
            77.218863,
            28.620425
          ],
          [
            77.218882,
            28.620722
          ],
          [
            77.218918,
            28.621269
          ],
          [
            77.218927,
            28.621407
          ],
          [
            77.218974,
            28.622139
          ],
          [
            77.218994,
            28.622448
          ],
          [
            77.219039,
            28.623133
          ],
          [
            77.219062,
            28.623496
          ],
          [
            77.219113,
            28.624275
          ],
          [
            77.219123,
            28.624431
          ],
          [
            77.219127,
            28.624488
          ],
          [
            77.219137,
            28.62465
          ],
          [
            77.219154,
            28.624904
          ],
          [
            77.219171,
            28.625166
          ],
          [
            77.219183,
            28.62536
          ],
          [
            77.219231,
            28.626091
          ],
          [
            77.219239,
            28.626219
          ],
          [
            77.219245,
            28.626314
          ]
        ]
      },
      "properties": {
        "feature_id": "geo_road_way_24577096",
        "feature_type": "road",
        "name": "Janpath",
        "city_code": "DELHI",
        "geometry": {
          "type": "LineString",
          "coordinates": [
            [
              77.218863,
              28.620425
            ],
            [
              77.218882,
              28.620722
            ],
            [
              77.218918,
              28.621269
            ],
            [
              77.218927,
              28.621407
            ],
            [
              77.218974,
              28.622139
            ],
            [
              77.218994,
              28.622448
            ],
            [
              77.219039,
              28.623133
            ],
            [
              77.219062,
              28.623496
            ],
            [
              77.219113,
              28.624275
            ],
            [
              77.219123,
              28.624431
            ],
            [
              77.219127,
              28.624488
            ],
            [
              77.219137,
              28.62465
            ],
            [
              77.219154,
              28.624904
            ],
            [
              77.219171,
              28.625166
            ],
            [
              77.219183,
              28.62536
            ],
            [
              77.219231,
              28.626091
            ],
            [
              77.219239,
              28.626219
            ],
            [
              77.219245,
              28.626314
            ]
          ]
        },
        "properties": {
          "osm_id": 24577096,
          "highway": "secondary",
          "ref": null,
          "surface": "asphalt",
          "classification": "secondary_collector",
          "traffic_density_rank": 3
        },
        "source": "OPENSTREETMAP_OVERPASS",
        "license": "ODbL",
        "attribution": "? OpenStreetMap contributors",
        "valid_from": null,
        "valid_to": null,
        "provenance": {
          "osm_id": 24577096,
          "osm_type": "way",
          "source": "OPENSTREETMAP_OVERPASS",
          "tags_preserved": {
            "highway": "secondary",
            "name": "Janpath",
            "surface": "asphalt"
          }
        },
        "osm_id": 24577096,
        "highway": "secondary",
        "ref": null,
        "surface": "asphalt",
        "classification": "secondary_collector",
        "traffic_density_rank": 3
      }
    },
    {
      "type": "Feature",
      "id": "geo_road_way_24577097",
      "geometry": {
        "type": "LineString",
        "coordinates": [
          [
            77.218612,
            28.616797
          ],
          [
            77.218637,
            28.616849
          ],
          [
            77.218658,
            28.617032
          ],
          [
            77.218662,
            28.617061
          ],
          [
            77.218723,
            28.61795
          ],
          [
            77.218728,
            28.618022
          ],
          [
            77.218736,
            28.618254
          ],
          [
            77.218738,
            28.618303
          ],
          [
            77.218744,
            28.618374
          ],
          [
            77.218769,
            28.618682
          ],
          [
            77.218792,
            28.618961
          ],
          [
            77.218798,
            28.619034
          ],
          [
            77.218807,
            28.619209
          ],
          [
            77.218795,
            28.619287
          ],
          [
            77.218744,
            28.619346
          ]
        ]
      },
      "properties": {
        "feature_id": "geo_road_way_24577097",
        "feature_type": "road",
        "name": "Janpath",
        "city_code": "DELHI",
        "geometry": {
          "type": "LineString",
          "coordinates": [
            [
              77.218612,
              28.616797
            ],
            [
              77.218637,
              28.616849
            ],
            [
              77.218658,
              28.617032
            ],
            [
              77.218662,
              28.617061
            ],
            [
              77.218723,
              28.61795
            ],
            [
              77.218728,
              28.618022
            ],
            [
              77.218736,
              28.618254
            ],
            [
              77.218738,
              28.618303
            ],
            [
              77.218744,
              28.618374
            ],
            [
              77.218769,
              28.618682
            ],
            [
              77.218792,
              28.618961
            ],
            [
              77.218798,
              28.619034
            ],
            [
              77.218807,
              28.619209
            ],
            [
              77.218795,
              28.619287
            ],
            [
              77.218744,
              28.619346
            ]
          ]
        },
        "properties": {
          "osm_id": 24577097,
          "highway": "secondary",
          "ref": null,
          "surface": "asphalt",
          "classification": "secondary_collector",
          "traffic_density_rank": 3
        },
        "source": "OPENSTREETMAP_OVERPASS",
        "license": "ODbL",
        "attribution": "? OpenStreetMap contributors",
        "valid_from": null,
        "valid_to": null,
        "provenance": {
          "osm_id": 24577097,
          "osm_type": "way",
          "source": "OPENSTREETMAP_OVERPASS",
          "tags_preserved": {
            "highway": "secondary",
            "name": "Janpath",
            "surface": "asphalt"
          }
        },
        "osm_id": 24577097,
        "highway": "secondary",
        "ref": null,
        "surface": "asphalt",
        "classification": "secondary_collector",
        "traffic_density_rank": 3
      }
    },
    {
      "type": "Feature",
      "id": "geo_road_way_24577101",
      "geometry": {
        "type": "LineString",
        "coordinates": [
          [
            77.211928,
            28.617054
          ],
          [
            77.211946,
            28.617117
          ],
          [
            77.211977,
            28.617176
          ],
          [
            77.21202,
            28.617229
          ],
          [
            77.212072,
            28.617274
          ],
          [
            77.212143,
            28.617318
          ],
          [
            77.212193,
            28.617334
          ]
        ]
      },
      "properties": {
        "feature_id": "geo_road_way_24577101",
        "feature_type": "road",
        "name": "Rotary Number 45",
        "city_code": "DELHI",
        "geometry": {
          "type": "LineString",
          "coordinates": [
            [
              77.211928,
              28.617054
            ],
            [
              77.211946,
              28.617117
            ],
            [
              77.211977,
              28.617176
            ],
            [
              77.21202,
              28.617229
            ],
            [
              77.212072,
              28.617274
            ],
            [
              77.212143,
              28.617318
            ],
            [
              77.212193,
              28.617334
            ]
          ]
        },
        "properties": {
          "osm_id": 24577101,
          "highway": "secondary",
          "ref": null,
          "surface": null,
          "classification": "secondary_collector",
          "traffic_density_rank": 3
        },
        "source": "OPENSTREETMAP_OVERPASS",
        "license": "ODbL",
        "attribution": "? OpenStreetMap contributors",
        "valid_from": null,
        "valid_to": null,
        "provenance": {
          "osm_id": 24577101,
          "osm_type": "way",
          "source": "OPENSTREETMAP_OVERPASS",
          "tags_preserved": {
            "highway": "secondary",
            "name": "Rotary Number 45"
          }
        },
        "osm_id": 24577101,
        "highway": "secondary",
        "ref": null,
        "surface": null,
        "classification": "secondary_collector",
        "traffic_density_rank": 3
      }
    },
    {
      "type": "Feature",
      "id": "geo_road_way_24577106",
      "geometry": {
        "type": "LineString",
        "coordinates": [
          [
            77.215594,
            28.618425
          ],
          [
            77.216719,
            28.618926
          ],
          [
            77.216845,
            28.618983
          ],
          [
            77.216913,
            28.619012
          ],
          [
            77.217245,
            28.61916
          ],
          [
            77.217782,
            28.619398
          ],
          [
            77.218,
            28.619495
          ]
        ]
      },
      "properties": {
        "feature_id": "geo_road_way_24577106",
        "feature_type": "road",
        "name": "Raisina Road",
        "city_code": "DELHI",
        "geometry": {
          "type": "LineString",
          "coordinates": [
            [
              77.215594,
              28.618425
            ],
            [
              77.216719,
              28.618926
            ],
            [
              77.216845,
              28.618983
            ],
            [
              77.216913,
              28.619012
            ],
            [
              77.217245,
              28.61916
            ],
            [
              77.217782,
              28.619398
            ],
            [
              77.218,
              28.619495
            ]
          ]
        },
        "properties": {
          "osm_id": 24577106,
          "highway": "secondary",
          "ref": null,
          "surface": "asphalt",
          "classification": "secondary_collector",
          "traffic_density_rank": 3
        },
        "source": "OPENSTREETMAP_OVERPASS",
        "license": "ODbL",
        "attribution": "? OpenStreetMap contributors",
        "valid_from": null,
        "valid_to": null,
        "provenance": {
          "osm_id": 24577106,
          "osm_type": "way",
          "source": "OPENSTREETMAP_OVERPASS",
          "tags_preserved": {
            "highway": "secondary",
            "name": "Raisina Road",
            "surface": "asphalt"
          }
        },
        "osm_id": 24577106,
        "highway": "secondary",
        "ref": null,
        "surface": "asphalt",
        "classification": "secondary_collector",
        "traffic_density_rank": 3
      }
    },
    {
      "type": "Feature",
      "id": "geo_road_way_24577131",
      "geometry": {
        "type": "LineString",
        "coordinates": [
          [
            77.212504,
            28.616668
          ],
          [
            77.212426,
            28.616575
          ],
          [
            77.212396,
            28.616504
          ],
          [
            77.212381,
            28.616431
          ],
          [
            77.212359,
            28.616287
          ]
        ]
      },
      "properties": {
        "feature_id": "geo_road_way_24577131",
        "feature_type": "road",
        "name": "Rafi Ahmed Kidwai Marg",
        "city_code": "DELHI",
        "geometry": {
          "type": "LineString",
          "coordinates": [
            [
              77.212504,
              28.616668
            ],
            [
              77.212426,
              28.616575
            ],
            [
              77.212396,
              28.616504
            ],
            [
              77.212381,
              28.616431
            ],
            [
              77.212359,
              28.616287
            ]
          ]
        },
        "properties": {
          "osm_id": 24577131,
          "highway": "secondary",
          "ref": null,
          "surface": "asphalt",
          "classification": "secondary_collector",
          "traffic_density_rank": 3
        },
        "source": "OPENSTREETMAP_OVERPASS",
        "license": "ODbL",
        "attribution": "? OpenStreetMap contributors",
        "valid_from": null,
        "valid_to": null,
        "provenance": {
          "osm_id": 24577131,
          "osm_type": "way",
          "source": "OPENSTREETMAP_OVERPASS",
          "tags_preserved": {
            "highway": "secondary",
            "name": "Rafi Ahmed Kidwai Marg",
            "surface": "asphalt"
          }
        },
        "osm_id": 24577131,
        "highway": "secondary",
        "ref": null,
        "surface": "asphalt",
        "classification": "secondary_collector",
        "traffic_density_rank": 3
      }
    },
    {
      "type": "Feature",
      "id": "geo_road_way_24577383",
      "geometry": {
        "type": "LineString",
        "coordinates": [
          [
            77.217901,
            28.607717
          ],
          [
            77.218045,
            28.607847
          ],
          [
            77.218108,
            28.60796
          ],
          [
            77.218118,
            28.608018
          ],
          [
            77.218127,
            28.608172
          ],
          [
            77.218165,
            28.60886
          ],
          [
            77.218215,
            28.609953
          ],
          [
            77.218218,
            28.610011
          ],
          [
            77.218214,
            28.610042
          ],
          [
            77.218168,
            28.610122
          ]
        ]
      },
      "properties": {
        "feature_id": "geo_road_way_24577383",
        "feature_type": "road",
        "name": "Janpath",
        "city_code": "DELHI",
        "geometry": {
          "type": "LineString",
          "coordinates": [
            [
              77.217901,
              28.607717
            ],
            [
              77.218045,
              28.607847
            ],
            [
              77.218108,
              28.60796
            ],
            [
              77.218118,
              28.608018
            ],
            [
              77.218127,
              28.608172
            ],
            [
              77.218165,
              28.60886
            ],
            [
              77.218215,
              28.609953
            ],
            [
              77.218218,
              28.610011
            ],
            [
              77.218214,
              28.610042
            ],
            [
              77.218168,
              28.610122
            ]
          ]
        },
        "properties": {
          "osm_id": 24577383,
          "highway": "secondary",
          "ref": null,
          "surface": "asphalt",
          "classification": "secondary_collector",
          "traffic_density_rank": 3
        },
        "source": "OPENSTREETMAP_OVERPASS",
        "license": "ODbL",
        "attribution": "? OpenStreetMap contributors",
        "valid_from": null,
        "valid_to": null,
        "provenance": {
          "osm_id": 24577383,
          "osm_type": "way",
          "source": "OPENSTREETMAP_OVERPASS",
          "tags_preserved": {
            "highway": "secondary",
            "name": "Janpath",
            "surface": "asphalt"
          }
        },
        "osm_id": 24577383,
        "highway": "secondary",
        "ref": null,
        "surface": "asphalt",
        "classification": "secondary_collector",
        "traffic_density_rank": 3
      }
    },
    {
      "type": "Feature",
      "id": "geo_road_way_24577384",
      "geometry": {
        "type": "LineString",
        "coordinates": [
          [
            77.218313,
            28.610096
          ],
          [
            77.218294,
            28.61007
          ],
          [
            77.218294,
            28.610051
          ],
          [
            77.218295,
            28.610025
          ],
          [
            77.218292,
            28.609973
          ],
          [
            77.218292,
            28.609949
          ],
          [
            77.21829,
            28.609855
          ],
          [
            77.218271,
            28.609492
          ],
          [
            77.218237,
            28.608972
          ],
          [
            77.218208,
            28.608538
          ],
          [
            77.21819,
            28.608167
          ],
          [
            77.21816,
            28.607956
          ],
          [
            77.2182,
            28.607803
          ],
          [
            77.21824,
            28.607733
          ],
          [
            77.218301,
            28.60769
          ]
        ]
      },
      "properties": {
        "feature_id": "geo_road_way_24577384",
        "feature_type": "road",
        "name": "Janpath",
        "city_code": "DELHI",
        "geometry": {
          "type": "LineString",
          "coordinates": [
            [
              77.218313,
              28.610096
            ],
            [
              77.218294,
              28.61007
            ],
            [
              77.218294,
              28.610051
            ],
            [
              77.218295,
              28.610025
            ],
            [
              77.218292,
              28.609973
            ],
            [
              77.218292,
              28.609949
            ],
            [
              77.21829,
              28.609855
            ],
            [
              77.218271,
              28.609492
            ],
            [
              77.218237,
              28.608972
            ],
            [
              77.218208,
              28.608538
            ],
            [
              77.21819,
              28.608167
            ],
            [
              77.21816,
              28.607956
            ],
            [
              77.2182,
              28.607803
            ],
            [
              77.21824,
              28.607733
            ],
            [
              77.218301,
              28.60769
            ]
          ]
        },
        "properties": {
          "osm_id": 24577384,
          "highway": "secondary",
          "ref": null,
          "surface": "asphalt",
          "classification": "secondary_collector",
          "traffic_density_rank": 3
        },
        "source": "OPENSTREETMAP_OVERPASS",
        "license": "ODbL",
        "attribution": "? OpenStreetMap contributors",
        "valid_from": null,
        "valid_to": null,
        "provenance": {
          "osm_id": 24577384,
          "osm_type": "way",
          "source": "OPENSTREETMAP_OVERPASS",
          "tags_preserved": {
            "highway": "secondary",
            "name": "Janpath",
            "surface": "asphalt"
          }
        },
        "osm_id": 24577384,
        "highway": "secondary",
        "ref": null,
        "surface": "asphalt",
        "classification": "secondary_collector",
        "traffic_density_rank": 3
      }
    },
    {
      "type": "Feature",
      "id": "geo_road_way_24577385",
      "geometry": {
        "type": "LineString",
        "coordinates": [
          [
            77.224397,
            28.609682
          ],
          [
            77.224317,
            28.609679
          ],
          [
            77.22425,
            28.609656
          ],
          [
            77.224108,
            28.60959
          ],
          [
            77.223855,
            28.609485
          ],
          [
            77.222465,
            28.608925
          ],
          [
            77.221927,
            28.608686
          ],
          [
            77.221683,
            28.608576
          ],
          [
            77.221362,
            28.608435
          ],
          [
            77.220916,
            28.608238
          ],
          [
            77.220423,
            28.608019
          ],
          [
            77.219832,
            28.607733
          ],
          [
            77.219363,
            28.607524
          ],
          [
            77.219172,
            28.607439
          ],
          [
            77.219096,
            28.60741
          ],
          [
            77.219022,
            28.607341
          ],
          [
            77.218974,
            28.607287
          ],
          [
            77.218936,
            28.607235
          ]
        ]
      },
      "properties": {
        "feature_id": "geo_road_way_24577385",
        "feature_type": "road",
        "name": "Akbar Road",
        "city_code": "DELHI",
        "geometry": {
          "type": "LineString",
          "coordinates": [
            [
              77.224397,
              28.609682
            ],
            [
              77.224317,
              28.609679
            ],
            [
              77.22425,
              28.609656
            ],
            [
              77.224108,
              28.60959
            ],
            [
              77.223855,
              28.609485
            ],
            [
              77.222465,
              28.608925
            ],
            [
              77.221927,
              28.608686
            ],
            [
              77.221683,
              28.608576
            ],
            [
              77.221362,
              28.608435
            ],
            [
              77.220916,
              28.608238
            ],
            [
              77.220423,
              28.608019
            ],
            [
              77.219832,
              28.607733
            ],
            [
              77.219363,
              28.607524
            ],
            [
              77.219172,
              28.607439
            ],
            [
              77.219096,
              28.60741
            ],
            [
              77.219022,
              28.607341
            ],
            [
              77.218974,
              28.607287
            ],
            [
              77.218936,
              28.607235
            ]
          ]
        },
        "properties": {
          "osm_id": 24577385,
          "highway": "secondary",
          "ref": null,
          "surface": "asphalt",
          "classification": "secondary_collector",
          "traffic_density_rank": 3
        },
        "source": "OPENSTREETMAP_OVERPASS",
        "license": "ODbL",
        "attribution": "? OpenStreetMap contributors",
        "valid_from": null,
        "valid_to": null,
        "provenance": {
          "osm_id": 24577385,
          "osm_type": "way",
          "source": "OPENSTREETMAP_OVERPASS",
          "tags_preserved": {
            "highway": "secondary",
            "name": "Akbar Road",
            "surface": "asphalt"
          }
        },
        "osm_id": 24577385,
        "highway": "secondary",
        "ref": null,
        "surface": "asphalt",
        "classification": "secondary_collector",
        "traffic_density_rank": 3
      }
    },
    {
      "type": "Feature",
      "id": "geo_road_way_24577389",
      "geometry": {
        "type": "LineString",
        "coordinates": [
          [
            77.218819,
            28.6068
          ],
          [
            77.218943,
            28.606577
          ],
          [
            77.219041,
            28.606482
          ],
          [
            77.219155,
            28.606413
          ],
          [
            77.219281,
            28.606337
          ],
          [
            77.219874,
            28.605993
          ],
          [
            77.220412,
            28.605687
          ],
          [
            77.221065,
            28.605326
          ],
          [
            77.221149,
            28.605275
          ],
          [
            77.221438,
            28.605103
          ],
          [
            77.221873,
            28.604856
          ],
          [
            77.222625,
            28.604429
          ],
          [
            77.22284,
            28.6043
          ],
          [
            77.223404,
            28.603982
          ],
          [
            77.223532,
            28.603918
          ],
          [
            77.22368,
            28.603867
          ],
          [
            77.223817,
            28.603852
          ]
        ]
      },
      "properties": {
        "feature_id": "geo_road_way_24577389",
        "feature_type": "road",
        "name": "Motilal Nehru Marg",
        "city_code": "DELHI",
        "geometry": {
          "type": "LineString",
          "coordinates": [
            [
              77.218819,
              28.6068
            ],
            [
              77.218943,
              28.606577
            ],
            [
              77.219041,
              28.606482
            ],
            [
              77.219155,
              28.606413
            ],
            [
              77.219281,
              28.606337
            ],
            [
              77.219874,
              28.605993
            ],
            [
              77.220412,
              28.605687
            ],
            [
              77.221065,
              28.605326
            ],
            [
              77.221149,
              28.605275
            ],
            [
              77.221438,
              28.605103
            ],
            [
              77.221873,
              28.604856
            ],
            [
              77.222625,
              28.604429
            ],
            [
              77.22284,
              28.6043
            ],
            [
              77.223404,
              28.603982
            ],
            [
              77.223532,
              28.603918
            ],
            [
              77.22368,
              28.603867
            ],
            [
              77.223817,
              28.603852
            ]
          ]
        },
        "properties": {
          "osm_id": 24577389,
          "highway": "secondary",
          "ref": null,
          "surface": "asphalt",
          "classification": "secondary_collector",
          "traffic_density_rank": 3
        },
        "source": "OPENSTREETMAP_OVERPASS",
        "license": "ODbL",
        "attribution": "? OpenStreetMap contributors",
        "valid_from": null,
        "valid_to": null,
        "provenance": {
          "osm_id": 24577389,
          "osm_type": "way",
          "source": "OPENSTREETMAP_OVERPASS",
          "tags_preserved": {
            "highway": "secondary",
            "name": "Motilal Nehru Marg",
            "surface": "asphalt"
          }
        },
        "osm_id": 24577389,
        "highway": "secondary",
        "ref": null,
        "surface": "asphalt",
        "classification": "secondary_collector",
        "traffic_density_rank": 3
      }
    },
    {
      "type": "Feature",
      "id": "geo_road_way_24577390",
      "geometry": {
        "type": "LineString",
        "coordinates": [
          [
            77.22363,
            28.603591
          ],
          [
            77.223593,
            28.603687
          ],
          [
            77.223504,
            28.603813
          ],
          [
            77.223355,
            28.603915
          ],
          [
            77.222571,
            28.604363
          ],
          [
            77.22183,
            28.604796
          ],
          [
            77.221503,
            28.604987
          ],
          [
            77.221106,
            28.605214
          ],
          [
            77.221013,
            28.605261
          ],
          [
            77.220632,
            28.605485
          ],
          [
            77.220495,
            28.605569
          ],
          [
            77.220375,
            28.605637
          ],
          [
            77.219109,
            28.60637
          ],
          [
            77.219005,
            28.606436
          ],
          [
            77.21891,
            28.606473
          ],
          [
            77.218812,
            28.606484
          ],
          [
            77.218603,
            28.606481
          ]
        ]
      },
      "properties": {
        "feature_id": "geo_road_way_24577390",
        "feature_type": "road",
        "name": "Motilal Nehru Marg",
        "city_code": "DELHI",
        "geometry": {
          "type": "LineString",
          "coordinates": [
            [
              77.22363,
              28.603591
            ],
            [
              77.223593,
              28.603687
            ],
            [
              77.223504,
              28.603813
            ],
            [
              77.223355,
              28.603915
            ],
            [
              77.222571,
              28.604363
            ],
            [
              77.22183,
              28.604796
            ],
            [
              77.221503,
              28.604987
            ],
            [
              77.221106,
              28.605214
            ],
            [
              77.221013,
              28.605261
            ],
            [
              77.220632,
              28.605485
            ],
            [
              77.220495,
              28.605569
            ],
            [
              77.220375,
              28.605637
            ],
            [
              77.219109,
              28.60637
            ],
            [
              77.219005,
              28.606436
            ],
            [
              77.21891,
              28.606473
            ],
            [
              77.218812,
              28.606484
            ],
            [
              77.218603,
              28.606481
            ]
          ]
        },
        "properties": {
          "osm_id": 24577390,
          "highway": "secondary",
          "ref": null,
          "surface": "asphalt",
          "classification": "secondary_collector",
          "traffic_density_rank": 3
        },
        "source": "OPENSTREETMAP_OVERPASS",
        "license": "ODbL",
        "attribution": "? OpenStreetMap contributors",
        "valid_from": null,
        "valid_to": null,
        "provenance": {
          "osm_id": 24577390,
          "osm_type": "way",
          "source": "OPENSTREETMAP_OVERPASS",
          "tags_preserved": {
            "highway": "secondary",
            "name": "Motilal Nehru Marg",
            "surface": "asphalt"
          }
        },
        "osm_id": 24577390,
        "highway": "secondary",
        "ref": null,
        "surface": "asphalt",
        "classification": "secondary_collector",
        "traffic_density_rank": 3
      }
    },
    {
      "type": "Feature",
      "id": "geo_road_way_24577391",
      "geometry": {
        "type": "LineString",
        "coordinates": [
          [
            77.212219,
            28.610282
          ],
          [
            77.212173,
            28.610246
          ],
          [
            77.212121,
            28.610216
          ],
          [
            77.212064,
            28.610194
          ],
          [
            77.212005,
            28.610179
          ],
          [
            77.211951,
            28.610172
          ],
          [
            77.211897,
            28.610172
          ],
          [
            77.211843,
            28.610179
          ],
          [
            77.211791,
            28.610191
          ],
          [
            77.211738,
            28.610211
          ],
          [
            77.211688,
            28.610237
          ],
          [
            77.211643,
            28.61027
          ],
          [
            77.211604,
            28.610307
          ],
          [
            77.211571,
            28.610349
          ]
        ]
      },
      "properties": {
        "feature_id": "geo_road_way_24577391",
        "feature_type": "road",
        "name": "Rotary Number 34",
        "city_code": "DELHI",
        "geometry": {
          "type": "LineString",
          "coordinates": [
            [
              77.212219,
              28.610282
            ],
            [
              77.212173,
              28.610246
            ],
            [
              77.212121,
              28.610216
            ],
            [
              77.212064,
              28.610194
            ],
            [
              77.212005,
              28.610179
            ],
            [
              77.211951,
              28.610172
            ],
            [
              77.211897,
              28.610172
            ],
            [
              77.211843,
              28.610179
            ],
            [
              77.211791,
              28.610191
            ],
            [
              77.211738,
              28.610211
            ],
            [
              77.211688,
              28.610237
            ],
            [
              77.211643,
              28.61027
            ],
            [
              77.211604,
              28.610307
            ],
            [
              77.211571,
              28.610349
            ]
          ]
        },
        "properties": {
          "osm_id": 24577391,
          "highway": "secondary",
          "ref": null,
          "surface": "asphalt",
          "classification": "secondary_collector",
          "traffic_density_rank": 3
        },
        "source": "OPENSTREETMAP_OVERPASS",
        "license": "ODbL",
        "attribution": "? OpenStreetMap contributors",
        "valid_from": null,
        "valid_to": null,
        "provenance": {
          "osm_id": 24577391,
          "osm_type": "way",
          "source": "OPENSTREETMAP_OVERPASS",
          "tags_preserved": {
            "highway": "secondary",
            "name": "Rotary Number 34",
            "surface": "asphalt"
          }
        },
        "osm_id": 24577391,
        "highway": "secondary",
        "ref": null,
        "surface": "asphalt",
        "classification": "secondary_collector",
        "traffic_density_rank": 3
      }
    },
    {
      "type": "Feature",
      "id": "geo_road_way_24577393",
      "geometry": {
        "type": "LineString",
        "coordinates": [
          [
            77.217024,
            28.607588
          ],
          [
            77.213805,
            28.609469
          ],
          [
            77.213374,
            28.609703
          ],
          [
            77.212961,
            28.609928
          ],
          [
            77.212442,
            28.610199
          ]
        ]
      },
      "properties": {
        "feature_id": "geo_road_way_24577393",
        "feature_type": "road",
        "name": "Motilal Nehru Marg",
        "city_code": "DELHI",
        "geometry": {
          "type": "LineString",
          "coordinates": [
            [
              77.217024,
              28.607588
            ],
            [
              77.213805,
              28.609469
            ],
            [
              77.213374,
              28.609703
            ],
            [
              77.212961,
              28.609928
            ],
            [
              77.212442,
              28.610199
            ]
          ]
        },
        "properties": {
          "osm_id": 24577393,
          "highway": "secondary",
          "ref": null,
          "surface": "asphalt",
          "classification": "secondary_collector",
          "traffic_density_rank": 3
        },
        "source": "OPENSTREETMAP_OVERPASS",
        "license": "ODbL",
        "attribution": "? OpenStreetMap contributors",
        "valid_from": null,
        "valid_to": null,
        "provenance": {
          "osm_id": 24577393,
          "osm_type": "way",
          "source": "OPENSTREETMAP_OVERPASS",
          "tags_preserved": {
            "highway": "secondary",
            "name": "Motilal Nehru Marg",
            "surface": "asphalt"
          }
        },
        "osm_id": 24577393,
        "highway": "secondary",
        "ref": null,
        "surface": "asphalt",
        "classification": "secondary_collector",
        "traffic_density_rank": 3
      }
    },
    {
      "type": "Feature",
      "id": "geo_road_way_24577395",
      "geometry": {
        "type": "LineString",
        "coordinates": [
          [
            77.211585,
            28.610733
          ],
          [
            77.211424,
            28.610826
          ],
          [
            77.209446,
            28.61197
          ],
          [
            77.209048,
            28.6122
          ]
        ]
      },
      "properties": {
        "feature_id": "geo_road_way_24577395",
        "feature_type": "road",
        "name": "Motilal Nehru Marg",
        "city_code": "DELHI",
        "geometry": {
          "type": "LineString",
          "coordinates": [
            [
              77.211585,
              28.610733
            ],
            [
              77.211424,
              28.610826
            ],
            [
              77.209446,
              28.61197
            ],
            [
              77.209048,
              28.6122
            ]
          ]
        },
        "properties": {
          "osm_id": 24577395,
          "highway": "secondary",
          "ref": null,
          "surface": "asphalt",
          "classification": "secondary_collector",
          "traffic_density_rank": 3
        },
        "source": "OPENSTREETMAP_OVERPASS",
        "license": "ODbL",
        "attribution": "? OpenStreetMap contributors",
        "valid_from": null,
        "valid_to": null,
        "provenance": {
          "osm_id": 24577395,
          "osm_type": "way",
          "source": "OPENSTREETMAP_OVERPASS",
          "tags_preserved": {
            "highway": "secondary",
            "name": "Motilal Nehru Marg",
            "surface": "asphalt"
          }
        },
        "osm_id": 24577395,
        "highway": "secondary",
        "ref": null,
        "surface": "asphalt",
        "classification": "secondary_collector",
        "traffic_density_rank": 3
      }
    },
    {
      "type": "Feature",
      "id": "geo_road_way_24577396",
      "geometry": {
        "type": "LineString",
        "coordinates": [
          [
            77.208748,
            28.608682
          ],
          [
            77.208628,
            28.608683
          ],
          [
            77.208512,
            28.608713
          ],
          [
            77.20841,
            28.608769
          ]
        ]
      },
      "properties": {
        "feature_id": "geo_road_way_24577396",
        "feature_type": "road",
        "name": "Prime Chowk",
        "city_code": "DELHI",
        "geometry": {
          "type": "LineString",
          "coordinates": [
            [
              77.208748,
              28.608682
            ],
            [
              77.208628,
              28.608683
            ],
            [
              77.208512,
              28.608713
            ],
            [
              77.20841,
              28.608769
            ]
          ]
        },
        "properties": {
          "osm_id": 24577396,
          "highway": "secondary",
          "ref": null,
          "surface": null,
          "classification": "secondary_collector",
          "traffic_density_rank": 3
        },
        "source": "OPENSTREETMAP_OVERPASS",
        "license": "ODbL",
        "attribution": "? OpenStreetMap contributors",
        "valid_from": null,
        "valid_to": null,
        "provenance": {
          "osm_id": 24577396,
          "osm_type": "way",
          "source": "OPENSTREETMAP_OVERPASS",
          "tags_preserved": {
            "highway": "secondary",
            "name": "Prime Chowk"
          }
        },
        "osm_id": 24577396,
        "highway": "secondary",
        "ref": null,
        "surface": null,
        "classification": "secondary_collector",
        "traffic_density_rank": 3
      }
    },
    {
      "type": "Feature",
      "id": "geo_road_way_24577401",
      "geometry": {
        "type": "LineString",
        "coordinates": [
          [
            77.209272,
            28.609349
          ],
          [
            77.209234,
            28.609275
          ],
          [
            77.209218,
            28.609243
          ],
          [
            77.209169,
            28.609161
          ],
          [
            77.209134,
            28.609089
          ]
        ]
      },
      "properties": {
        "feature_id": "geo_road_way_24577401",
        "feature_type": "road",
        "name": "Kumaraswami Kamaraj Marg",
        "city_code": "DELHI",
        "geometry": {
          "type": "LineString",
          "coordinates": [
            [
              77.209272,
              28.609349
            ],
            [
              77.209234,
              28.609275
            ],
            [
              77.209218,
              28.609243
            ],
            [
              77.209169,
              28.609161
            ],
            [
              77.209134,
              28.609089
            ]
          ]
        },
        "properties": {
          "osm_id": 24577401,
          "highway": "secondary",
          "ref": null,
          "surface": null,
          "classification": "secondary_collector",
          "traffic_density_rank": 3
        },
        "source": "OPENSTREETMAP_OVERPASS",
        "license": "ODbL",
        "attribution": "? OpenStreetMap contributors",
        "valid_from": null,
        "valid_to": null,
        "provenance": {
          "osm_id": 24577401,
          "osm_type": "way",
          "source": "OPENSTREETMAP_OVERPASS",
          "tags_preserved": {
            "highway": "secondary",
            "name": "Kumaraswami Kamaraj Marg"
          }
        },
        "osm_id": 24577401,
        "highway": "secondary",
        "ref": null,
        "surface": null,
        "classification": "secondary_collector",
        "traffic_density_rank": 3
      }
    },
    {
      "type": "Feature",
      "id": "geo_road_way_24577404",
      "geometry": {
        "type": "LineString",
        "coordinates": [
          [
            77.208281,
            28.609203
          ],
          [
            77.20823,
            28.609286
          ],
          [
            77.20815,
            28.609352
          ],
          [
            77.207835,
            28.609538
          ],
          [
            77.206105,
            28.610536
          ],
          [
            77.206042,
            28.610563
          ],
          [
            77.206012,
            28.610577
          ],
          [
            77.205942,
            28.610593
          ],
          [
            77.205835,
            28.610575
          ]
        ]
      },
      "properties": {
        "feature_id": "geo_road_way_24577404",
        "feature_type": "road",
        "name": "Tu-Tu Marg",
        "city_code": "DELHI",
        "geometry": {
          "type": "LineString",
          "coordinates": [
            [
              77.208281,
              28.609203
            ],
            [
              77.20823,
              28.609286
            ],
            [
              77.20815,
              28.609352
            ],
            [
              77.207835,
              28.609538
            ],
            [
              77.206105,
              28.610536
            ],
            [
              77.206042,
              28.610563
            ],
            [
              77.206012,
              28.610577
            ],
            [
              77.205942,
              28.610593
            ],
            [
              77.205835,
              28.610575
            ]
          ]
        },
        "properties": {
          "osm_id": 24577404,
          "highway": "secondary",
          "ref": null,
          "surface": "asphalt",
          "classification": "secondary_collector",
          "traffic_density_rank": 3
        },
        "source": "OPENSTREETMAP_OVERPASS",
        "license": "ODbL",
        "attribution": "? OpenStreetMap contributors",
        "valid_from": null,
        "valid_to": null,
        "provenance": {
          "osm_id": 24577404,
          "osm_type": "way",
          "source": "OPENSTREETMAP_OVERPASS",
          "tags_preserved": {
            "highway": "secondary",
            "name": "Tu-Tu Marg",
            "surface": "asphalt"
          }
        },
        "osm_id": 24577404,
        "highway": "secondary",
        "ref": null,
        "surface": "asphalt",
        "classification": "secondary_collector",
        "traffic_density_rank": 3
      }
    },
    {
      "type": "Feature",
      "id": "geo_road_way_24577478",
      "geometry": {
        "type": "LineString",
        "coordinates": [
          [
            77.216574,
            28.628397
          ],
          [
            77.216482,
            28.628276
          ],
          [
            77.215812,
            28.627457
          ],
          [
            77.215591,
            28.627188
          ],
          [
            77.215473,
            28.627043
          ],
          [
            77.215432,
            28.626987
          ],
          [
            77.215366,
            28.626902
          ]
        ]
      },
      "properties": {
        "feature_id": "geo_road_way_24577478",
        "feature_type": "road",
        "name": "Sansad Marg",
        "city_code": "DELHI",
        "geometry": {
          "type": "LineString",
          "coordinates": [
            [
              77.216574,
              28.628397
            ],
            [
              77.216482,
              28.628276
            ],
            [
              77.215812,
              28.627457
            ],
            [
              77.215591,
              28.627188
            ],
            [
              77.215473,
              28.627043
            ],
            [
              77.215432,
              28.626987
            ],
            [
              77.215366,
              28.626902
            ]
          ]
        },
        "properties": {
          "osm_id": 24577478,
          "highway": "secondary",
          "ref": null,
          "surface": "asphalt",
          "classification": "secondary_collector",
          "traffic_density_rank": 3
        },
        "source": "OPENSTREETMAP_OVERPASS",
        "license": "ODbL",
        "attribution": "? OpenStreetMap contributors",
        "valid_from": null,
        "valid_to": null,
        "provenance": {
          "osm_id": 24577478,
          "osm_type": "way",
          "source": "OPENSTREETMAP_OVERPASS",
          "tags_preserved": {
            "highway": "secondary",
            "name": "Sansad Marg",
            "surface": "asphalt"
          }
        },
        "osm_id": 24577478,
        "highway": "secondary",
        "ref": null,
        "surface": "asphalt",
        "classification": "secondary_collector",
        "traffic_density_rank": 3
      }
    },
    {
      "type": "Feature",
      "id": "geo_road_way_24583320",
      "geometry": {
        "type": "LineString",
        "coordinates": [
          [
            77.207075,
            28.626473
          ],
          [
            77.207021,
            28.62644
          ],
          [
            77.206964,
            28.626412
          ],
          [
            77.206904,
            28.626388
          ],
          [
            77.206841,
            28.626369
          ],
          [
            77.206777,
            28.626355
          ]
        ]
      },
      "properties": {
        "feature_id": "geo_road_way_24583320",
        "feature_type": "road",
        "name": "Gol Dakkhana Roundabout",
        "city_code": "DELHI",
        "geometry": {
          "type": "LineString",
          "coordinates": [
            [
              77.207075,
              28.626473
            ],
            [
              77.207021,
              28.62644
            ],
            [
              77.206964,
              28.626412
            ],
            [
              77.206904,
              28.626388
            ],
            [
              77.206841,
              28.626369
            ],
            [
              77.206777,
              28.626355
            ]
          ]
        },
        "properties": {
          "osm_id": 24583320,
          "highway": "secondary",
          "ref": null,
          "surface": "asphalt",
          "classification": "secondary_collector",
          "traffic_density_rank": 3
        },
        "source": "OPENSTREETMAP_OVERPASS",
        "license": "ODbL",
        "attribution": "? OpenStreetMap contributors",
        "valid_from": null,
        "valid_to": null,
        "provenance": {
          "osm_id": 24583320,
          "osm_type": "way",
          "source": "OPENSTREETMAP_OVERPASS",
          "tags_preserved": {
            "highway": "secondary",
            "name": "Gol Dakkhana Roundabout",
            "surface": "asphalt"
          }
        },
        "osm_id": 24583320,
        "highway": "secondary",
        "ref": null,
        "surface": "asphalt",
        "classification": "secondary_collector",
        "traffic_density_rank": 3
      }
    },
    {
      "type": "Feature",
      "id": "geo_road_way_24583321",
      "geometry": {
        "type": "LineString",
        "coordinates": [
          [
            77.207314,
            28.626768
          ],
          [
            77.207352,
            28.626692
          ],
          [
            77.207397,
            28.626621
          ],
          [
            77.20742,
            28.626595
          ],
          [
            77.207455,
            28.626559
          ],
          [
            77.207513,
            28.626514
          ],
          [
            77.207596,
            28.626468
          ],
          [
            77.208579,
            28.625897
          ],
          [
            77.208993,
            28.625656
          ],
          [
            77.209104,
            28.625591
          ]
        ]
      },
      "properties": {
        "feature_id": "geo_road_way_24583321",
        "feature_type": "road",
        "name": "Ashoka Road",
        "city_code": "DELHI",
        "geometry": {
          "type": "LineString",
          "coordinates": [
            [
              77.207314,
              28.626768
            ],
            [
              77.207352,
              28.626692
            ],
            [
              77.207397,
              28.626621
            ],
            [
              77.20742,
              28.626595
            ],
            [
              77.207455,
              28.626559
            ],
            [
              77.207513,
              28.626514
            ],
            [
              77.207596,
              28.626468
            ],
            [
              77.208579,
              28.625897
            ],
            [
              77.208993,
              28.625656
            ],
            [
              77.209104,
              28.625591
            ]
          ]
        },
        "properties": {
          "osm_id": 24583321,
          "highway": "secondary",
          "ref": null,
          "surface": "asphalt",
          "classification": "secondary_collector",
          "traffic_density_rank": 3
        },
        "source": "OPENSTREETMAP_OVERPASS",
        "license": "ODbL",
        "attribution": "? OpenStreetMap contributors",
        "valid_from": null,
        "valid_to": null,
        "provenance": {
          "osm_id": 24583321,
          "osm_type": "way",
          "source": "OPENSTREETMAP_OVERPASS",
          "tags_preserved": {
            "highway": "secondary",
            "name": "Ashoka Road",
            "surface": "asphalt"
          }
        },
        "osm_id": 24583321,
        "highway": "secondary",
        "ref": null,
        "surface": "asphalt",
        "classification": "secondary_collector",
        "traffic_density_rank": 3
      }
    },
    {
      "type": "Feature",
      "id": "geo_road_way_24583324",
      "geometry": {
        "type": "LineString",
        "coordinates": [
          [
            77.212631,
            28.62303
          ],
          [
            77.212567,
            28.623058
          ],
          [
            77.212507,
            28.623085
          ],
          [
            77.212452,
            28.623119
          ],
          [
            77.212403,
            28.62316
          ],
          [
            77.212362,
            28.623207
          ]
        ]
      },
      "properties": {
        "feature_id": "geo_road_way_24583324",
        "feature_type": "road",
        "name": "Patel Chowk",
        "city_code": "DELHI",
        "geometry": {
          "type": "LineString",
          "coordinates": [
            [
              77.212631,
              28.62303
            ],
            [
              77.212567,
              28.623058
            ],
            [
              77.212507,
              28.623085
            ],
            [
              77.212452,
              28.623119
            ],
            [
              77.212403,
              28.62316
            ],
            [
              77.212362,
              28.623207
            ]
          ]
        },
        "properties": {
          "osm_id": 24583324,
          "highway": "secondary",
          "ref": null,
          "surface": "asphalt",
          "classification": "secondary_collector",
          "traffic_density_rank": 3
        },
        "source": "OPENSTREETMAP_OVERPASS",
        "license": "ODbL",
        "attribution": "? OpenStreetMap contributors",
        "valid_from": null,
        "valid_to": null,
        "provenance": {
          "osm_id": 24583324,
          "osm_type": "way",
          "source": "OPENSTREETMAP_OVERPASS",
          "tags_preserved": {
            "highway": "secondary",
            "name": "Patel Chowk",
            "surface": "asphalt"
          }
        },
        "osm_id": 24583324,
        "highway": "secondary",
        "ref": null,
        "surface": "asphalt",
        "classification": "secondary_collector",
        "traffic_density_rank": 3
      }
    },
    {
      "type": "Feature",
      "id": "geo_road_way_24583327",
      "geometry": {
        "type": "LineString",
        "coordinates": [
          [
            77.21291,
            28.623799
          ],
          [
            77.213054,
            28.62387
          ],
          [
            77.213112,
            28.623919
          ],
          [
            77.213156,
            28.623976
          ],
          [
            77.213315,
            28.624195
          ],
          [
            77.213394,
            28.624304
          ],
          [
            77.213454,
            28.624387
          ],
          [
            77.213741,
            28.624782
          ],
          [
            77.213811,
            28.624879
          ],
          [
            77.213981,
            28.625114
          ],
          [
            77.214215,
            28.625437
          ],
          [
            77.214277,
            28.625522
          ],
          [
            77.214641,
            28.626072
          ],
          [
            77.214937,
            28.626518
          ],
          [
            77.214955,
            28.626539
          ],
          [
            77.215081,
            28.626687
          ],
          [
            77.215251,
            28.626886
          ],
          [
            77.215296,
            28.626939
          ],
          [
            77.215359,
            28.627024
          ],
          [
            77.215405,
            28.62708
          ],
          [
            77.215576,
            28.627278
          ]
        ]
      },
      "properties": {
        "feature_id": "geo_road_way_24583327",
        "feature_type": "road",
        "name": "Sansad Marg",
        "city_code": "DELHI",
        "geometry": {
          "type": "LineString",
          "coordinates": [
            [
              77.21291,
              28.623799
            ],
            [
              77.213054,
              28.62387
            ],
            [
              77.213112,
              28.623919
            ],
            [
              77.213156,
              28.623976
            ],
            [
              77.213315,
              28.624195
            ],
            [
              77.213394,
              28.624304
            ],
            [
              77.213454,
              28.624387
            ],
            [
              77.213741,
              28.624782
            ],
            [
              77.213811,
              28.624879
            ],
            [
              77.213981,
              28.625114
            ],
            [
              77.214215,
              28.625437
            ],
            [
              77.214277,
              28.625522
            ],
            [
              77.214641,
              28.626072
            ],
            [
              77.214937,
              28.626518
            ],
            [
              77.214955,
              28.626539
            ],
            [
              77.215081,
              28.626687
            ],
            [
              77.215251,
              28.626886
            ],
            [
              77.215296,
              28.626939
            ],
            [
              77.215359,
              28.627024
            ],
            [
              77.215405,
              28.62708
            ],
            [
              77.215576,
              28.627278
            ]
          ]
        },
        "properties": {
          "osm_id": 24583327,
          "highway": "secondary",
          "ref": null,
          "surface": "asphalt",
          "classification": "secondary_collector",
          "traffic_density_rank": 3
        },
        "source": "OPENSTREETMAP_OVERPASS",
        "license": "ODbL",
        "attribution": "? OpenStreetMap contributors",
        "valid_from": null,
        "valid_to": null,
        "provenance": {
          "osm_id": 24583327,
          "osm_type": "way",
          "source": "OPENSTREETMAP_OVERPASS",
          "tags_preserved": {
            "highway": "secondary",
            "name": "Sansad Marg",
            "surface": "asphalt"
          }
        },
        "osm_id": 24583327,
        "highway": "secondary",
        "ref": null,
        "surface": "asphalt",
        "classification": "secondary_collector",
        "traffic_density_rank": 3
      }
    },
    {
      "type": "Feature",
      "id": "geo_road_way_24583330",
      "geometry": {
        "type": "LineString",
        "coordinates": [
          [
            77.208748,
            28.62794
          ],
          [
            77.208849,
            28.627986
          ],
          [
            77.208934,
            28.628024
          ],
          [
            77.20945,
            28.628259
          ],
          [
            77.20949,
            28.628278
          ],
          [
            77.210234,
            28.628616
          ],
          [
            77.210283,
            28.628639
          ],
          [
            77.210428,
            28.628705
          ],
          [
            77.210561,
            28.628765
          ],
          [
            77.211808,
            28.62931
          ],
          [
            77.214592,
            28.630541
          ],
          [
            77.21593,
            28.63118
          ],
          [
            77.216125,
            28.631273
          ]
        ]
      },
      "properties": {
        "feature_id": "geo_road_way_24583330",
        "feature_type": "road",
        "name": "Baba Kharak Singh Marg",
        "city_code": "DELHI",
        "geometry": {
          "type": "LineString",
          "coordinates": [
            [
              77.208748,
              28.62794
            ],
            [
              77.208849,
              28.627986
            ],
            [
              77.208934,
              28.628024
            ],
            [
              77.20945,
              28.628259
            ],
            [
              77.20949,
              28.628278
            ],
            [
              77.210234,
              28.628616
            ],
            [
              77.210283,
              28.628639
            ],
            [
              77.210428,
              28.628705
            ],
            [
              77.210561,
              28.628765
            ],
            [
              77.211808,
              28.62931
            ],
            [
              77.214592,
              28.630541
            ],
            [
              77.21593,
              28.63118
            ],
            [
              77.216125,
              28.631273
            ]
          ]
        },
        "properties": {
          "osm_id": 24583330,
          "highway": "secondary",
          "ref": null,
          "surface": "asphalt",
          "classification": "secondary_collector",
          "traffic_density_rank": 3
        },
        "source": "OPENSTREETMAP_OVERPASS",
        "license": "ODbL",
        "attribution": "? OpenStreetMap contributors",
        "valid_from": null,
        "valid_to": null,
        "provenance": {
          "osm_id": 24583330,
          "osm_type": "way",
          "source": "OPENSTREETMAP_OVERPASS",
          "tags_preserved": {
            "highway": "secondary",
            "name": "Baba Kharak Singh Marg",
            "surface": "asphalt"
          }
        },
        "osm_id": 24583330,
        "highway": "secondary",
        "ref": null,
        "surface": "asphalt",
        "classification": "secondary_collector",
        "traffic_density_rank": 3
      }
    },
    {
      "type": "Feature",
      "id": "geo_road_way_24583332",
      "geometry": {
        "type": "LineString",
        "coordinates": [
          [
            77.216742,
            28.631429
          ],
          [
            77.216545,
            28.631335
          ],
          [
            77.216196,
            28.631168
          ],
          [
            77.216105,
            28.631128
          ],
          [
            77.216098,
            28.631125
          ],
          [
            77.215681,
            28.630943
          ],
          [
            77.215181,
            28.630724
          ],
          [
            77.214885,
            28.630596
          ],
          [
            77.214165,
            28.630274
          ],
          [
            77.213722,
            28.630076
          ],
          [
            77.212695,
            28.629618
          ],
          [
            77.212585,
            28.629569
          ],
          [
            77.212334,
            28.629457
          ],
          [
            77.212249,
            28.629419
          ],
          [
            77.212032,
            28.629321
          ],
          [
            77.21148,
            28.629075
          ],
          [
            77.211057,
            28.628886
          ],
          [
            77.21087,
            28.628802
          ],
          [
            77.210622,
            28.628692
          ],
          [
            77.208997,
            28.627951
          ],
          [
            77.208819,
            28.627869
          ],
          [
            77.208795,
            28.627858
          ],
          [
            77.208714,
            28.627821
          ],
          [
            77.208568,
            28.627754
          ],
          [
            77.208279,
            28.627622
          ],
          [
            77.208229,
            28.627598
          ],
          [
            77.207596,
            28.627308
          ],
          [
            77.2075,
            28.627257
          ],
          [
            77.207493,
            28.627253
          ],
          [
            77.207316,
            28.627165
          ]
        ]
      },
      "properties": {
        "feature_id": "geo_road_way_24583332",
        "feature_type": "road",
        "name": "Baba Kharak Singh Marg",
        "city_code": "DELHI",
        "geometry": {
          "type": "LineString",
          "coordinates": [
            [
              77.216742,
              28.631429
            ],
            [
              77.216545,
              28.631335
            ],
            [
              77.216196,
              28.631168
            ],
            [
              77.216105,
              28.631128
            ],
            [
              77.216098,
              28.631125
            ],
            [
              77.215681,
              28.630943
            ],
            [
              77.215181,
              28.630724
            ],
            [
              77.214885,
              28.630596
            ],
            [
              77.214165,
              28.630274
            ],
            [
              77.213722,
              28.630076
            ],
            [
              77.212695,
              28.629618
            ],
            [
              77.212585,
              28.629569
            ],
            [
              77.212334,
              28.629457
            ],
            [
              77.212249,
              28.629419
            ],
            [
              77.212032,
              28.629321
            ],
            [
              77.21148,
              28.629075
            ],
            [
              77.211057,
              28.628886
            ],
            [
              77.21087,
              28.628802
            ],
            [
              77.210622,
              28.628692
            ],
            [
              77.208997,
              28.627951
            ],
            [
              77.208819,
              28.627869
            ],
            [
              77.208795,
              28.627858
            ],
            [
              77.208714,
              28.627821
            ],
            [
              77.208568,
              28.627754
            ],
            [
              77.208279,
              28.627622
            ],
            [
              77.208229,
              28.627598
            ],
            [
              77.207596,
              28.627308
            ],
            [
              77.2075,
              28.627257
            ],
            [
              77.207493,
              28.627253
            ],
            [
              77.207316,
              28.627165
            ]
          ]
        },
        "properties": {
          "osm_id": 24583332,
          "highway": "secondary",
          "ref": null,
          "surface": "asphalt",
          "classification": "secondary_collector",
          "traffic_density_rank": 3
        },
        "source": "OPENSTREETMAP_OVERPASS",
        "license": "ODbL",
        "attribution": "? OpenStreetMap contributors",
        "valid_from": null,
        "valid_to": null,
        "provenance": {
          "osm_id": 24583332,
          "osm_type": "way",
          "source": "OPENSTREETMAP_OVERPASS",
          "tags_preserved": {
            "highway": "secondary",
            "name": "Baba Kharak Singh Marg",
            "surface": "asphalt"
          }
        },
        "osm_id": 24583332,
        "highway": "secondary",
        "ref": null,
        "surface": "asphalt",
        "classification": "secondary_collector",
        "traffic_density_rank": 3
      }
    },
    {
      "type": "Feature",
      "id": "geo_road_way_24583334",
      "geometry": {
        "type": "LineString",
        "coordinates": [
          [
            77.213157,
            28.62326
          ],
          [
            77.213237,
            28.62318
          ],
          [
            77.213413,
            28.623063
          ],
          [
            77.213833,
            28.622825
          ],
          [
            77.214279,
            28.622557
          ],
          [
            77.214304,
            28.622542
          ],
          [
            77.214341,
            28.62252
          ],
          [
            77.21461,
            28.622363
          ],
          [
            77.21527,
            28.621977
          ],
          [
            77.215379,
            28.621936
          ],
          [
            77.215412,
            28.621924
          ],
          [
            77.215689,
            28.621912
          ]
        ]
      },
      "properties": {
        "feature_id": "geo_road_way_24583334",
        "feature_type": "road",
        "name": "Ashoka Road",
        "city_code": "DELHI",
        "geometry": {
          "type": "LineString",
          "coordinates": [
            [
              77.213157,
              28.62326
            ],
            [
              77.213237,
              28.62318
            ],
            [
              77.213413,
              28.623063
            ],
            [
              77.213833,
              28.622825
            ],
            [
              77.214279,
              28.622557
            ],
            [
              77.214304,
              28.622542
            ],
            [
              77.214341,
              28.62252
            ],
            [
              77.21461,
              28.622363
            ],
            [
              77.21527,
              28.621977
            ],
            [
              77.215379,
              28.621936
            ],
            [
              77.215412,
              28.621924
            ],
            [
              77.215689,
              28.621912
            ]
          ]
        },
        "properties": {
          "osm_id": 24583334,
          "highway": "secondary",
          "ref": null,
          "surface": null,
          "classification": "secondary_collector",
          "traffic_density_rank": 3
        },
        "source": "OPENSTREETMAP_OVERPASS",
        "license": "ODbL",
        "attribution": "? OpenStreetMap contributors",
        "valid_from": null,
        "valid_to": null,
        "provenance": {
          "osm_id": 24583334,
          "osm_type": "way",
          "source": "OPENSTREETMAP_OVERPASS",
          "tags_preserved": {
            "highway": "secondary",
            "name": "Ashoka Road"
          }
        },
        "osm_id": 24583334,
        "highway": "secondary",
        "ref": null,
        "surface": null,
        "classification": "secondary_collector",
        "traffic_density_rank": 3
      }
    },
    {
      "type": "Feature",
      "id": "geo_road_way_24583335",
      "geometry": {
        "type": "LineString",
        "coordinates": [
          [
            77.215469,
            28.621698
          ],
          [
            77.215414,
            28.621768
          ],
          [
            77.215357,
            28.621828
          ],
          [
            77.214568,
            28.622304
          ],
          [
            77.214237,
            28.622505
          ],
          [
            77.213912,
            28.622701
          ],
          [
            77.213804,
            28.622766
          ],
          [
            77.213394,
            28.622999
          ],
          [
            77.213253,
            28.62308
          ],
          [
            77.213123,
            28.623103
          ],
          [
            77.212894,
            28.62305
          ]
        ]
      },
      "properties": {
        "feature_id": "geo_road_way_24583335",
        "feature_type": "road",
        "name": "Ashoka Road",
        "city_code": "DELHI",
        "geometry": {
          "type": "LineString",
          "coordinates": [
            [
              77.215469,
              28.621698
            ],
            [
              77.215414,
              28.621768
            ],
            [
              77.215357,
              28.621828
            ],
            [
              77.214568,
              28.622304
            ],
            [
              77.214237,
              28.622505
            ],
            [
              77.213912,
              28.622701
            ],
            [
              77.213804,
              28.622766
            ],
            [
              77.213394,
              28.622999
            ],
            [
              77.213253,
              28.62308
            ],
            [
              77.213123,
              28.623103
            ],
            [
              77.212894,
              28.62305
            ]
          ]
        },
        "properties": {
          "osm_id": 24583335,
          "highway": "secondary",
          "ref": null,
          "surface": null,
          "classification": "secondary_collector",
          "traffic_density_rank": 3
        },
        "source": "OPENSTREETMAP_OVERPASS",
        "license": "ODbL",
        "attribution": "? OpenStreetMap contributors",
        "valid_from": null,
        "valid_to": null,
        "provenance": {
          "osm_id": 24583335,
          "osm_type": "way",
          "source": "OPENSTREETMAP_OVERPASS",
          "tags_preserved": {
            "highway": "secondary",
            "name": "Ashoka Road"
          }
        },
        "osm_id": 24583335,
        "highway": "secondary",
        "ref": null,
        "surface": null,
        "classification": "secondary_collector",
        "traffic_density_rank": 3
      }
    },
    {
      "type": "Feature",
      "id": "geo_road_way_24583337",
      "geometry": {
        "type": "LineString",
        "coordinates": [
          [
            77.215806,
            28.621334
          ],
          [
            77.215712,
            28.621344
          ],
          [
            77.215625,
            28.621376
          ],
          [
            77.215551,
            28.621428
          ],
          [
            77.215513,
            28.621476
          ],
          [
            77.215497,
            28.621497
          ],
          [
            77.215467,
            28.621575
          ],
          [
            77.215461,
            28.621637
          ],
          [
            77.215469,
            28.621698
          ]
        ]
      },
      "properties": {
        "feature_id": "geo_road_way_24583337",
        "feature_type": "road",
        "name": "Rotary Number 2",
        "city_code": "DELHI",
        "geometry": {
          "type": "LineString",
          "coordinates": [
            [
              77.215806,
              28.621334
            ],
            [
              77.215712,
              28.621344
            ],
            [
              77.215625,
              28.621376
            ],
            [
              77.215551,
              28.621428
            ],
            [
              77.215513,
              28.621476
            ],
            [
              77.215497,
              28.621497
            ],
            [
              77.215467,
              28.621575
            ],
            [
              77.215461,
              28.621637
            ],
            [
              77.215469,
              28.621698
            ]
          ]
        },
        "properties": {
          "osm_id": 24583337,
          "highway": "secondary",
          "ref": null,
          "surface": "asphalt",
          "classification": "secondary_collector",
          "traffic_density_rank": 3
        },
        "source": "OPENSTREETMAP_OVERPASS",
        "license": "ODbL",
        "attribution": "? OpenStreetMap contributors",
        "valid_from": null,
        "valid_to": null,
        "provenance": {
          "osm_id": 24583337,
          "osm_type": "way",
          "source": "OPENSTREETMAP_OVERPASS",
          "tags_preserved": {
            "highway": "secondary",
            "name": "Rotary Number 2",
            "surface": "asphalt"
          }
        },
        "osm_id": 24583337,
        "highway": "secondary",
        "ref": null,
        "surface": "asphalt",
        "classification": "secondary_collector",
        "traffic_density_rank": 3
      }
    },
    {
      "type": "Feature",
      "id": "geo_road_way_24583339",
      "geometry": {
        "type": "LineString",
        "coordinates": [
          [
            77.216118,
            28.621531
          ],
          [
            77.216207,
            28.621445
          ],
          [
            77.216257,
            28.621417
          ],
          [
            77.216533,
            28.621265
          ],
          [
            77.216716,
            28.621153
          ],
          [
            77.216831,
            28.621087
          ],
          [
            77.216944,
            28.621022
          ],
          [
            77.21761,
            28.62064
          ],
          [
            77.218032,
            28.620398
          ],
          [
            77.218107,
            28.620376
          ],
          [
            77.218211,
            28.620345
          ],
          [
            77.218416,
            28.620328
          ],
          [
            77.218507,
            28.620336
          ]
        ]
      },
      "properties": {
        "feature_id": "geo_road_way_24583339",
        "feature_type": "road",
        "name": "Ashoka Road",
        "city_code": "DELHI",
        "geometry": {
          "type": "LineString",
          "coordinates": [
            [
              77.216118,
              28.621531
            ],
            [
              77.216207,
              28.621445
            ],
            [
              77.216257,
              28.621417
            ],
            [
              77.216533,
              28.621265
            ],
            [
              77.216716,
              28.621153
            ],
            [
              77.216831,
              28.621087
            ],
            [
              77.216944,
              28.621022
            ],
            [
              77.21761,
              28.62064
            ],
            [
              77.218032,
              28.620398
            ],
            [
              77.218107,
              28.620376
            ],
            [
              77.218211,
              28.620345
            ],
            [
              77.218416,
              28.620328
            ],
            [
              77.218507,
              28.620336
            ]
          ]
        },
        "properties": {
          "osm_id": 24583339,
          "highway": "secondary",
          "ref": null,
          "surface": "asphalt",
          "classification": "secondary_collector",
          "traffic_density_rank": 3
        },
        "source": "OPENSTREETMAP_OVERPASS",
        "license": "ODbL",
        "attribution": "? OpenStreetMap contributors",
        "valid_from": null,
        "valid_to": null,
        "provenance": {
          "osm_id": 24583339,
          "osm_type": "way",
          "source": "OPENSTREETMAP_OVERPASS",
          "tags_preserved": {
            "highway": "secondary",
            "name": "Ashoka Road",
            "surface": "asphalt"
          }
        },
        "osm_id": 24583339,
        "highway": "secondary",
        "ref": null,
        "surface": "asphalt",
        "classification": "secondary_collector",
        "traffic_density_rank": 3
      }
    },
    {
      "type": "Feature",
      "id": "geo_road_way_24583771",
      "geometry": {
        "type": "LineString",
        "coordinates": [
          [
            77.200417,
            28.623676
          ],
          [
            77.200375,
            28.623637
          ],
          [
            77.20031,
            28.623608
          ],
          [
            77.200231,
            28.623573
          ],
          [
            77.200101,
            28.623565
          ],
          [
            77.19999,
            28.62359
          ],
          [
            77.199823,
            28.62373
          ]
        ]
      },
      "properties": {
        "feature_id": "geo_road_way_24583771",
        "feature_type": "road",
        "name": "Rotary Number 49",
        "city_code": "DELHI",
        "geometry": {
          "type": "LineString",
          "coordinates": [
            [
              77.200417,
              28.623676
            ],
            [
              77.200375,
              28.623637
            ],
            [
              77.20031,
              28.623608
            ],
            [
              77.200231,
              28.623573
            ],
            [
              77.200101,
              28.623565
            ],
            [
              77.19999,
              28.62359
            ],
            [
              77.199823,
              28.62373
            ]
          ]
        },
        "properties": {
          "osm_id": 24583771,
          "highway": "secondary",
          "ref": "49",
          "surface": "asphalt",
          "classification": "secondary_collector",
          "traffic_density_rank": 3
        },
        "source": "OPENSTREETMAP_OVERPASS",
        "license": "ODbL",
        "attribution": "? OpenStreetMap contributors",
        "valid_from": null,
        "valid_to": null,
        "provenance": {
          "osm_id": 24583771,
          "osm_type": "way",
          "source": "OPENSTREETMAP_OVERPASS",
          "tags_preserved": {
            "highway": "secondary",
            "name": "Rotary Number 49",
            "ref": "49",
            "surface": "asphalt"
          }
        },
        "osm_id": 24583771,
        "highway": "secondary",
        "ref": "49",
        "surface": "asphalt",
        "classification": "secondary_collector",
        "traffic_density_rank": 3
      }
    },
    {
      "type": "Feature",
      "id": "geo_road_way_24583773",
      "geometry": {
        "type": "LineString",
        "coordinates": [
          [
            77.199823,
            28.62373
          ],
          [
            77.199685,
            28.623742
          ],
          [
            77.199576,
            28.623742
          ],
          [
            77.199389,
            28.623714
          ]
        ]
      },
      "properties": {
        "feature_id": "geo_road_way_24583773",
        "feature_type": "road",
        "name": "Mother Teresa Crescent",
        "city_code": "DELHI",
        "geometry": {
          "type": "LineString",
          "coordinates": [
            [
              77.199823,
              28.62373
            ],
            [
              77.199685,
              28.623742
            ],
            [
              77.199576,
              28.623742
            ],
            [
              77.199389,
              28.623714
            ]
          ]
        },
        "properties": {
          "osm_id": 24583773,
          "highway": "secondary",
          "ref": null,
          "surface": "asphalt",
          "classification": "secondary_collector",
          "traffic_density_rank": 3
        },
        "source": "OPENSTREETMAP_OVERPASS",
        "license": "ODbL",
        "attribution": "? OpenStreetMap contributors",
        "valid_from": null,
        "valid_to": null,
        "provenance": {
          "osm_id": 24583773,
          "osm_type": "way",
          "source": "OPENSTREETMAP_OVERPASS",
          "tags_preserved": {
            "highway": "secondary",
            "name": "Mother Teresa Crescent",
            "surface": "asphalt"
          }
        },
        "osm_id": 24583773,
        "highway": "secondary",
        "ref": null,
        "surface": "asphalt",
        "classification": "secondary_collector",
        "traffic_density_rank": 3
      }
    },
    {
      "type": "Feature",
      "id": "geo_road_way_24584396",
      "geometry": {
        "type": "LineString",
        "coordinates": [
          [
            77.200231,
            28.623573
          ],
          [
            77.200174,
            28.623413
          ],
          [
            77.200023,
            28.622985
          ]
        ]
      },
      "properties": {
        "feature_id": "geo_road_way_24584396",
        "feature_type": "road",
        "name": "North Avenue",
        "city_code": "DELHI",
        "geometry": {
          "type": "LineString",
          "coordinates": [
            [
              77.200231,
              28.623573
            ],
            [
              77.200174,
              28.623413
            ],
            [
              77.200023,
              28.622985
            ]
          ]
        },
        "properties": {
          "osm_id": 24584396,
          "highway": "secondary",
          "ref": null,
          "surface": null,
          "classification": "secondary_collector",
          "traffic_density_rank": 3
        },
        "source": "OPENSTREETMAP_OVERPASS",
        "license": "ODbL",
        "attribution": "? OpenStreetMap contributors",
        "valid_from": null,
        "valid_to": null,
        "provenance": {
          "osm_id": 24584396,
          "osm_type": "way",
          "source": "OPENSTREETMAP_OVERPASS",
          "tags_preserved": {
            "highway": "secondary",
            "name": "North Avenue"
          }
        },
        "osm_id": 24584396,
        "highway": "secondary",
        "ref": null,
        "surface": null,
        "classification": "secondary_collector",
        "traffic_density_rank": 3
      }
    },
    {
      "type": "Feature",
      "id": "geo_road_way_24584397",
      "geometry": {
        "type": "LineString",
        "coordinates": [
          [
            77.200023,
            28.622985
          ],
          [
            77.19999,
            28.62359
          ]
        ]
      },
      "properties": {
        "feature_id": "geo_road_way_24584397",
        "feature_type": "road",
        "name": "North Avenue",
        "city_code": "DELHI",
        "geometry": {
          "type": "LineString",
          "coordinates": [
            [
              77.200023,
              28.622985
            ],
            [
              77.19999,
              28.62359
            ]
          ]
        },
        "properties": {
          "osm_id": 24584397,
          "highway": "secondary",
          "ref": null,
          "surface": "asphalt",
          "classification": "secondary_collector",
          "traffic_density_rank": 3
        },
        "source": "OPENSTREETMAP_OVERPASS",
        "license": "ODbL",
        "attribution": "? OpenStreetMap contributors",
        "valid_from": null,
        "valid_to": null,
        "provenance": {
          "osm_id": 24584397,
          "osm_type": "way",
          "source": "OPENSTREETMAP_OVERPASS",
          "tags_preserved": {
            "highway": "secondary",
            "name": "North Avenue",
            "surface": "asphalt"
          }
        },
        "osm_id": 24584397,
        "highway": "secondary",
        "ref": null,
        "surface": "asphalt",
        "classification": "secondary_collector",
        "traffic_density_rank": 3
      }
    },
    {
      "type": "Feature",
      "id": "geo_road_way_24617971",
      "geometry": {
        "type": "LineString",
        "coordinates": [
          [
            77.192762,
            28.602463
          ],
          [
            77.19282,
            28.602514
          ],
          [
            77.192887,
            28.602556
          ],
          [
            77.19296,
            28.60259
          ],
          [
            77.193038,
            28.602612
          ],
          [
            77.193112,
            28.602624
          ],
          [
            77.193188,
            28.602625
          ],
          [
            77.193263,
            28.602618
          ],
          [
            77.193337,
            28.602601
          ],
          [
            77.193406,
            28.602575
          ],
          [
            77.193471,
            28.602541
          ],
          [
            77.19353,
            28.602499
          ],
          [
            77.193581,
            28.60245
          ]
        ]
      },
      "properties": {
        "feature_id": "geo_road_way_24617971",
        "feature_type": "road",
        "name": null,
        "city_code": "DELHI",
        "geometry": {
          "type": "LineString",
          "coordinates": [
            [
              77.192762,
              28.602463
            ],
            [
              77.19282,
              28.602514
            ],
            [
              77.192887,
              28.602556
            ],
            [
              77.19296,
              28.60259
            ],
            [
              77.193038,
              28.602612
            ],
            [
              77.193112,
              28.602624
            ],
            [
              77.193188,
              28.602625
            ],
            [
              77.193263,
              28.602618
            ],
            [
              77.193337,
              28.602601
            ],
            [
              77.193406,
              28.602575
            ],
            [
              77.193471,
              28.602541
            ],
            [
              77.19353,
              28.602499
            ],
            [
              77.193581,
              28.60245
            ]
          ]
        },
        "properties": {
          "osm_id": 24617971,
          "highway": "secondary",
          "ref": null,
          "surface": "asphalt",
          "classification": "secondary_collector",
          "traffic_density_rank": 3
        },
        "source": "OPENSTREETMAP_OVERPASS",
        "license": "ODbL",
        "attribution": "? OpenStreetMap contributors",
        "valid_from": null,
        "valid_to": null,
        "provenance": {
          "osm_id": 24617971,
          "osm_type": "way",
          "source": "OPENSTREETMAP_OVERPASS",
          "tags_preserved": {
            "highway": "secondary",
            "surface": "asphalt"
          }
        },
        "osm_id": 24617971,
        "highway": "secondary",
        "ref": null,
        "surface": "asphalt",
        "classification": "secondary_collector",
        "traffic_density_rank": 3
      }
    },
    {
      "type": "Feature",
      "id": "geo_road_way_24617983",
      "geometry": {
        "type": "LineString",
        "coordinates": [
          [
            77.199038,
            28.605091
          ],
          [
            77.199142,
            28.605048
          ],
          [
            77.19923,
            28.604984
          ],
          [
            77.199297,
            28.604903
          ],
          [
            77.199349,
            28.60476
          ],
          [
            77.199337,
            28.60461
          ],
          [
            77.199276,
            28.604492
          ],
          [
            77.199176,
            28.604397
          ],
          [
            77.199077,
            28.604346
          ],
          [
            77.198968,
            28.604319
          ],
          [
            77.198854,
            28.604317
          ],
          [
            77.198737,
            28.604341
          ],
          [
            77.198632,
            28.604392
          ],
          [
            77.198545,
            28.604464
          ]
        ]
      },
      "properties": {
        "feature_id": "geo_road_way_24617983",
        "feature_type": "road",
        "name": "Teen Murti Haifa Chowk",
        "city_code": "DELHI",
        "geometry": {
          "type": "LineString",
          "coordinates": [
            [
              77.199038,
              28.605091
            ],
            [
              77.199142,
              28.605048
            ],
            [
              77.19923,
              28.604984
            ],
            [
              77.199297,
              28.604903
            ],
            [
              77.199349,
              28.60476
            ],
            [
              77.199337,
              28.60461
            ],
            [
              77.199276,
              28.604492
            ],
            [
              77.199176,
              28.604397
            ],
            [
              77.199077,
              28.604346
            ],
            [
              77.198968,
              28.604319
            ],
            [
              77.198854,
              28.604317
            ],
            [
              77.198737,
              28.604341
            ],
            [
              77.198632,
              28.604392
            ],
            [
              77.198545,
              28.604464
            ]
          ]
        },
        "properties": {
          "osm_id": 24617983,
          "highway": "secondary",
          "ref": null,
          "surface": "asphalt",
          "classification": "secondary_collector",
          "traffic_density_rank": 3
        },
        "source": "OPENSTREETMAP_OVERPASS",
        "license": "ODbL",
        "attribution": "? OpenStreetMap contributors",
        "valid_from": null,
        "valid_to": null,
        "provenance": {
          "osm_id": 24617983,
          "osm_type": "way",
          "source": "OPENSTREETMAP_OVERPASS",
          "tags_preserved": {
            "highway": "secondary",
            "name": "Teen Murti Haifa Chowk",
            "surface": "asphalt"
          }
        },
        "osm_id": 24617983,
        "highway": "secondary",
        "ref": null,
        "surface": "asphalt",
        "classification": "secondary_collector",
        "traffic_density_rank": 3
      }
    },
    {
      "type": "Feature",
      "id": "geo_road_way_24617994",
      "geometry": {
        "type": "LineString",
        "coordinates": [
          [
            77.199337,
            28.60461
          ],
          [
            77.199363,
            28.604529
          ],
          [
            77.199405,
            28.604453
          ],
          [
            77.19949,
            28.6044
          ],
          [
            77.200021,
            28.60412
          ],
          [
            77.201023,
            28.603522
          ],
          [
            77.201479,
            28.603261
          ],
          [
            77.202357,
            28.602759
          ],
          [
            77.203316,
            28.602193
          ],
          [
            77.20417,
            28.601709
          ],
          [
            77.204474,
            28.60153
          ],
          [
            77.204505,
            28.601514
          ],
          [
            77.204598,
            28.601479
          ],
          [
            77.204656,
            28.601475
          ],
          [
            77.20472,
            28.601478
          ]
        ]
      },
      "properties": {
        "feature_id": "geo_road_way_24617994",
        "feature_type": "road",
        "name": "Teen Murti Marg",
        "city_code": "DELHI",
        "geometry": {
          "type": "LineString",
          "coordinates": [
            [
              77.199337,
              28.60461
            ],
            [
              77.199363,
              28.604529
            ],
            [
              77.199405,
              28.604453
            ],
            [
              77.19949,
              28.6044
            ],
            [
              77.200021,
              28.60412
            ],
            [
              77.201023,
              28.603522
            ],
            [
              77.201479,
              28.603261
            ],
            [
              77.202357,
              28.602759
            ],
            [
              77.203316,
              28.602193
            ],
            [
              77.20417,
              28.601709
            ],
            [
              77.204474,
              28.60153
            ],
            [
              77.204505,
              28.601514
            ],
            [
              77.204598,
              28.601479
            ],
            [
              77.204656,
              28.601475
            ],
            [
              77.20472,
              28.601478
            ]
          ]
        },
        "properties": {
          "osm_id": 24617994,
          "highway": "secondary",
          "ref": null,
          "surface": "asphalt",
          "classification": "secondary_collector",
          "traffic_density_rank": 3
        },
        "source": "OPENSTREETMAP_OVERPASS",
        "license": "ODbL",
        "attribution": "? OpenStreetMap contributors",
        "valid_from": null,
        "valid_to": null,
        "provenance": {
          "osm_id": 24617994,
          "osm_type": "way",
          "source": "OPENSTREETMAP_OVERPASS",
          "tags_preserved": {
            "highway": "secondary",
            "name": "Teen Murti Marg",
            "surface": "asphalt"
          }
        },
        "osm_id": 24617994,
        "highway": "secondary",
        "ref": null,
        "surface": "asphalt",
        "classification": "secondary_collector",
        "traffic_density_rank": 3
      }
    },
    {
      "type": "Feature",
      "id": "geo_road_way_24618002",
      "geometry": {
        "type": "LineString",
        "coordinates": [
          [
            77.205611,
            28.61051
          ],
          [
            77.205584,
            28.610509
          ],
          [
            77.205423,
            28.610551
          ],
          [
            77.205353,
            28.610594
          ],
          [
            77.205295,
            28.610649
          ],
          [
            77.205253,
            28.610714
          ],
          [
            77.205228,
            28.610785
          ],
          [
            77.205221,
            28.61086
          ],
          [
            77.205238,
            28.61095
          ],
          [
            77.205282,
            28.611032
          ],
          [
            77.205354,
            28.611101
          ],
          [
            77.205435,
            28.611152
          ],
          [
            77.205534,
            28.611182
          ],
          [
            77.205637,
            28.611187
          ],
          [
            77.205739,
            28.611168
          ],
          [
            77.205856,
            28.611123
          ],
          [
            77.205906,
            28.611063
          ],
          [
            77.20596,
            28.610986
          ],
          [
            77.205985,
            28.610918
          ],
          [
            77.205993,
            28.610846
          ],
          [
            77.205984,
            28.610775
          ],
          [
            77.205953,
            28.610698
          ],
          [
            77.205902,
            28.61063
          ],
          [
            77.205835,
            28.610575
          ],
          [
            77.20578,
            28.610546
          ],
          [
            77.205719,
            28.610525
          ],
          [
            77.205611,
            28.61051
          ]
        ]
      },
      "properties": {
        "feature_id": "geo_road_way_24618002",
        "feature_type": "road",
        "name": null,
        "city_code": "DELHI",
        "geometry": {
          "type": "LineString",
          "coordinates": [
            [
              77.205611,
              28.61051
            ],
            [
              77.205584,
              28.610509
            ],
            [
              77.205423,
              28.610551
            ],
            [
              77.205353,
              28.610594
            ],
            [
              77.205295,
              28.610649
            ],
            [
              77.205253,
              28.610714
            ],
            [
              77.205228,
              28.610785
            ],
            [
              77.205221,
              28.61086
            ],
            [
              77.205238,
              28.61095
            ],
            [
              77.205282,
              28.611032
            ],
            [
              77.205354,
              28.611101
            ],
            [
              77.205435,
              28.611152
            ],
            [
              77.205534,
              28.611182
            ],
            [
              77.205637,
              28.611187
            ],
            [
              77.205739,
              28.611168
            ],
            [
              77.205856,
              28.611123
            ],
            [
              77.205906,
              28.611063
            ],
            [
              77.20596,
              28.610986
            ],
            [
              77.205985,
              28.610918
            ],
            [
              77.205993,
              28.610846
            ],
            [
              77.205984,
              28.610775
            ],
            [
              77.205953,
              28.610698
            ],
            [
              77.205902,
              28.61063
            ],
            [
              77.205835,
              28.610575
            ],
            [
              77.20578,
              28.610546
            ],
            [
              77.205719,
              28.610525
            ],
            [
              77.205611,
              28.61051
            ]
          ]
        },
        "properties": {
          "osm_id": 24618002,
          "highway": "secondary",
          "ref": null,
          "surface": null,
          "classification": "secondary_collector",
          "traffic_density_rank": 3
        },
        "source": "OPENSTREETMAP_OVERPASS",
        "license": "ODbL",
        "attribution": "? OpenStreetMap contributors",
        "valid_from": null,
        "valid_to": null,
        "provenance": {
          "osm_id": 24618002,
          "osm_type": "way",
          "source": "OPENSTREETMAP_OVERPASS",
          "tags_preserved": {
            "highway": "secondary"
          }
        },
        "osm_id": 24618002,
        "highway": "secondary",
        "ref": null,
        "surface": null,
        "classification": "secondary_collector",
        "traffic_density_rank": 3
      }
    },
    {
      "type": "Feature",
      "id": "geo_road_way_27422249",
      "geometry": {
        "type": "LineString",
        "coordinates": [
          [
            77.205387,
            28.606452
          ],
          [
            77.205359,
            28.606059
          ],
          [
            77.205326,
            28.605477
          ],
          [
            77.205318,
            28.605346
          ],
          [
            77.205302,
            28.60501
          ],
          [
            77.205177,
            28.602988
          ],
          [
            77.205168,
            28.602828
          ],
          [
            77.205118,
            28.602059
          ],
          [
            77.205102,
            28.601791
          ],
          [
            77.2051,
            28.601658
          ],
          [
            77.205113,
            28.601613
          ],
          [
            77.205145,
            28.601559
          ]
        ]
      },
      "properties": {
        "feature_id": "geo_road_way_27422249",
        "feature_type": "road",
        "name": "Rajaji Marg",
        "city_code": "DELHI",
        "geometry": {
          "type": "LineString",
          "coordinates": [
            [
              77.205387,
              28.606452
            ],
            [
              77.205359,
              28.606059
            ],
            [
              77.205326,
              28.605477
            ],
            [
              77.205318,
              28.605346
            ],
            [
              77.205302,
              28.60501
            ],
            [
              77.205177,
              28.602988
            ],
            [
              77.205168,
              28.602828
            ],
            [
              77.205118,
              28.602059
            ],
            [
              77.205102,
              28.601791
            ],
            [
              77.2051,
              28.601658
            ],
            [
              77.205113,
              28.601613
            ],
            [
              77.205145,
              28.601559
            ]
          ]
        },
        "properties": {
          "osm_id": 27422249,
          "highway": "secondary",
          "ref": null,
          "surface": "asphalt",
          "classification": "secondary_collector",
          "traffic_density_rank": 3
        },
        "source": "OPENSTREETMAP_OVERPASS",
        "license": "ODbL",
        "attribution": "? OpenStreetMap contributors",
        "valid_from": null,
        "valid_to": null,
        "provenance": {
          "osm_id": 27422249,
          "osm_type": "way",
          "source": "OPENSTREETMAP_OVERPASS",
          "tags_preserved": {
            "highway": "secondary",
            "name": "Rajaji Marg",
            "surface": "asphalt"
          }
        },
        "osm_id": 27422249,
        "highway": "secondary",
        "ref": null,
        "surface": "asphalt",
        "classification": "secondary_collector",
        "traffic_density_rank": 3
      }
    },
    {
      "type": "Feature",
      "id": "geo_road_way_27422252",
      "geometry": {
        "type": "LineString",
        "coordinates": [
          [
            77.205418,
            28.60104
          ],
          [
            77.205303,
            28.600895
          ],
          [
            77.205247,
            28.600862
          ],
          [
            77.205066,
            28.600804
          ],
          [
            77.204993,
            28.600803
          ],
          [
            77.204878,
            28.60082
          ],
          [
            77.204776,
            28.600861
          ],
          [
            77.20469,
            28.600924
          ],
          [
            77.20462,
            28.60101
          ],
          [
            77.204579,
            28.601109
          ],
          [
            77.204571,
            28.601215
          ],
          [
            77.204595,
            28.601318
          ],
          [
            77.204635,
            28.601392
          ],
          [
            77.204692,
            28.601458
          ],
          [
            77.20472,
            28.601478
          ],
          [
            77.204839,
            28.601546
          ],
          [
            77.20492,
            28.601569
          ],
          [
            77.205033,
            28.601577
          ],
          [
            77.205145,
            28.601559
          ],
          [
            77.205247,
            28.601517
          ],
          [
            77.205343,
            28.601445
          ],
          [
            77.205347,
            28.60144
          ],
          [
            77.205411,
            28.601353
          ],
          [
            77.205448,
            28.601247
          ],
          [
            77.205449,
            28.601142
          ],
          [
            77.205418,
            28.60104
          ]
        ]
      },
      "properties": {
        "feature_id": "geo_road_way_27422252",
        "feature_type": "road",
        "name": null,
        "city_code": "DELHI",
        "geometry": {
          "type": "LineString",
          "coordinates": [
            [
              77.205418,
              28.60104
            ],
            [
              77.205303,
              28.600895
            ],
            [
              77.205247,
              28.600862
            ],
            [
              77.205066,
              28.600804
            ],
            [
              77.204993,
              28.600803
            ],
            [
              77.204878,
              28.60082
            ],
            [
              77.204776,
              28.600861
            ],
            [
              77.20469,
              28.600924
            ],
            [
              77.20462,
              28.60101
            ],
            [
              77.204579,
              28.601109
            ],
            [
              77.204571,
              28.601215
            ],
            [
              77.204595,
              28.601318
            ],
            [
              77.204635,
              28.601392
            ],
            [
              77.204692,
              28.601458
            ],
            [
              77.20472,
              28.601478
            ],
            [
              77.204839,
              28.601546
            ],
            [
              77.20492,
              28.601569
            ],
            [
              77.205033,
              28.601577
            ],
            [
              77.205145,
              28.601559
            ],
            [
              77.205247,
              28.601517
            ],
            [
              77.205343,
              28.601445
            ],
            [
              77.205347,
              28.60144
            ],
            [
              77.205411,
              28.601353
            ],
            [
              77.205448,
              28.601247
            ],
            [
              77.205449,
              28.601142
            ],
            [
              77.205418,
              28.60104
            ]
          ]
        },
        "properties": {
          "osm_id": 27422252,
          "highway": "secondary",
          "ref": null,
          "surface": null,
          "classification": "secondary_collector",
          "traffic_density_rank": 3
        },
        "source": "OPENSTREETMAP_OVERPASS",
        "license": "ODbL",
        "attribution": "? OpenStreetMap contributors",
        "valid_from": null,
        "valid_to": null,
        "provenance": {
          "osm_id": 27422252,
          "osm_type": "way",
          "source": "OPENSTREETMAP_OVERPASS",
          "tags_preserved": {
            "highway": "secondary"
          }
        },
        "osm_id": 27422252,
        "highway": "secondary",
        "ref": null,
        "surface": null,
        "classification": "secondary_collector",
        "traffic_density_rank": 3
      }
    },
    {
      "type": "Feature",
      "id": "geo_road_way_27422253",
      "geometry": {
        "type": "LineString",
        "coordinates": [
          [
            77.205878,
            28.607676
          ],
          [
            77.205883,
            28.607604
          ],
          [
            77.205873,
            28.607533
          ],
          [
            77.205849,
            28.607464
          ],
          [
            77.205811,
            28.6074
          ],
          [
            77.20576,
            28.607343
          ],
          [
            77.205699,
            28.607296
          ],
          [
            77.205629,
            28.607259
          ],
          [
            77.205552,
            28.607233
          ],
          [
            77.205518,
            28.607228
          ],
          [
            77.205471,
            28.607221
          ],
          [
            77.205389,
            28.607221
          ],
          [
            77.205298,
            28.607237
          ],
          [
            77.205212,
            28.607269
          ],
          [
            77.205136,
            28.607316
          ],
          [
            77.205072,
            28.607376
          ],
          [
            77.205024,
            28.607445
          ],
          [
            77.204993,
            28.607522
          ],
          [
            77.204981,
            28.607603
          ],
          [
            77.204988,
            28.607685
          ],
          [
            77.204996,
            28.607727
          ]
        ]
      },
      "properties": {
        "feature_id": "geo_road_way_27422253",
        "feature_type": "road",
        "name": "Rotary Number 32",
        "city_code": "DELHI",
        "geometry": {
          "type": "LineString",
          "coordinates": [
            [
              77.205878,
              28.607676
            ],
            [
              77.205883,
              28.607604
            ],
            [
              77.205873,
              28.607533
            ],
            [
              77.205849,
              28.607464
            ],
            [
              77.205811,
              28.6074
            ],
            [
              77.20576,
              28.607343
            ],
            [
              77.205699,
              28.607296
            ],
            [
              77.205629,
              28.607259
            ],
            [
              77.205552,
              28.607233
            ],
            [
              77.205518,
              28.607228
            ],
            [
              77.205471,
              28.607221
            ],
            [
              77.205389,
              28.607221
            ],
            [
              77.205298,
              28.607237
            ],
            [
              77.205212,
              28.607269
            ],
            [
              77.205136,
              28.607316
            ],
            [
              77.205072,
              28.607376
            ],
            [
              77.205024,
              28.607445
            ],
            [
              77.204993,
              28.607522
            ],
            [
              77.204981,
              28.607603
            ],
            [
              77.204988,
              28.607685
            ],
            [
              77.204996,
              28.607727
            ]
          ]
        },
        "properties": {
          "osm_id": 27422253,
          "highway": "secondary",
          "ref": null,
          "surface": null,
          "classification": "secondary_collector",
          "traffic_density_rank": 3
        },
        "source": "OPENSTREETMAP_OVERPASS",
        "license": "ODbL",
        "attribution": "? OpenStreetMap contributors",
        "valid_from": null,
        "valid_to": null,
        "provenance": {
          "osm_id": 27422253,
          "osm_type": "way",
          "source": "OPENSTREETMAP_OVERPASS",
          "tags_preserved": {
            "highway": "secondary",
            "name": "Rotary Number 32"
          }
        },
        "osm_id": 27422253,
        "highway": "secondary",
        "ref": null,
        "surface": null,
        "classification": "secondary_collector",
        "traffic_density_rank": 3
      }
    },
    {
      "type": "Feature",
      "id": "geo_road_way_28121207",
      "geometry": {
        "type": "LineString",
        "coordinates": [
          [
            77.217769,
            28.600194
          ],
          [
            77.217648,
            28.600182
          ],
          [
            77.217528,
            28.600198
          ],
          [
            77.217417,
            28.600242
          ],
          [
            77.217324,
            28.600311
          ],
          [
            77.217271,
            28.600374
          ],
          [
            77.217234,
            28.600444
          ],
          [
            77.21721,
            28.600539
          ],
          [
            77.217214,
            28.600637
          ],
          [
            77.217221,
            28.600668
          ],
          [
            77.217258,
            28.600755
          ],
          [
            77.217318,
            28.600832
          ],
          [
            77.217396,
            28.600895
          ],
          [
            77.217479,
            28.600936
          ],
          [
            77.21757,
            28.60096
          ]
        ]
      },
      "properties": {
        "feature_id": "geo_road_way_28121207",
        "feature_type": "road",
        "name": "rotary no 11",
        "city_code": "DELHI",
        "geometry": {
          "type": "LineString",
          "coordinates": [
            [
              77.217769,
              28.600194
            ],
            [
              77.217648,
              28.600182
            ],
            [
              77.217528,
              28.600198
            ],
            [
              77.217417,
              28.600242
            ],
            [
              77.217324,
              28.600311
            ],
            [
              77.217271,
              28.600374
            ],
            [
              77.217234,
              28.600444
            ],
            [
              77.21721,
              28.600539
            ],
            [
              77.217214,
              28.600637
            ],
            [
              77.217221,
              28.600668
            ],
            [
              77.217258,
              28.600755
            ],
            [
              77.217318,
              28.600832
            ],
            [
              77.217396,
              28.600895
            ],
            [
              77.217479,
              28.600936
            ],
            [
              77.21757,
              28.60096
            ]
          ]
        },
        "properties": {
          "osm_id": 28121207,
          "highway": "secondary",
          "ref": null,
          "surface": "asphalt",
          "classification": "secondary_collector",
          "traffic_density_rank": 3
        },
        "source": "OPENSTREETMAP_OVERPASS",
        "license": "ODbL",
        "attribution": "? OpenStreetMap contributors",
        "valid_from": null,
        "valid_to": null,
        "provenance": {
          "osm_id": 28121207,
          "osm_type": "way",
          "source": "OPENSTREETMAP_OVERPASS",
          "tags_preserved": {
            "highway": "secondary",
            "name": "rotary no 11",
            "surface": "asphalt"
          }
        },
        "osm_id": 28121207,
        "highway": "secondary",
        "ref": null,
        "surface": "asphalt",
        "classification": "secondary_collector",
        "traffic_density_rank": 3
      }
    },
    {
      "type": "Feature",
      "id": "geo_road_way_28121215",
      "geometry": {
        "type": "LineString",
        "coordinates": [
          [
            77.217324,
            28.600311
          ],
          [
            77.217059,
            28.600238
          ]
        ]
      },
      "properties": {
        "feature_id": "geo_road_way_28121215",
        "feature_type": "road",
        "name": "Doctor A.P.J. Abdul Kalam Marg",
        "city_code": "DELHI",
        "geometry": {
          "type": "LineString",
          "coordinates": [
            [
              77.217324,
              28.600311
            ],
            [
              77.217059,
              28.600238
            ]
          ]
        },
        "properties": {
          "osm_id": 28121215,
          "highway": "secondary",
          "ref": null,
          "surface": "asphalt",
          "classification": "secondary_collector",
          "traffic_density_rank": 3
        },
        "source": "OPENSTREETMAP_OVERPASS",
        "license": "ODbL",
        "attribution": "? OpenStreetMap contributors",
        "valid_from": null,
        "valid_to": null,
        "provenance": {
          "osm_id": 28121215,
          "osm_type": "way",
          "source": "OPENSTREETMAP_OVERPASS",
          "tags_preserved": {
            "highway": "secondary",
            "name": "Doctor A.P.J. Abdul Kalam Marg",
            "surface": "asphalt"
          }
        },
        "osm_id": 28121215,
        "highway": "secondary",
        "ref": null,
        "surface": "asphalt",
        "classification": "secondary_collector",
        "traffic_density_rank": 3
      }
    },
    {
      "type": "Feature",
      "id": "geo_road_way_28121266",
      "geometry": {
        "type": "LineString",
        "coordinates": [
          [
            77.211402,
            28.603728
          ],
          [
            77.21134,
            28.603752
          ],
          [
            77.211284,
            28.603784
          ],
          [
            77.211234,
            28.603824
          ],
          [
            77.211213,
            28.603848
          ],
          [
            77.211192,
            28.60387
          ],
          [
            77.211146,
            28.603948
          ],
          [
            77.211123,
            28.604033
          ],
          [
            77.21112,
            28.604092
          ],
          [
            77.211127,
            28.60415
          ],
          [
            77.211145,
            28.604206
          ],
          [
            77.211173,
            28.60426
          ],
          [
            77.211209,
            28.604308
          ],
          [
            77.211228,
            28.604328
          ]
        ]
      },
      "properties": {
        "feature_id": "geo_road_way_28121266",
        "feature_type": "road",
        "name": null,
        "city_code": "DELHI",
        "geometry": {
          "type": "LineString",
          "coordinates": [
            [
              77.211402,
              28.603728
            ],
            [
              77.21134,
              28.603752
            ],
            [
              77.211284,
              28.603784
            ],
            [
              77.211234,
              28.603824
            ],
            [
              77.211213,
              28.603848
            ],
            [
              77.211192,
              28.60387
            ],
            [
              77.211146,
              28.603948
            ],
            [
              77.211123,
              28.604033
            ],
            [
              77.21112,
              28.604092
            ],
            [
              77.211127,
              28.60415
            ],
            [
              77.211145,
              28.604206
            ],
            [
              77.211173,
              28.60426
            ],
            [
              77.211209,
              28.604308
            ],
            [
              77.211228,
              28.604328
            ]
          ]
        },
        "properties": {
          "osm_id": 28121266,
          "highway": "secondary",
          "ref": null,
          "surface": "asphalt",
          "classification": "secondary_collector",
          "traffic_density_rank": 3
        },
        "source": "OPENSTREETMAP_OVERPASS",
        "license": "ODbL",
        "attribution": "? OpenStreetMap contributors",
        "valid_from": null,
        "valid_to": null,
        "provenance": {
          "osm_id": 28121266,
          "osm_type": "way",
          "source": "OPENSTREETMAP_OVERPASS",
          "tags_preserved": {
            "highway": "secondary",
            "surface": "asphalt"
          }
        },
        "osm_id": 28121266,
        "highway": "secondary",
        "ref": null,
        "surface": "asphalt",
        "classification": "secondary_collector",
        "traffic_density_rank": 3
      }
    },
    {
      "type": "Feature",
      "id": "geo_road_way_28121291",
      "geometry": {
        "type": "LineString",
        "coordinates": [
          [
            77.211807,
            28.604371
          ],
          [
            77.212084,
            28.604397
          ],
          [
            77.212249,
            28.604444
          ],
          [
            77.213048,
            28.604805
          ],
          [
            77.213901,
            28.605184
          ],
          [
            77.214794,
            28.605582
          ],
          [
            77.215819,
            28.606055
          ],
          [
            77.21683,
            28.606496
          ],
          [
            77.216884,
            28.606518
          ],
          [
            77.217076,
            28.6066
          ],
          [
            77.217133,
            28.606625
          ],
          [
            77.217205,
            28.606698
          ],
          [
            77.217217,
            28.606753
          ],
          [
            77.217247,
            28.6068
          ]
        ]
      },
      "properties": {
        "feature_id": "geo_road_way_28121291",
        "feature_type": "road",
        "name": "Akbar Road",
        "city_code": "DELHI",
        "geometry": {
          "type": "LineString",
          "coordinates": [
            [
              77.211807,
              28.604371
            ],
            [
              77.212084,
              28.604397
            ],
            [
              77.212249,
              28.604444
            ],
            [
              77.213048,
              28.604805
            ],
            [
              77.213901,
              28.605184
            ],
            [
              77.214794,
              28.605582
            ],
            [
              77.215819,
              28.606055
            ],
            [
              77.21683,
              28.606496
            ],
            [
              77.216884,
              28.606518
            ],
            [
              77.217076,
              28.6066
            ],
            [
              77.217133,
              28.606625
            ],
            [
              77.217205,
              28.606698
            ],
            [
              77.217217,
              28.606753
            ],
            [
              77.217247,
              28.6068
            ]
          ]
        },
        "properties": {
          "osm_id": 28121291,
          "highway": "secondary",
          "ref": null,
          "surface": "asphalt",
          "classification": "secondary_collector",
          "traffic_density_rank": 3
        },
        "source": "OPENSTREETMAP_OVERPASS",
        "license": "ODbL",
        "attribution": "? OpenStreetMap contributors",
        "valid_from": null,
        "valid_to": null,
        "provenance": {
          "osm_id": 28121291,
          "osm_type": "way",
          "source": "OPENSTREETMAP_OVERPASS",
          "tags_preserved": {
            "highway": "secondary",
            "name": "Akbar Road",
            "surface": "asphalt"
          }
        },
        "osm_id": 28121291,
        "highway": "secondary",
        "ref": null,
        "surface": "asphalt",
        "classification": "secondary_collector",
        "traffic_density_rank": 3
      }
    }
  ],
  "metadata": {
    "source": "OPENSTREETMAP_OVERPASS",
    "retrieval_timestamp": "2026-09-13T18:58:37.021968+00:00",
    "crs": "EPSG:4326",
    "geometry_types": [
      "LineString",
      "Point",
      "Polygon"
    ],
    "feature_count": 125,
    "bounding_box": {
      "lat_min": 28.596662,
      "lat_max": 28.717637,
      "lon_min": 77.077616,
      "lon_max": 77.224698
    },
    "normalization_version": "1.0.0",
    "license": "ODbL",
    "attribution": "? OpenStreetMap contributors",
    "query_filter": "[out:json][timeout:25];\n(\n  way[\"highway\"=\"trunk\"](28.6000,77.0800,28.7200,77.2200);\n  way[\"highway\"=\"primary\"](28.6000,77.0800,28.7200,77.2200);\n  way[\"highway\"=\"secondary\"](28.6000,77.0800,28.7200,7"
  }
}